record_id,title,artist,genre_found,source_type,source_url,source_title,source_artist,match_score,confidence,evidence,status,zing_id,zing_url,youtube_url,genre_search_dc,genre_source,genre_status,genre_confidence
song_7016b77714dd4cb5,05 (Không Phai) (Masew Remix),Tăng Duy Tân,Dance,apple_music_search,https://music.apple.com/vn/album/05-kh%C3%B4ng-phai-masew-remix/1786337063?i=1786337180&uo=4,05 (Không Phai) [Masew Remix],"Tăng Duy Tân, T.R.I, Phong Max & Masew",0.857,low,primaryGenreName=Dance; title_score=1.000; artist_score=0.522,found_needs_review,,,https://www.youtube.com/watch?v=pS_p-MEODS4,edm việt|pop,zingmp3|apple_music,DIFFERENT,HIGH
song_cc8be6f5e0c500bb,1nG - Thời Giờ | Prod. @kayteelibrae  (Official MV),1nG,V-Pop,zingmp3_title_artist_search,https://zingmp3.vn/bai-hat/Thoi-Gio-1nG-KayTee/BrP1p3qpjdsC.html,Thời Giờ,"1nG, KayTee",0.865,low,"[{""id"":""el0RHYY9aI0v"",""name"":""Việt Nam"",""title"":""Việt Nam"",""alias"":""viet-nam"",""link"":""/the-loai-album/Viet-Nam/el0RHYY9aI0v.html""},{""id"":""iawjijA80yVd"",""name"":""V-Pop"",""title"":""V-Pop"",""alias"":""v-pop"",""link"":""/the-loai-album/V-Pop/iawjijA80yVd.html""}]; title_score=1.000; artist_score=0.462",found_needs_review,,,https://www.youtube.com/watch?v=aIFXVLaYdmg,alternative,shazam,DIFFERENT,LOW
song_d54777b225b687dc,24H | OFFICIAL MUSIC VIDEO |  LYLY ft MAGAZINE,LyLy Official,Rap Việt,youtube_description,https://www.youtube.com/watch?v=IpniN1Wq68Y,24H | OFFICIAL MUSIC VIDEO |  LYLY ft MAGAZINE,LyLy Official,1.0,medium,#lylymv24h #mv24h #24hofficial #24hmusicvideo #lylyofficial #24hlyly #lylymv #lylycover #24magazine #rap Các bạn đăng ký kênh và bấm chuông để nhận thông báo video mới của Ly Ly nhé! Click for subscribe: https://popsww.com/lylyofficial ---- ☆ Vui lòng không reupload video của Ly Ly ☆ Mọi vấn đề liên quan đến bản quy,found_needs_review,,,https://www.youtube.com/watch?v=IpniN1Wq68Y,pop|v-pop,apple_music|zingmp3,DIFFERENT,HIGH
song_02fda9083be70a7e,3 Doors Down - Here Without You (Official Music Video),3doorsdown,Âu Mỹ | Pop,zingmp3_title_artist_search,https://zingmp3.vn/bai-hat/Here-Without-You-3-Doors-Down/ObQKmXRsz1VU.html,Here Without You,3 Doors Down,0.977,medium,"[{""id"":""q3564DMx4CZN"",""name"":""Âu Mỹ"",""title"":""Âu Mỹ"",""alias"":""au-my"",""link"":""/the-loai-album/Au-My/q3564DMx4CZN.html""},{""id"":""a72TM8ldqZjJ"",""name"":""Pop"",""title"":""Pop"",""alias"":""pop"",""link"":""/the-loai-album/Pop/a72TM8ldqZjJ.html""}]; title_score=1.000; artist_score=0.909",found_needs_review,,,https://www.youtube.com/watch?v=kPBzTxZQG5Q,rock,apple_music,DIFFERENT,HIGH
song_9e8734f22470b025,"3107 4 (feat. Erik, Nâu)",W/n,Pop,apple_music_search,https://music.apple.com/vn/album/3107-4-feat-erik-n%C3%A2u/1636837635?i=1636838045&uo=4,"3107 4 (feat. Erik, Nâu)",W/N,1.0,medium,primaryGenreName=Pop; title_score=1.000; artist_score=1.000,found_needs_review,,,https://www.youtube.com/watch?v=CT2PYtRe1SQ,rock|hard rock|v-pop,discogs|zingmp3,DIFFERENT,HIGH
song_9453f7df25340372,365 DABAND- HAI CÔ TIÊN ( DANCE VERSION)[OFFICIAL],Studio68,Nhạc Phim,youtube_description,https://www.youtube.com/watch?v=3yKlZzMQMj8,365 DABAND- HAI CÔ TIÊN ( DANCE VERSION)[OFFICIAL],Studio68,1.0,medium,OST phim 'Ngày nảy ngày Nay' - Dự kiến khởi chiếu 06.02.2015 HAI CÔ TIÊN REMIX (ft. Clownd Hoàng) Executive Producer NGÔ THANH VÂN TRẦN NGUYỄN THẢO NGUYỄN Producer ISAAC 365DABAND Line p,found_needs_review,,,https://www.youtube.com/watch?v=3yKlZzMQMj8,pop,apple_music,DIFFERENT,HIGH
song_43d85550b88dfb25,365DABAND - BỐNG BỐNG BANG BANG | OFFICIAL MV (TẤM CÁM: CHUYỆN CHƯA KỂ OST),Studio68,Nhạc Phim,youtube_description,https://www.youtube.com/watch?v=BwN3NiZt-PU,365DABAND - BỐNG BỐNG BANG BANG | OFFICIAL MV (TẤM CÁM: CHUYỆN CHƯA KỂ OST),Studio68,1.0,medium,"BỐNG BỐNG BANG BANG (TẤM CÁM: CHUYỆN CHƯA KỂ OST) Executive Producers: NGÔ THANH VÂN - TRẦN NGUYỄN THẢO NGUYÊN Producer: GIANG HỒ Co – Producer: HUYỀN HUỲNH Composer: ONLY C Mixed By: NGUYỄN PHÚC THIỆN , ONLY C Director: KHƯƠNG VŨ D.O.P: TINO NGUYỄN Camera man: LE",found_needs_review,,,https://www.youtube.com/watch?v=BwN3NiZt-PU,v-pop,zingmp3,DIFFERENT,HIGH
song_d49de813d86beb40,7dnight - Cơm Áo Gạo Tiền (Official Video),7dnight,Rap Việt,youtube_description,https://www.youtube.com/watch?v=0HeFKcZzvr0,7dnight - Cơm Áo Gạo Tiền (Official Video),7dnight,1.0,medium,bọn mày sợ cái chó gì vứt đi đống tiêu cực đó sang 1 bên bắt tay vào làm thì có khó gì là một thằng hiphop thì phải có tinh thần của 1 thằng real shjttt đứng dậy - sau khi vấp ngã - điều đầu tiên bọn mày phải tích - góp muốn là kích chốt - bọn tao muốn - là kích chốt okay x5 outro : bây có thể vào đời bằng 2 bàn tay,found_needs_review,,,https://www.youtube.com/watch?v=0HeFKcZzvr0,rap,apple_music,DIFFERENT,HIGH
song_0bfeee343df44cb3,AC/DC - Back In Black (Official 4K Video),AC/DC,Rock Việt,youtube_description,https://www.youtube.com/watch?v=pAgnJDJN4VA,AC/DC - Back In Black (Official 4K Video),AC/DC,1.0,medium,"es I'm back Well, I'm back, back Well, I'm back in black Yes, I'm back in black #ACDC #BackInBlack #Rock #HD #Remastered",found_needs_review,,,https://www.youtube.com/watch?v=pAgnJDJN4VA,hard rock,apple_music,DIFFERENT,HIGH
song_72f58d8ba213fe2c,AC/DC - Hells Bells (Official 4K Video),AC/DC,Rock Việt,youtube_description,https://www.youtube.com/watch?v=etAIpkdhU9Q,AC/DC - Hells Bells (Official 4K Video),AC/DC,1.0,medium,got me ringing Hell's bells My temperature's high Hell's bells #ACDC #HellsBells #OfficialHDVideo #Rock,found_needs_review,,,https://www.youtube.com/watch?v=etAIpkdhU9Q,hard rock,apple_music,DIFFERENT,HIGH
song_67b37c3e2d14ce36,AC/DC - Highway to Hell (Official Video),AC/DC,Rock Việt,youtube_description,https://www.youtube.com/watch?v=l482T0yNkeo,AC/DC - Highway to Hell (Official Video),AC/DC,1.0,medium,ighway to hell Highway to hell I'm on the highway to hell #ACDC #HighwaytoHell #OfficialMusicVideo #Rock,found_needs_review,,,https://www.youtube.com/watch?v=l482T0yNkeo,hard rock|rock,apple_music|discogs,DIFFERENT,HIGH
song_ea221f587ad41bc1,AC/DC - Thunderstruck (Official Video),AC/DC,Rock Việt,youtube_description,https://www.youtube.com/watch?v=v2AC41dglnM,AC/DC - Thunderstruck (Official Video),AC/DC,1.0,medium,"rstruck Thunderstruck, thunderstruck You've been thunderstruck #ACDC #Thunderstruck #TheRazorsEdge #Rock #HD #Remastered",found_needs_review,,,https://www.youtube.com/watch?v=v2AC41dglnM,hard rock|rock|blues rock,apple_music|discogs,DIFFERENT,HIGH
song_00ced80a86c12df1,AC/DC - You Shook Me All Night Long (Official 4K Video),AC/DC,Rock Việt,youtube_description,https://www.youtube.com/watch?v=Lo2qQmj0_h4,AC/DC - You Shook Me All Night Long (Official 4K Video),AC/DC,1.0,medium,"s: And you shook me all night long Yeah, you shook me all night long #ACDC #YouShookMeAllNightLong #Rock #HD #Remastered",found_needs_review,,,https://www.youtube.com/watch?v=Lo2qQmj0_h4,hard rock,apple_music,DIFFERENT,HIGH
song_bf89718ac53cb300,Ai Hay Chữ Ngờ,Lam Chan Khang,V-Pop,zingmp3_title_artist_search,https://zingmp3.vn/bai-hat/Ai-Hay-Chu-Ngo-Chi-Thanh-Danh/fthsLEekxTEQ.html,Ai Hay Chữ Ngờ,Chí Thành Danh,0.875,low,"[{""id"":""el0RHYY9aI0v"",""name"":""Việt Nam"",""title"":""Việt Nam"",""alias"":""viet-nam"",""link"":""/the-loai-album/Viet-Nam/el0RHYY9aI0v.html""},{""id"":""iawjijA80yVd"",""name"":""V-Pop"",""title"":""V-Pop"",""alias"":""v-pop"",""link"":""/the-loai-album/V-Pop/iawjijA80yVd.html""}]; title_score=1.000; artist_score=0.500",found_needs_review,ZWZFI6IA,https://zingmp3.vn/bai-hat/Ai-Hay-Chu-Ngo-Lam-Chan-Khang/ZWZFI6IA.html,,pop,apple_music,DIFFERENT,HIGH
song_0b130827476079c9,Ai Khổ Vì Ai - Phương Anh (Official 4K MV),Phương Anh Bolero,Bolero,youtube_description,https://www.youtube.com/watch?v=ylgt4AIwvgM,Ai Khổ Vì Ai - Phương Anh (Official 4K MV),Phương Anh Bolero,1.0,medium,rồi sao nỡ làm khổ nhau. ───────────────────── ➥Đây là kênh Youtube chính thức của ca sĩ Phương Anh Bolero. ➥Đừng quên đăng ký kênh để cập nhật những sản phẩm mới nhất nhé! ➥Đăng ký theo dõi kênh miễn phí tại: http://popsww.com/phuonganhbolero ───────────────────── ⏩ MV MỚI NHẤT: http://bit.ly/MvMoiNhatPhuongAnh ⏩ HÔM,found_needs_review,,,https://www.youtube.com/watch?v=ylgt4AIwvgM,traditional folk|trữ tình,apple_music|zingmp3,DIFFERENT,HIGH
song_9b0bc68649657b57,Alaska,Nina Young - Topic,Hàn Quốc,zingmp3_title_artist_search,https://zingmp3.vn/bai-hat/Alaska-Young-Oh/G2YARZvsONQT.html,Alaska,Young Oh,0.896,medium,"[{""id"":""XwxeLj1drHUZ"",""name"":""Hàn Quốc"",""title"":""Hàn Quốc"",""alias"":""han-quoc"",""link"":""/the-loai-album/Han-Quoc/XwxeLj1drHUZ.html""}]; title_score=1.000; artist_score=0.583",found_needs_review,,,https://www.youtube.com/watch?v=MWVgri0yimw,folk|world|country|dance|new age,discogs|apple_music|zingmp3,DIFFERENT,HIGH
song_c224bdb5fb771a63,Alien Ant Farm - Smooth Criminal (Official Music Video),Alien Ant Farm Channel,Âu Mỹ | Rock,zingmp3_title_artist_search,https://zingmp3.vn/bai-hat/Smooth-Criminal-Alien-Ant-Farm/qJ8WRLJCVXq4.html,Smooth Criminal,Alien Ant Farm,0.944,medium,"[{""id"":""q3564DMx4CZN"",""name"":""Âu Mỹ"",""title"":""Âu Mỹ"",""alias"":""au-my"",""link"":""/the-loai-album/Au-My/q3564DMx4CZN.html""},{""id"":""RNRFSWbGG5rD"",""name"":""Rock"",""title"":""Rock"",""alias"":""rock"",""link"":""/the-loai-album/Rock/RNRFSWbGG5rD.html""}]; title_score=1.000; artist_score=0.778",found_needs_review,,,https://www.youtube.com/watch?v=CDl9ZMfj6aE,hard rock|pop|dance|latin|country,apple_music|zingmp3|nhaccuatui|nhac_vn,DIFFERENT,HIGH
song_60f5a5ee5f7afe18,Andra Day - Rise Up [Official Music Video] [Inspiration Version],Andra Day,Âu Mỹ | Christian & Gospel | Rock,zingmp3_title_artist_search,https://zingmp3.vn/bai-hat/Rise-Up-Third-Day/7UQK9yyOCsuf.html,Rise Up,Third Day,0.889,medium,"[{""id"":""q3564DMx4CZN"",""name"":""Âu Mỹ"",""title"":""Âu Mỹ"",""alias"":""au-my"",""link"":""/the-loai-album/Au-My/q3564DMx4CZN.html""},{""id"":""boV0NG6laILJ"",""name"":""Christian & Gospel"",""title"":""Christian & Gospel"",""alias"":""christian-gospel"",""link"":""/the-loai-album/Christian-Gospel/boV0NG6laILJ.html""},{""id"":""RNRFSWbGG5rD"",""name"":""Rock"",""title"":""Rock"",""alias"":""rock"",""link"":""/the-loai-album/Rock/RNRFSWbGG5rD.html""}]; title_score=1.000; artist_score=0.556",found_needs_review,,,https://www.youtube.com/watch?v=lwgr_IMeEgA,soul|country,apple_music|zingmp3,DIFFERENT,HIGH
song_f250b9c719e65710,Andree Right Hand - QuaBanh [Official MV],Andree Right Hand,V-Pop,zingmp3_title_artist_search,https://zingmp3.vn/bai-hat/Qua-Banh-Andree-Right-Hand/VNquvgL9dYz2.html,Quá Bảnh,Andree Right Hand,0.95,medium,"[{""id"":""el0RHYY9aI0v"",""name"":""Việt Nam"",""title"":""Việt Nam"",""alias"":""viet-nam"",""link"":""/the-loai-album/Viet-Nam/el0RHYY9aI0v.html""},{""id"":""iawjijA80yVd"",""name"":""V-Pop"",""title"":""V-Pop"",""alias"":""v-pop"",""link"":""/the-loai-album/V-Pop/iawjijA80yVd.html""}]; title_score=0.933; artist_score=1.000",found_needs_review,,,https://www.youtube.com/watch?v=7Vjix_2r2nw,rap việt,zingmp3,DIFFERENT,HIGH
song_2209920b338ccf2a,Anh Là Ai,Phuong Ly Official,R&B Việt,zingmp3_title_artist_search,https://zingmp3.vn/bai-hat/Anh-La-Ai-Phuong-Ly/begWMJdTTEFr.html,Anh Là Ai,Phương Ly,0.917,medium,"[{""id"":""el0RHYY9aI0v"",""name"":""Việt Nam"",""title"":""Việt Nam"",""alias"":""viet-nam"",""link"":""/the-loai-album/Viet-Nam/el0RHYY9aI0v.html""},{""id"":""Qvf5V6XIXLP3"",""name"":""R&B Việt"",""title"":""R&B Việt"",""alias"":""r-b-viet"",""link"":""/the-loai-album/R-B-Viet/Qvf5V6XIXLP3.html""}]; title_score=1.000; artist_score=0.667",found_needs_review,,,https://www.youtube.com/watch?v=MRQMyHV8L0Q,pop|folk|world|country|trữ tình|b việt,apple_music|discogs|zingmp3,DIFFERENT,HIGH
song_a60842b0c85f1391,Anh Là Ai - Phương Ly | Official Music Video,Phuong Ly Official,R&B Việt,zingmp3_title_artist_search,https://zingmp3.vn/bai-hat/Anh-La-Ai-Phuong-Ly/begWMJdTTEFr.html,Anh Là Ai,Phương Ly,0.917,medium,"[{""id"":""el0RHYY9aI0v"",""name"":""Việt Nam"",""title"":""Việt Nam"",""alias"":""viet-nam"",""link"":""/the-loai-album/Viet-Nam/el0RHYY9aI0v.html""},{""id"":""Qvf5V6XIXLP3"",""name"":""R&B Việt"",""title"":""R&B Việt"",""alias"":""r-b-viet"",""link"":""/the-loai-album/R-B-Viet/Qvf5V6XIXLP3.html""}]; title_score=1.000; artist_score=0.667",found_needs_review,,,https://www.youtube.com/watch?v=3bJkVSMs4dw,pop|folk|world|country|trữ tình|b việt,apple_music|discogs|zingmp3,DIFFERENT,HIGH
song_2bd18d9ec6e57cca,Anh Là Ai - Phương Ly x Refre | Official MV,Phuong Ly Official,R&B Việt,zingmp3_title_artist_search,https://zingmp3.vn/bai-hat/Anh-La-Ai-Phuong-Ly/begWMJdTTEFr.html,Anh Là Ai,Phương Ly,0.917,medium,"[{""id"":""el0RHYY9aI0v"",""name"":""Việt Nam"",""title"":""Việt Nam"",""alias"":""viet-nam"",""link"":""/the-loai-album/Viet-Nam/el0RHYY9aI0v.html""},{""id"":""Qvf5V6XIXLP3"",""name"":""R&B Việt"",""title"":""R&B Việt"",""alias"":""r-b-viet"",""link"":""/the-loai-album/R-B-Viet/Qvf5V6XIXLP3.html""}]; title_score=1.000; artist_score=0.667",found_needs_review,,,https://www.youtube.com/watch?v=fP80p59cvFE,b việt,zingmp3,DIFFERENT,HIGH
song_f4b0e545ebc26b5b,Anh Là Ngoại Lệ Của Em,Phuong Ly Official,R&B Việt,zingmp3_title_artist_search,https://zingmp3.vn/bai-hat/Anh-La-Ngoai-Le-Cua-Em-Phuong-Ly/ZWrguVhYuJNE.html,Anh Là Ngoại Lệ Của Em,Phương Ly,0.917,medium,"[{""id"":""el0RHYY9aI0v"",""name"":""Việt Nam"",""title"":""Việt Nam"",""alias"":""viet-nam"",""link"":""/the-loai-album/Viet-Nam/el0RHYY9aI0v.html""},{""id"":""Qvf5V6XIXLP3"",""name"":""R&B Việt"",""title"":""R&B Việt"",""alias"":""r-b-viet"",""link"":""/the-loai-album/R-B-Viet/Qvf5V6XIXLP3.html""}]; title_score=1.000; artist_score=0.667",found_needs_review,,,https://www.youtube.com/watch?v=oNEhUrDZ1Nw,pop|b việt,apple_music|zingmp3,DIFFERENT,HIGH
song_feb6a52ed354c494,Anh Muốn Em Sống Sao (Remix),Bao Anh,Dance Việt,zingmp3_title_artist_search,https://zingmp3.vn/bai-hat/Anh-Muon-Em-Song-Sao-Remix-Dieu-Dan/y6PCHuKxOrrm.html,Anh Muốn Em Sống Sao (Remix),Diệu Đan,0.857,low,"[{""id"":""el0RHYY9aI0v"",""name"":""Việt Nam"",""title"":""Việt Nam"",""alias"":""viet-nam"",""link"":""/the-loai-album/Viet-Nam/el0RHYY9aI0v.html""},{""id"":""70R9PC5gb3Sr"",""name"":""Dance Việt"",""title"":""Dance Việt"",""alias"":""dance-viet"",""link"":""/the-loai-album/Dance-Viet/70R9PC5gb3Sr.html""}]; title_score=1.000; artist_score=0.429",found_needs_review,ZW6AD7BB,https://zingmp3.vn/bai-hat/Anh-Muon-Em-Song-Sao-Remix-Bao-Anh/ZW6AD7BB.html,,pop,apple_music,DIFFERENT,HIGH
song_ae2da5f39f746606,Anh Nhớ Em Nhiều Lắm Em À (Short),King Band,V-Pop,zingmp3_title_artist_search,https://zingmp3.vn/bai-hat/Anh-Nho-Em-Nhieu-Lam-Em-A-King-Band/uVfjnncpVitk.html,Anh Nhớ Em Nhiều Lắm Em À,King Band,0.92,medium,"[{""id"":""el0RHYY9aI0v"",""name"":""Việt Nam"",""title"":""Việt Nam"",""alias"":""viet-nam"",""link"":""/the-loai-album/Viet-Nam/el0RHYY9aI0v.html""},{""id"":""iawjijA80yVd"",""name"":""V-Pop"",""title"":""V-Pop"",""alias"":""v-pop"",""link"":""/the-loai-album/V-Pop/iawjijA80yVd.html""}]; title_score=0.893; artist_score=1.000",found_needs_review,Z7CWEIWD,https://zingmp3.vn/bai-hat/Anh-Nho-Em-Nhieu-Lam-Em-A-Short-King-Band/Z7CWEIWD.html,,pop,apple_music,DIFFERENT,HIGH
song_5c29aac051a8bf38,Anh Nhớ Em - Tuấn Hưng [OFFICIAL MV HD],Tuấn Hưng,V-Pop,youtube_description,https://www.youtube.com/watch?v=SPn106LGnjU,Anh Nhớ Em - Tuấn Hưng [OFFICIAL MV HD],Tuấn Hưng,1.0,medium,facebook.com/tuanhung.fanpage ♫ Google Plus : http://bit.ly/TuanHungGGPlus Tuấn Hưng là một ca sĩ nhạc trẻ của Việt Nam. Anh được công chúng biết đến qua vai trò là thành viên của nhóm nhạc Quả dưa hấu - nhóm nhạc nổi tiếng của Hà Nội vào những năm cuối thế kỉ 20. Tuấn Hưng còn là một ca sĩ solo với các ca khúc nổi t,found_needs_review,,,https://www.youtube.com/watch?v=SPn106LGnjU,pop,apple_music,DIFFERENT,HIGH
song_8889af755ecc19e2,Anh Đã Không Yêu Em Thật Lòng,Le Uyen Nhi,Nhạc Trữ Tình,zingmp3_title_artist_search,https://zingmp3.vn/bai-hat/Anh-Da-Khong-Yeu-That-Long-Le-Uyen-Nhy/brM9MztHmJZ6.html,Anh Đã Không Yêu Thật Lòng,Le Uyen Nhy,0.935,medium,"[{""id"":""el0RHYY9aI0v"",""name"":""Việt Nam"",""title"":""Việt Nam"",""alias"":""viet-nam"",""link"":""/the-loai-album/Viet-Nam/el0RHYY9aI0v.html""},{""id"":""brC6BYOzAGjo"",""name"":""Nhạc Trữ Tình"",""title"":""Nhạc Trữ Tình"",""alias"":""nhac-tru-tinh"",""link"":""/the-loai-album/Nhac-Tru-Tinh/brC6BYOzAGjo.html""}]; title_score=0.943; artist_score=0.909",found_needs_review,ZWZB0U0B,https://zingmp3.vn/bai-hat/Anh-Da-Khong-Yeu-Em-That-Long-Le-Uyen-Nhi/ZWZB0U0B.html,,afro-pop,apple_music,DIFFERENT,HIGH
song_634aff66c7b58551,"Anh Đã Lạc Vào Remix VER 2 - (Green, Đại Mèo Remix)anh đã lạc vào cả một bầu trời yêu dấu này remix",BD Media Music,V-Pop,youtube_description,https://www.youtube.com/watch?v=GN9KZJN8dbo,"Anh Đã Lạc Vào Remix VER 2 - (Green, Đại Mèo Remix)anh đã lạc vào cả một bầu trời yêu dấu này remix",BD Media Music,1.0,medium,"Đừng quên Đăng ký (Subscribe) BD Media Music để xem ngay Music Video Hot, Phim Ca Nhạc và Liên Khúc nhạc trẻ remix hay nhất 2018 nhé cả nhà. ✔ Đây là ca khúc được độc quyền bởi Công Ty BDMedia. Đề nghị các tổ chức, cá nhân không reup dưới mọi hình thức. LH Bản Quyền : bdmediamusic@gmail.com -------------------------",found_needs_review,,,https://www.youtube.com/watch?v=GN9KZJN8dbo,pop,apple_music,DIFFERENT,HIGH
song_740daf4a1a9ed8af,ANH ĐÃ LỚN HƠN THẾ NHIỀU  - Dick ft. Michelle Ngn  ( Official Music Video ),BẠN CÓ TÀI MÀ,Rap Việt,youtube_description,https://www.youtube.com/watch?v=eMW9ZxXxCHI,ANH ĐÃ LỚN HƠN THẾ NHIỀU  - Dick ft. Michelle Ngn  ( Official Music Video ),BẠN CÓ TÀI MÀ,1.0,medium,"ndayStores420, Hpro Studio, BCTM Clo, King Store, NTGD, Grillz VietNam, Dien Quan Network, QN RAP, Rap Việt Underground, Dusk Music, Mood Music, Nắng Music, Troll Rap Việt, ... Cảm ơn vì đã đồng hành cùng#ADLHTN Excutive Producer : Dick Composer: Dick, B.O.P, Michelle Ngn Director:Dũng Phạm Record/ Mix/ Master : H",found_needs_review,,,https://www.youtube.com/watch?v=eMW9ZxXxCHI,pop,apple_music,DIFFERENT,HIGH
song_854947ae3bf39986,Anh Đã Quen Với Cô Đơn,SOOBIN Official,R&B Việt,zingmp3_title_artist_search,https://zingmp3.vn/bai-hat/Anh-Da-Quen-Voi-Co-Don-SOOBIN/LDvhmyz7b1jE.html,Anh Đã Quen Với Cô Đơn,SOOBIN,0.893,medium,"[{""id"":""el0RHYY9aI0v"",""name"":""Việt Nam"",""title"":""Việt Nam"",""alias"":""viet-nam"",""link"":""/the-loai-album/Viet-Nam/el0RHYY9aI0v.html""},{""id"":""Qvf5V6XIXLP3"",""name"":""R&B Việt"",""title"":""R&B Việt"",""alias"":""r-b-viet"",""link"":""/the-loai-album/R-B-Viet/Qvf5V6XIXLP3.html""}]; title_score=1.000; artist_score=0.571",found_needs_review,,,https://www.youtube.com/watch?v=Vv1leKzSKZI,pop|dance việt,apple_music|zingmp3,DIFFERENT,HIGH
song_b991799d29f8991f,Anh Đã Quen Với Cô Đơn - Soobin Hoàng Sơn | Official Music Video 4K,SOOBIN Official,R&B Việt,zingmp3_title_artist_search,https://zingmp3.vn/bai-hat/Anh-Da-Quen-Voi-Co-Don-SOOBIN/LDvhmyz7b1jE.html,Anh Đã Quen Với Cô Đơn,SOOBIN,0.893,medium,"[{""id"":""el0RHYY9aI0v"",""name"":""Việt Nam"",""title"":""Việt Nam"",""alias"":""viet-nam"",""link"":""/the-loai-album/Viet-Nam/el0RHYY9aI0v.html""},{""id"":""Qvf5V6XIXLP3"",""name"":""R&B Việt"",""title"":""R&B Việt"",""alias"":""r-b-viet"",""link"":""/the-loai-album/R-B-Viet/Qvf5V6XIXLP3.html""}]; title_score=1.000; artist_score=0.571",found_needs_review,,,https://www.youtube.com/watch?v=X7sSE3yCNLI,pop|dance việt,apple_music|zingmp3,DIFFERENT,HIGH
song_8d551080505a018f,Arctic Monkeys - Do I Wanna Know? (Official Video),Official Arctic Monkeys,Rock | Âu Mỹ,zingmp3_title_artist_search,https://zingmp3.vn/bai-hat/Do-I-Wanna-Know-Arctic-Monkeys/CeBPwLLe1De6.html,Do I Wanna Know,Arctic Monkeys,0.939,medium,"[{""id"":""RNRFSWbGG5rD"",""name"":""Rock"",""title"":""Rock"",""alias"":""rock"",""link"":""/the-loai-album/Rock/RNRFSWbGG5rD.html""},{""id"":""q3564DMx4CZN"",""name"":""Âu Mỹ"",""title"":""Âu Mỹ"",""alias"":""au-my"",""link"":""/the-loai-album/Au-My/q3564DMx4CZN.html""}]; title_score=1.000; artist_score=0.757",found_needs_review,,,https://www.youtube.com/watch?v=bpOSxM0rNPM,alternative,apple_music,DIFFERENT,HIGH
song_a451b25b7c26ae09,Astrid S - Hurts So Good (Lyric Video),Love Life Lyrics,Indie,youtube_description,https://www.youtube.com/watch?v=8RmvCLn6RoI,Astrid S - Hurts So Good (Lyric Video),Love Life Lyrics,1.0,medium,"d get through bad days easier! Every day I update the channel with lyric videos of the newest pop, indie pop, electropop, pop r&b and chill tracks for my subscribers. ♪♪ So, chill with some lovely songs and tell me about your feelings in the comments. (｡ ˃ᴗ˂ ｡)و Socials: Spotify: https://open.spotify.com/user/hbinm",found_needs_review,,,https://www.youtube.com/watch?v=8RmvCLn6RoI,pop,apple_music,DIFFERENT,HIGH
song_be94d400596c0d0e,Bad Wolves - Zombie (Official Video),Better Noise Music,Nhạc Phim,youtube_description,https://www.youtube.com/watch?v=9XaS93WMRQQ,Bad Wolves - Zombie (Official Video),Better Noise Music,1.0,medium,"in Germany, Switzerland, Austria: https://theretaliators.ffm.to/gsastreaming Listen to the score, soundtrack, and follow The Retaliators Movie: Buy/listen to the score - https://theretaliators.ffm.to/score Buy/listen to the Soundtrack - https://theretaliators.ffm.to/retaliatorssoundtrack Instagram: https://www.",found_needs_review,,,https://www.youtube.com/watch?v=9XaS93WMRQQ,rock|non-music|noisecore,apple_music|discogs,DIFFERENT,HIGH
song_c0fffb4f1ceb6881,Bebe Rexha- I'm The Drama (Official Music Video),Bebe Rexha,Nhạc Dân Ca - Quê Hương,youtube_description,https://www.youtube.com/watch?v=q4AHJ22hz-E,Bebe Rexha- I'm The Drama (Official Music Video),Bebe Rexha,1.0,medium,e-Up: Daniel Kolaric Cast Stylist + Bebe 2nd Look Stylist: Lucy James Cast Hair Stylist: Sheree Jourdan Cast Make-Up: Lauren Webster Production Asst: Peg Mcmillan Official Lyrics: There’s a whisper In the night Oh and it calls my name Oh and it calls my name There’s a silence Only I I was born to break I was born to,found_needs_review,,,https://www.youtube.com/watch?v=q4AHJ22hz-E,pop,apple_music,DIFFERENT,HIGH
song_05229e0cfa46a330,Benson Boone - Beautiful Things (Official Music Video),Benson Boone,Âu Mỹ | Rap / Hip Hop,zingmp3_title_artist_search,https://zingmp3.vn/bai-hat/Benson-Boone-Aiden-Yoo/uVH0gVXiUxvd.html,Benson Boone,Aiden Yoo,0.869,low,"[{""id"":""q3564DMx4CZN"",""name"":""Âu Mỹ"",""title"":""Âu Mỹ"",""alias"":""au-my"",""link"":""/the-loai-album/Au-My/q3564DMx4CZN.html""},{""id"":""XS3QXI9JwoS"",""name"":""Rap / Hip Hop"",""title"":""Rap / Hip Hop"",""alias"":""rap-hip-hop"",""link"":""/the-loai-album/Rap-Hip-Hop/XS3QXI9JwoS.html""}]; title_score=1.000; artist_score=0.476",found_needs_review,,,https://www.youtube.com/watch?v=Oa_RSwwpPaA,pop,apple_music,DIFFERENT,HIGH
song_c2621795bdd7a4d6,Benson Boone - Momma Song (Official Music Video),Benson Boone,Âu Mỹ | Rap / Hip Hop,zingmp3_title_artist_search,https://zingmp3.vn/bai-hat/Benson-Boone-Aiden-Yoo/uVH0gVXiUxvd.html,Benson Boone,Aiden Yoo,0.869,low,"[{""id"":""q3564DMx4CZN"",""name"":""Âu Mỹ"",""title"":""Âu Mỹ"",""alias"":""au-my"",""link"":""/the-loai-album/Au-My/q3564DMx4CZN.html""},{""id"":""XS3QXI9JwoS"",""name"":""Rap / Hip Hop"",""title"":""Rap / Hip Hop"",""alias"":""rap-hip-hop"",""link"":""/the-loai-album/Rap-Hip-Hop/XS3QXI9JwoS.html""}]; title_score=1.000; artist_score=0.476",found_needs_review,,,https://www.youtube.com/watch?v=SB69blyX46c,pop|alternative,apple_music|shazam,DIFFERENT,HIGH
song_33a977bd49f06c7e,Benson Boone - Mystical Magical (Official Lyric Video),Benson Boone,Âu Mỹ | Rap / Hip Hop,zingmp3_title_artist_search,https://zingmp3.vn/bai-hat/Benson-Boone-Aiden-Yoo/uVH0gVXiUxvd.html,Benson Boone,Aiden Yoo,0.869,low,"[{""id"":""q3564DMx4CZN"",""name"":""Âu Mỹ"",""title"":""Âu Mỹ"",""alias"":""au-my"",""link"":""/the-loai-album/Au-My/q3564DMx4CZN.html""},{""id"":""XS3QXI9JwoS"",""name"":""Rap / Hip Hop"",""title"":""Rap / Hip Hop"",""alias"":""rap-hip-hop"",""link"":""/the-loai-album/Rap-Hip-Hop/XS3QXI9JwoS.html""}]; title_score=1.000; artist_score=0.476",found_needs_review,,,https://www.youtube.com/watch?v=U8QhB8_0t2g,pop|house|electronic|country,apple_music|shazam|youtube,DIFFERENT,HIGH
song_21e3eea8c8070ea6,Benson Boone - Slow It Down (Official Music Video),Benson Boone,Âu Mỹ | Rap / Hip Hop,zingmp3_title_artist_search,https://zingmp3.vn/bai-hat/Benson-Boone-Aiden-Yoo/uVH0gVXiUxvd.html,Benson Boone,Aiden Yoo,0.869,low,"[{""id"":""q3564DMx4CZN"",""name"":""Âu Mỹ"",""title"":""Âu Mỹ"",""alias"":""au-my"",""link"":""/the-loai-album/Au-My/q3564DMx4CZN.html""},{""id"":""XS3QXI9JwoS"",""name"":""Rap / Hip Hop"",""title"":""Rap / Hip Hop"",""alias"":""rap-hip-hop"",""link"":""/the-loai-album/Rap-Hip-Hop/XS3QXI9JwoS.html""}]; title_score=1.000; artist_score=0.476",found_needs_review,,,https://www.youtube.com/watch?v=f4Y3b7un4LE,pop|house,apple_music|youtube,DIFFERENT,HIGH
song_2d63e91ad086389d,BIGDADDY x EMILY - Mượn Rượu Tỏ Tình (Official M/V),BIGDADDY x EMILY,V-Pop,zingmp3_title_artist_search,https://zingmp3.vn/bai-hat/Muon-Ruou-To-Tinh-BigDaddy-Emily/oNgkIkMBqWIM.html,Mượn Rượu Tỏ Tình,"BigDaddy, Emily",0.983,medium,"[{""id"":""el0RHYY9aI0v"",""name"":""Việt Nam"",""title"":""Việt Nam"",""alias"":""viet-nam"",""link"":""/the-loai-album/Viet-Nam/el0RHYY9aI0v.html""},{""id"":""iawjijA80yVd"",""name"":""V-Pop"",""title"":""V-Pop"",""alias"":""v-pop"",""link"":""/the-loai-album/V-Pop/iawjijA80yVd.html""}]; title_score=1.000; artist_score=0.933",found_needs_review,,,https://www.youtube.com/watch?v=aGUQsb31TEw,k-pop|pop|country,allmusic|youtube,DIFFERENT,HIGH
song_7cfe14415f0be364,BIGDADDY x EMILY - YÊU NẮM (Official Music Video),BIGDADDY x EMILY,V-Pop,zingmp3_title_artist_search,https://zingmp3.vn/bai-hat/Yeu-Nam-BigDaddy-Emily/zFAEs3fjcvrN.html,Yêu Nắm,"BigDaddy, Emily",0.983,medium,"[{""id"":""el0RHYY9aI0v"",""name"":""Việt Nam"",""title"":""Việt Nam"",""alias"":""viet-nam"",""link"":""/the-loai-album/Viet-Nam/el0RHYY9aI0v.html""},{""id"":""iawjijA80yVd"",""name"":""V-Pop"",""title"":""V-Pop"",""alias"":""v-pop"",""link"":""/the-loai-album/V-Pop/iawjijA80yVd.html""}]; title_score=1.000; artist_score=0.933",found_needs_review,,,https://www.youtube.com/watch?v=9WLb1qf2kK4,hip hop|rap|alternative,apple_music|allmusic,DIFFERENT,HIGH
song_659c365186f39e2a,@BillieEilish  - WILDFLOWER (Lyrics),Dan Music,Hàn Quốc,zingmp3_title_artist_search,https://zingmp3.vn/bai-hat/Wildflower-Ketrick-Music/o9FfSEABUvbi.html,Wildflower,Ketrick Music,0.886,medium,"[{""id"":""XwxeLj1drHUZ"",""name"":""Hàn Quốc"",""title"":""Hàn Quốc"",""alias"":""han-quoc"",""link"":""/the-loai-album/Han-Quoc/XwxeLj1drHUZ.html""}]; title_score=1.000; artist_score=0.545",found_needs_review,,,https://www.youtube.com/watch?v=8ObJEXpmZ10,alternative|electronic|latin,apple_music|nhaccuatui|nhac_vn|shazam|qobuz|allmusic|youtube,DIFFERENT,HIGH
song_4cfcfebbf89c4e51,Billy Joel - Piano Man (Official HD Video),Billy Joel,Indie,youtube_description,https://www.youtube.com/watch?v=gxEPV4kolz0,Billy Joel - Piano Man (Official HD Video),Billy Joel,1.0,medium,recording artist and the third-best-selling solo artist in the United States. #BillyJoel #PianoMan #Indie #OfficialHDVideo,found_needs_review,,,https://www.youtube.com/watch?v=gxEPV4kolz0,rock|pop|folk rock|pop rock|classic rock,apple_music|discogs|zingmp3|nhac_vn,DIFFERENT,HIGH
song_a451e421add86703,BINZ - OK (Official Music Video),Binz Da Poet,Rap Việt,youtube_description,https://www.youtube.com/watch?v=SNES5Y-tYxM,BINZ - OK (Official Music Video),Binz Da Poet,1.0,medium,YouTube: https://metub.net/spacespeakers ● Website: https://www.spacespeakers.vn/ #binz #binzpoet #rap #Spacespeakers #SpacespeakersGroup #SSG ----------------------------------------------------------- © Bản quyền thuộc về Binz & SpaceSpeakers Group © Copyright by Binz & SpaceSpeakers Group,found_needs_review,,,https://www.youtube.com/watch?v=SNES5Y-tYxM,rap,shazam|nhac_vn|nhaccuatui|allmusic|qobuz,DIFFERENT,HIGH
song_db799c1b508f2156,Biết Yêu Anh Muộn Màng,Thanh Thao,V-Pop,zingmp3_title_artist_search,https://zingmp3.vn/bai-hat/Biet-Yeu-Anh-Muon-Mang-Thanh-Thao/YmOTgcLGoY1N.html,Biết Yêu Anh Muộn Màng,Thanh Thảo,1.0,medium,"[{""id"":""el0RHYY9aI0v"",""name"":""Việt Nam"",""title"":""Việt Nam"",""alias"":""viet-nam"",""link"":""/the-loai-album/Viet-Nam/el0RHYY9aI0v.html""},{""id"":""iawjijA80yVd"",""name"":""V-Pop"",""title"":""V-Pop"",""alias"":""v-pop"",""link"":""/the-loai-album/V-Pop/iawjijA80yVd.html""}]; title_score=1.000; artist_score=1.000",found_needs_review,ZWZBBOE7,https://zingmp3.vn/bai-hat/Biet-Yeu-Anh-Muon-Mang-Thanh-Thao/ZWZBBOE7.html,,pop,apple_music,DIFFERENT,HIGH
song_4c8f4912c14acc9e,Bom,BOL4,Hàn Quốc,zingmp3_title_artist_search,https://zingmp3.vn/bai-hat/Bom-BOL4/X1IBns0wUVuz.html,Bom,BOL4,1.0,medium,"[{""id"":""XwxeLj1drHUZ"",""name"":""Hàn Quốc"",""title"":""Hàn Quốc"",""alias"":""han-quoc"",""link"":""/the-loai-album/Han-Quoc/XwxeLj1drHUZ.html""}]; title_score=1.000; artist_score=1.000",found_needs_review,ZZC87CEC,https://zingmp3.vn/bai-hat/KE-EMPEDA2-FAMILY-CREW-feat-PAUL-EC-EL-CALAN-EL-ZEO-EL-BOMBON-PAUL-EC/ZZC87CEC.html,,folk|rock|pop punk|punk|country rock,apple_music|discogs,DIFFERENT,HIGH
song_349d8890ba023096,Bruno Mars - Talking To The Moon (Official Lyric Video),Bruno Mars,Rap Việt,youtube_description,https://www.youtube.com/watch?v=fXw0jcYbqdo,Bruno Mars - Talking To The Moon (Official Lyric Video),Bruno Mars,1.0,medium,"nues to redefine music, style, and popular culture, pushing the boundaries of pop, R&B, funk, soul, hip-hop, and dance, and remains as influential as ever. #BrunoMars #TalkingToTheMoon #DooWopsandHooligans #OfficialLyricVideo #AtlanticRecords #TikTok #TalkingToTheMoonTikTok #TikTokTalkingToTheMoon #TalkingToTheMoonSon",found_needs_review,,,https://www.youtube.com/watch?v=fXw0jcYbqdo,pop|alternative,apple_music|zingmp3|nhac_vn|nhaccuatui|shazam|allmusic|qobuz|youtube,DIFFERENT,HIGH
song_babc864bd8c378bb,Bryan Adams - Heaven,Bryan Adams,Rock Việt,youtube_description,https://www.youtube.com/watch?v=s6TtwR2Dbjg,Bryan Adams - Heaven,Bryan Adams,1.0,medium,m Bryan Adams: https://direct.me/bryanadams (C) 1984 A&M Records #BryanAdams #Heaven #Remastered #Rock,found_needs_review,,,https://www.youtube.com/watch?v=s6TtwR2Dbjg,rock|pop rock,apple_music|discogs|zingmp3,DIFFERENT,HIGH
song_597093de3f551b14,Bryan Adams - Summer Of '69 (Official Music Video),Bryan Adams,Rock Việt,youtube_description,https://www.youtube.com/watch?v=eFjjO_lhf9c,Bryan Adams - Summer Of '69 (Official Music Video),Bryan Adams,1.0,medium,ryan Adams: https://direct.me/bryanadams (C) 1984 A&M Records #BryanAdams #SummerOf69 #Remastered #Rock,found_needs_review,,,https://www.youtube.com/watch?v=eFjjO_lhf9c,pop|rock|non-music|roll|prog rock|punk|vocal|interview|hard rock|classic rock,zingmp3|discogs,DIFFERENT,HIGH
song_0623d64bef9bf02f,buông hàng funk - 𝙡𝙪𝙙𝙤𝙬𝙣,𝙇𝙪𝙙𝙤𝙬𝙣,V-Pop,youtube_description,https://www.youtube.com/watch?v=nfKEBu-gHxo,buông hàng funk - 𝙡𝙪𝙙𝙤𝙬𝙣,𝙇𝙪𝙙𝙤𝙬𝙣,1.0,medium,#brazilianfunk #nhachaymoingay #phonk #nhacremix #nhactreremix #flstudio #nhactre 🔥 Spotify Playlist: https://open.spotify.com/playlist/4azvstDkfdLJ7FQhSfB4vZ Bài Hát: Buông Hàng Sáng Tác: Tommy Tèo Bản Gốc: https://youtu.be/S2gOXtaPWSE?si=-ukOHjmLsDp_8y9G 👉Đây là mộ,found_needs_review,,,https://www.youtube.com/watch?v=nfKEBu-gHxo,funk,apple_music,DIFFERENT,HIGH
song_281519ef14292055,Buồn Không Em Remix - Đạt G [ Bản Mix Hay Nhất ] DJ Ciray | BD MEDIA,BD Media Music,V-Pop,youtube_description,https://www.youtube.com/watch?v=vxytm6mNRp8,Buồn Không Em Remix - Đạt G [ Bản Mix Hay Nhất ] DJ Ciray | BD MEDIA,BD Media Music,1.0,medium,"Đừng quên Đăng ký (Subscribe) BD Media Music để xem ngay Music Video Hot, Phim Ca Nhạc và Liên Khúc nhạc trẻ remix hay nhất 2018 nhé cả nhà. ✔ Đây là ca khúc được độc quyền bởi Công Ty BDMedia. Đề nghị các tổ chức, cá nhân không reup dưới mọi hình thức. LH Bản Quyền : bdmediamusic@gmail.com ----------------------------",found_needs_review,,,https://www.youtube.com/watch?v=vxytm6mNRp8,hip hop|funk|soul|pop|pop rap|ballad,discogs,DIFFERENT,HIGH
song_18971522b3ebbc4e,Bài Hát Buồn,Khoi My,Nhạc Trữ Tình,zingmp3_title_artist_search,https://zingmp3.vn/bai-hat/Bai-Hat-Buon-Ho-Le-Thu/XnlNyQ5rrYyh.html,Bài Hát Buồn,Hồ Lệ Thu,0.844,low,"[{""id"":""el0RHYY9aI0v"",""name"":""Việt Nam"",""title"":""Việt Nam"",""alias"":""viet-nam"",""link"":""/the-loai-album/Viet-Nam/el0RHYY9aI0v.html""},{""id"":""brC6BYOzAGjo"",""name"":""Nhạc Trữ Tình"",""title"":""Nhạc Trữ Tình"",""alias"":""nhac-tru-tinh"",""link"":""/the-loai-album/Nhac-Tru-Tinh/brC6BYOzAGjo.html""}]; title_score=1.000; artist_score=0.375",found_needs_review,ZWZFO8D9,https://zingmp3.vn/bai-hat/Bai-Hat-Buon-Khoi-My/ZWZFO8D9.html,,pop|j-pop|techno,apple_music|nhaccuatui|youtube,DIFFERENT,HIGH
song_dcfb5ef7ed181f03,Bài Hát Cho Anh,Mai Khoi,Nhạc Trữ Tình,zingmp3_title_artist_search,https://zingmp3.vn/bai-hat/Bai-Hat-Cho-Anh-Mai-Loan/QvwYbBU7DpsT.html,Bài Hát Cho Anh,Mai Loan,0.906,medium,"[{""id"":""el0RHYY9aI0v"",""name"":""Việt Nam"",""title"":""Việt Nam"",""alias"":""viet-nam"",""link"":""/the-loai-album/Viet-Nam/el0RHYY9aI0v.html""},{""id"":""brC6BYOzAGjo"",""name"":""Nhạc Trữ Tình"",""title"":""Nhạc Trữ Tình"",""alias"":""nhac-tru-tinh"",""link"":""/the-loai-album/Nhac-Tru-Tinh/brC6BYOzAGjo.html""}]; title_score=1.000; artist_score=0.625",found_needs_review,ZWZCWOO0,https://zingmp3.vn/bai-hat/Bai-Hat-Cho-Anh-Mai-Khoi/ZWZCWOO0.html,,hip hop|rap,apple_music,DIFFERENT,HIGH
song_79c25df0e9257e92,BÍCH PHƯƠNG - Cớ Sao Giờ Lại Chia Xa (Official MV),BÍCH PHƯƠNG,Nhạc Phim,youtube_description,https://www.youtube.com/watch?v=fSM5x0-Ce8w,BÍCH PHƯƠNG - Cớ Sao Giờ Lại Chia Xa (Official MV),BÍCH PHƯƠNG,1.0,medium,Cớ Sao Giờ lại Chia Xa - Blade & Soul Việt Nam OST Cớ Sao Giờ Lại Chia Xa là bài hát chính thức của Blade & Soul Việt Nam – Siêu phẩm game nhập vai số 1 Hàn Quốc. Trình bày: Bích Phương Lời Việt: Tiên Cookie File audio: http://mp3.zing.vn/album/Co-Sao-Gio-Lai-Chi,found_needs_review,,,https://www.youtube.com/watch?v=fSM5x0-Ce8w,pop|v-pop,apple_music|zingmp3,DIFFERENT,HIGH
song_33b20bed7897b1de,Bóng Trăng Đang Dần Trôi Remix,Duy Manh,V-Pop,zingmp3_title_artist_search,https://zingmp3.vn/bai-hat/Bong-Trang-Dang-Dan-Troi-Duy-Manh/GSjkHOt56dzs.html,Bóng Trăng Đang Dần Trôi,Duy Mạnh,0.913,medium,"[{""id"":""el0RHYY9aI0v"",""name"":""Việt Nam"",""title"":""Việt Nam"",""alias"":""viet-nam"",""link"":""/the-loai-album/Viet-Nam/el0RHYY9aI0v.html""},{""id"":""iawjijA80yVd"",""name"":""V-Pop"",""title"":""V-Pop"",""alias"":""v-pop"",""link"":""/the-loai-album/V-Pop/iawjijA80yVd.html""}]; title_score=0.885; artist_score=1.000",found_needs_review,ZWZAEB7O,https://zingmp3.vn/bai-hat/Bong-Trang-Dang-Dan-Troi-Remix-Duy-Manh/ZWZAEB7O.html,,pop,apple_music,DIFFERENT,HIGH
song_17a057d5ea84d130,Bông Cỏ May - Phương Anh & Phương Ý (Official 4K MV),Phương Anh Bolero,Bolero,youtube_description,https://www.youtube.com/watch?v=BP6-2Tsl5qE,Bông Cỏ May - Phương Anh & Phương Ý (Official 4K MV),Phương Anh Bolero,1.0,medium,hương may nhớ cả người. ───────────────────── ➥Đây là kênh Youtube chính thức của ca sĩ Phương Anh Bolero. ➥Đừng quên đăng ký kênh để cập nhật những sản phẩm mới nhất nhé! ➥Đăng ký theo dõi kênh miễn phí tại: http://popsww.com/phuonganhbolero ───────────────────── ⏩ MV MỚI NHẤT: http://bit.ly/MvMoiNhatPhuongAnh ⏩ HÔM,found_needs_review,,,https://www.youtube.com/watch?v=BP6-2Tsl5qE,latin,web_search,DIFFERENT,LOW
song_079fbbacb0a4877f,BẠC PHẬN | ICM x JACK | OFFICIAL MV,ICM Entertainment,V-Pop,zingmp3_title_artist_search,https://zingmp3.vn/bai-hat/Bac-Phan-ICM-Jack-K-ICM/5DqNTalyVcch.html,Bạc Phận,"ICM, Jack, K-ICM",0.863,low,"[{""id"":""el0RHYY9aI0v"",""name"":""Việt Nam"",""title"":""Việt Nam"",""alias"":""viet-nam"",""link"":""/the-loai-album/Viet-Nam/el0RHYY9aI0v.html""},{""id"":""iawjijA80yVd"",""name"":""V-Pop"",""title"":""V-Pop"",""alias"":""v-pop"",""link"":""/the-loai-album/V-Pop/iawjijA80yVd.html""}]; title_score=1.000; artist_score=0.452",found_needs_review,,,https://www.youtube.com/watch?v=WX7dUj14Z00,rock|alternative rock|grunge|metal,discogs,DIFFERENT,HIGH
song_b98b812318d15d59,Bạn Tình Ơi | YuniBoo x Goctoi Mixer | OFFICIAL MUSIC VIDEO,YuniBoo Official,Rap Việt,zingmp3_title_artist_search,https://zingmp3.vn/bai-hat/Ban-Tinh-Oi-YuniBoo-Goctoi-Mixer/nx4jQAJhODT.html,Bạn Tình Ơi,"YuniBoo, Goctoi Mixer",0.903,medium,"[{""id"":""el0RHYY9aI0v"",""name"":""Việt Nam"",""title"":""Việt Nam"",""alias"":""viet-nam"",""link"":""/the-loai-album/Viet-Nam/el0RHYY9aI0v.html""},{""id"":""TqW0gmJ1dR5O"",""name"":""Rap Việt"",""title"":""Rap Việt"",""alias"":""rap-viet"",""link"":""/the-loai-album/Rap-Viet/TqW0gmJ1dR5O.html""}]; title_score=1.000; artist_score=0.611",found_needs_review,,,https://www.youtube.com/watch?v=1sExmE0khs4,edm việt,zingmp3,DIFFERENT,HIGH
song_77cd5312a4dcda32,Bắc Bling funk gốc,𝙇𝙪𝙙𝙤𝙬𝙣,V-Pop,youtube_description,https://www.youtube.com/watch?v=BYeuKuxuoF8,Bắc Bling funk gốc,𝙇𝙪𝙙𝙤𝙬𝙣,1.0,medium,#brazilianfunk #nhachaymoingay #phonk #nhacremix #nhactreremix #flstudio #nhactre #avee_player #phonkmusic #xuhuong bài funk gốc bởi HDN :https://youtu.be/UlLJoCzVFzo?si=qjLpFSHr75O9bqaB https://youtu.be/27ZA6sg7KNI?si= KzTsgvd9cR3TKl08 Nguồn gốc: Bài hát 'Bắc Bling',found_needs_review,,,https://www.youtube.com/watch?v=BYeuKuxuoF8,house,youtube,DIFFERENT,LOW
song_a7472e255c61b0b5,Bắc Bling funk [HDN Producer] remake,𝙇𝙪𝙙𝙤𝙬𝙣,V-Pop,youtube_description,https://www.youtube.com/watch?v=gVUGuXdd1X0,Bắc Bling funk [HDN Producer] remake,𝙇𝙪𝙙𝙤𝙬𝙣,1.0,medium,"#brazilianfunk #nhachaymoingay #phonk #nhacremix #nhactreremix #flstudio #nhactre #avee_player #phonkmusic #xuhuong bài funk gốc bởi HDN :https://youtu.be/UlLJoCzVFzo?si=qjLpFSHr75O9bqaB Nguồn gốc: Bài hát 'Bắc Bling' do nhạc sĩ Tuấn Cry sáng tác, phối khí bởi Masew,",found_needs_review,,,https://www.youtube.com/watch?v=gVUGuXdd1X0,dance,nhaccuatui,DIFFERENT,LOW
song_164ef850c218651b,Bắt Cóc Con Tim,Lou Hoàng OFFICIAL,R&B Việt,zingmp3_title_artist_search,https://zingmp3.vn/bai-hat/Bat-Coc-Con-Tim-Lou-Hoang/Iki1FdPUk5Rj.html,Bắt Cóc Con Tim,Lou Hoàng,0.917,medium,"[{""id"":""el0RHYY9aI0v"",""name"":""Việt Nam"",""title"":""Việt Nam"",""alias"":""viet-nam"",""link"":""/the-loai-album/Viet-Nam/el0RHYY9aI0v.html""},{""id"":""Qvf5V6XIXLP3"",""name"":""R&B Việt"",""title"":""R&B Việt"",""alias"":""r-b-viet"",""link"":""/the-loai-album/R-B-Viet/Qvf5V6XIXLP3.html""}]; title_score=1.000; artist_score=0.667",found_needs_review,,,https://www.youtube.com/watch?v=FOLex3MIMJU,b việt,zingmp3,DIFFERENT,HIGH
song_82c437134c930151,Bến Cảng Quê Hương Tôi - Nhóm Đồng Đội [Official MV],Nhạc Cách Mạng Tiền Chiến,Nhạc Cách Mạng,youtube_description,https://www.youtube.com/watch?v=pUxsNpMWmM0,Bến Cảng Quê Hương Tôi - Nhóm Đồng Đội [Official MV],Nhạc Cách Mạng Tiền Chiến,1.0,medium,▶ Theo dõi kênh Nhạc Cách Mạng Tiền Chiến: https://goo.gl/asFAPL ----------------------------- Những Bài Hát Hay Nhất:https://goo.gl/VcdKsJ Nhạc Đỏ Trữ Tình Quê Hương:https://goo.gl/29b7nt Tình Ca Tây Bắc Hay Nhất:https://goo.gl/TTVzMq,found_needs_review,,,https://www.youtube.com/watch?v=pUxsNpMWmM0,hip hop|rap,apple_music,DIFFERENT,HIGH
song_7ffe869dcde5c2e5,BỚT DIỄN ĐI ANH | DƯƠNG HOÀNG YẾN | PERFORMANCE VIDEO,Duong Hoang Yen,V-Pop,zingmp3_title_artist_search,https://zingmp3.vn/bai-hat/Bot-Dien-Di-Anh-Duong-Hoang-Yen/QGJ9BMtgcF3W.html,Bớt Diễn Đi Anh,Dương Hoàng Yến,1.0,medium,"[{""id"":""el0RHYY9aI0v"",""name"":""Việt Nam"",""title"":""Việt Nam"",""alias"":""viet-nam"",""link"":""/the-loai-album/Viet-Nam/el0RHYY9aI0v.html""},{""id"":""iawjijA80yVd"",""name"":""V-Pop"",""title"":""V-Pop"",""alias"":""v-pop"",""link"":""/the-loai-album/V-Pop/iawjijA80yVd.html""}]; title_score=1.000; artist_score=1.000",found_needs_review,,,https://www.youtube.com/watch?v=KIHFNn1JOQE,pop|folk|world|country|trữ tình,discogs,DIFFERENT,HIGH
song_2e5a92bbb7109572,CHANGG - TÌNH YÊU SÉT ĐÁNH (Official Music Video),Changg,V-Pop,youtube_description,https://www.youtube.com/watch?v=riiwPefwKEA,CHANGG - TÌNH YÊU SÉT ĐÁNH (Official Music Video),Changg,1.0,medium,"khúc tại đây: https://umvn.lnk.to/tinhyeusetdanh #TinhYeuSetDanh #Changg #STYLEByPNJ #UMVN #newMV #nhactre #musicvideo A SONG BY CHANGG MUSIC PRODUCER: NEVATRASH ARRANGER: NEVATRASH, DEE H VOCAL PRODUCER: DEE H, CHANGG VOCAL RECORDER: DEE H RECORD LABEL: UNIVERSAL MUSIC VIETNAM MANAGING DIRECTOR: PHÙNG LAN KHANH HE",found_needs_review,,,https://www.youtube.com/watch?v=riiwPefwKEA,pop|alternative,apple_music|youtube,DIFFERENT,HIGH
song_e74a7f007be7633d,Chi Pu | ĐÓA HOA HỒNG (QUEEN) - Official M/V Story Version,Chi Pu Official,Nhạc Tôn Giáo,youtube_description,https://www.youtube.com/watch?v=q5EEcGtZMnY,Chi Pu | ĐÓA HOA HỒNG (QUEEN) - Official M/V Story Version,Chi Pu Official,1.0,medium,orting Actors: Jessica Team Choreographer: Le Vinh Dance Crew: Game On Artist Assistant: Dinh Phu Thanh Catering: Thanh Lam Team Camera Equipment & Lighting: Cine Hanoi - Hanoilens In partnership with: TIKI.VN VLIVE JUNO Youtube Network Strategic Partner: METUB WebTVAsia SPECIAL THANKS TO: Fashion Designer: Cong,found_needs_review,,,https://www.youtube.com/watch?v=q5EEcGtZMnY,dance việt|latin,zingmp3|nhac_vn|shazam|nhaccuatui|qobuz|allmusic|youtube,DIFFERENT,HIGH
song_831cf357bb3250d5,Chi Pu (치푸) - Trở Về Đi (Acoustic) | OST Tỉnh Giấc Tôi Thấy Mình Trong Ai,Chi Pu Official,Nhạc Phim,youtube_description,https://www.youtube.com/watch?v=r6PxQkmcoDY,Chi Pu (치푸) - Trở Về Đi (Acoustic) | OST Tỉnh Giấc Tôi Thấy Mình Trong Ai,Chi Pu Official,1.0,medium,"Trở Về Đi (Acoustic Version) - Chi Pu OST Tỉnh Giấc Tôi Thấy Mình Trong Ai Composer: Phạm Toàn Thắng Record, Mix and Master: Nhật Minh Guitarist: Trịnh Vũ Editor: Mai Hoàng Link MP3: http://mp3.zing.vn/album/Tro-Ve-Di-Tinh-Giac-Toi-Thay-Minh-Trong-Ai-OST-C",found_needs_review,,,https://www.youtube.com/watch?v=r6PxQkmcoDY,latin,nhac_vn|nhaccuatui|shazam|qobuz|allmusic|youtube,DIFFERENT,HIGH
song_6c7debc38d9534d5,Chiếc Áo Bà Ba - Lê Sang | MV FULL HD,Ca Sĩ Lê Sang,Bolero,youtube_description,https://www.youtube.com/watch?v=68zD26aVUnk,Chiếc Áo Bà Ba - Lê Sang | MV FULL HD,Ca Sĩ Lê Sang,1.0,medium,gl/yaJu5X ----------------------------------------------------------------------------- Lê Sang hát BOLERO: https://goo.gl/QBQVe2 Lê Sang hát song ca 2018: https://goo.gl/KyRRjS Nhạc Bolero Lê Sang 2018: https://goo.gl/yNUzgL Lê Sang karaoke 2018: https://goo.gl/8cJ3Fe Lê Sang Bolero Trữ Tình: https://goo.gl/c92BVr Lê,found_needs_review,,,https://www.youtube.com/watch?v=68zD26aVUnk,latin,youtube,DIFFERENT,LOW
song_38e59b122309141a,Chiều Bên Đồi Sim - Phương Anh (Official 4K MV),Phương Anh Bolero,Bolero,youtube_description,https://www.youtube.com/watch?v=TlZyi8I_fqU,Chiều Bên Đồi Sim - Phương Anh (Official 4K MV),Phương Anh Bolero,1.0,medium,i không phai tàn úa màu. ───────────────────── ➥Đây là kênh Youtube chính thức của ca sĩ Phương Anh Bolero. ➥Đừng quên đăng ký kênh để cập nhật những sản phẩm mới nhất nhé! ➥Đăng ký theo dõi kênh miễn phí tại: http://popsww.com/phuonganhbolero ───────────────────── ⏩ MV MỚI NHẤT: http://bit.ly/MvMoiNhatPhuongAnh ⏩ HÔM,found_needs_review,,,https://www.youtube.com/watch?v=TlZyi8I_fqU,traditional folk,apple_music,DIFFERENT,HIGH
song_ca338ef326a65b7b,CHIỀU THU HỌA BÓNG NÀNG | DATKAA x QT BEATZ | OFFICIAL MUSIC VIDEO,DatKaa Official,V-Pop,zingmp3_title_artist_search,https://zingmp3.vn/bai-hat/Chieu-Thu-Hoa-Bong-Nang-DatKaa/JbEhI0I3Yp1y.html,Chiều Thu Họa Bóng Nàng,DatKaa,0.893,medium,"[{""id"":""el0RHYY9aI0v"",""name"":""Việt Nam"",""title"":""Việt Nam"",""alias"":""viet-nam"",""link"":""/the-loai-album/Viet-Nam/el0RHYY9aI0v.html""},{""id"":""iawjijA80yVd"",""name"":""V-Pop"",""title"":""V-Pop"",""alias"":""v-pop"",""link"":""/the-loai-album/V-Pop/iawjijA80yVd.html""}]; title_score=1.000; artist_score=0.571",found_needs_review,,,https://www.youtube.com/watch?v=PlVlWl8kKmg,pop|country,nhaccuatui|shazam,DIFFERENT,HIGH
song_af124b14bb05c046,Chiều Trên Bến Cảng - Phan Tuân [MV HD],Nhạc Cách Mạng Tiền Chiến,Nhạc Cách Mạng,youtube_description,https://www.youtube.com/watch?v=1x4j6W0m3m4,Chiều Trên Bến Cảng - Phan Tuân [MV HD],Nhạc Cách Mạng Tiền Chiến,1.0,medium,▶ Theo dõi kênh Nhạc Cách Mạng Tiền Chiến: https://goo.gl/asFAPL ----------------------------- Những Bài Hát Hay Nhất:https://goo.gl/VcdKsJ Nhạc Đỏ Trữ Tình Quê Hương:https://goo.gl/29b7nt Tình Ca Tây Bắc Hay Nhất:https://goo.gl/TTVzMq,found_needs_review,,,https://www.youtube.com/watch?v=1x4j6W0m3m4,pop,apple_music,DIFFERENT,HIGH
song_56bfb41ffd89f6cd,Cho Anh Một Chút Hy Vọng (sped up),"Haukong, Flymingo",V-Pop,zingmp3_title_artist_search,https://zingmp3.vn/bai-hat/Cho-Anh-Mot-Chut-Hy-Vong-Haukong-Flymingo/XmlO9UFtikBW.html,Cho Anh Một Chút Hy Vọng,"Haukong, Flymingo",0.893,medium,"[{""id"":""el0RHYY9aI0v"",""name"":""Việt Nam"",""title"":""Việt Nam"",""alias"":""viet-nam"",""link"":""/the-loai-album/Viet-Nam/el0RHYY9aI0v.html""},{""id"":""iawjijA80yVd"",""name"":""V-Pop"",""title"":""V-Pop"",""alias"":""v-pop"",""link"":""/the-loai-album/V-Pop/iawjijA80yVd.html""}]; title_score=0.857; artist_score=1.000",found_needs_review,Z6WDAA6E,https://zingmp3.vn/bai-hat/Cho-Anh-Mot-Chut-Hy-Vong-sped-up-Haukong-Flymingo/Z6WDAA6E.html,,pop|house,apple_music|shazam|nhaccuatui|nhac_vn|qobuz|allmusic|youtube,DIFFERENT,HIGH
song_6d06110dfb136993,CHO ANH XIN THÊM 1 PHÚT | TRỊNH THĂNG BÌNH ft LIZ KIM CƯƠNG | OFFICIAL MV,Trịnh Thăng Bình Official,V-Pop,zingmp3_title_artist_search,https://zingmp3.vn/bai-hat/Cho-Anh-Xin-Them-1-Phut-Trinh-Thang-Binh-Liz-Kim-Cuong/tLXOUpfLdtWZ.html,Cho Anh Xin Thêm 1 Phút,"Trịnh Thăng Bình, Liz Kim Cương",0.914,medium,"[{""id"":""el0RHYY9aI0v"",""name"":""Việt Nam"",""title"":""Việt Nam"",""alias"":""viet-nam"",""link"":""/the-loai-album/Viet-Nam/el0RHYY9aI0v.html""},{""id"":""iawjijA80yVd"",""name"":""V-Pop"",""title"":""V-Pop"",""alias"":""v-pop"",""link"":""/the-loai-album/V-Pop/iawjijA80yVd.html""}]; title_score=1.000; artist_score=0.655",found_needs_review,,,https://www.youtube.com/watch?v=U4P3djsPU94,house,shazam|nhaccuatui|nhac_vn|allmusic|qobuz|youtube,DIFFERENT,HIGH
song_7d2be5dbd20faba2,Cho Em Gần Anh Thêm Chút Nữa | Hương Tràm | Official OST | Nhạc trẻ hay mới nhất,YEAH1 MUSIC,V-Pop,zingmp3_title_artist_search,https://zingmp3.vn/bai-hat/Cho-Em-Gan-Anh-Them-Chut-Nua-Le-Quyen-Hoai-Sa/DMjWSAdwk6Ry.html,Cho Em Gần Anh Thêm Chút Nữa,"Lệ Quyên, Hoài Sa",0.843,low,"[{""id"":""el0RHYY9aI0v"",""name"":""Việt Nam"",""title"":""Việt Nam"",""alias"":""viet-nam"",""link"":""/the-loai-album/Viet-Nam/el0RHYY9aI0v.html""},{""id"":""iawjijA80yVd"",""name"":""V-Pop"",""title"":""V-Pop"",""alias"":""v-pop"",""link"":""/the-loai-album/V-Pop/iawjijA80yVd.html""}]; title_score=1.000; artist_score=0.370",found_needs_review,,,https://www.youtube.com/watch?v=S98ZNXXq9uY,pop|house,apple_music|nhac_vn|nhaccuatui|shazam|allmusic|qobuz|youtube,DIFFERENT,HIGH
song_02b371edc8807aa4,CHUYẾN XE | PHAN MẠNH QUỲNH x ORANGE | OFFICIAL MV,Phan Mạnh Quỳnh Official,V-Pop,zingmp3_title_artist_search,https://zingmp3.vn/bai-hat/Chuyen-Xe-Phan-Manh-Quynh-Orange/ctetH8PBCmq3.html,Chuyến Xe,"Phan Mạnh Quỳnh, Orange",0.946,medium,"[{""id"":""el0RHYY9aI0v"",""name"":""Việt Nam"",""title"":""Việt Nam"",""alias"":""viet-nam"",""link"":""/the-loai-album/Viet-Nam/el0RHYY9aI0v.html""},{""id"":""iawjijA80yVd"",""name"":""V-Pop"",""title"":""V-Pop"",""alias"":""v-pop"",""link"":""/the-loai-album/V-Pop/iawjijA80yVd.html""}]; title_score=1.000; artist_score=0.783",found_needs_review,,,https://www.youtube.com/watch?v=uM6UAXLa3ck,worldwide,apple_music,DIFFERENT,HIGH
song_c767f79d1ee5af5d,Chuyện Tình Cô Lái Đò Bến Hạ - Phương Anh | Official MV,Phương Anh Bolero,Bolero,youtube_description,https://www.youtube.com/watch?v=Q7iLZQljBmA,Chuyện Tình Cô Lái Đò Bến Hạ - Phương Anh | Official MV,Phương Anh Bolero,1.0,medium,truân và lắm đau buồn... ───────────────────── ➥Đây là kênh Youtube chính thức của ca sĩ Phương Anh Bolero. ➥Đừng quên đăng ký kênh để cập nhật những sản phẩm mới nhất nhé! ➥Đăng ký theo dõi kênh miễn phí tại: http://popsww.com/phuonganhbolero ───────────────────── ➥Connect with Phương Anh Bolero: ● Facebook: https://,found_needs_review,,,https://www.youtube.com/watch?v=Q7iLZQljBmA,hip hop|rap|trữ tình,apple_music|zingmp3,DIFFERENT,HIGH
song_b2116a938171d9be,Chuyện Đôi Ta - Emcee L (Da LAB) ft Muộii (Official MV),Da LAB Official,V-Pop,zingmp3_title_artist_search,https://zingmp3.vn/bai-hat/Chuyen-Doi-Ta-Emcee-L-Muoii/GI75NVNdiGAZ.html,Chuyện Đôi Ta,"Emcee L, Muộii",0.857,low,"[{""id"":""el0RHYY9aI0v"",""name"":""Việt Nam"",""title"":""Việt Nam"",""alias"":""viet-nam"",""link"":""/the-loai-album/Viet-Nam/el0RHYY9aI0v.html""},{""id"":""iawjijA80yVd"",""name"":""V-Pop"",""title"":""V-Pop"",""alias"":""v-pop"",""link"":""/the-loai-album/V-Pop/iawjijA80yVd.html""}]; title_score=1.000; artist_score=0.429",found_needs_review,,,https://www.youtube.com/watch?v=6eONmnFB9sw,pop|rock việt,apple_music|zingmp3,DIFFERENT,HIGH
song_8d3a10434619b3f7,Chàng Trai Bất Tử | SiNo ft. An Vũ (prod. by MKM)| SiNo studio MV,SiNo studio,V-Pop,zingmp3_title_artist_search,https://zingmp3.vn/bai-hat/Chang-Trai-Bat-Tu-An-Vu-SINO/2yH1czJJpeNG.html,Chàng Trai Bất Tử,"An Vũ, SINO",0.845,low,"[{""id"":""el0RHYY9aI0v"",""name"":""Việt Nam"",""title"":""Việt Nam"",""alias"":""viet-nam"",""link"":""/the-loai-album/Viet-Nam/el0RHYY9aI0v.html""},{""id"":""iawjijA80yVd"",""name"":""V-Pop"",""title"":""V-Pop"",""alias"":""v-pop"",""link"":""/the-loai-album/V-Pop/iawjijA80yVd.html""}]; title_score=1.000; artist_score=0.381",found_needs_review,,,https://www.youtube.com/watch?v=oWENAdVkHRk,electronic|rock|space rock,discogs,DIFFERENT,HIGH
song_81e34ff2afd203f1,Chưa Kịp Nói Lời Yêu (Remix),Liu Quoc Viet,V-Pop,zingmp3_title_artist_search,https://zingmp3.vn/bai-hat/Chua-Kip-Noi-Loi-Yeu-Em-Liu-Quoc-Viet/ET0DmLuxSmrV.html,Chưa Kịp Nói Lời Yêu Em,Liu Quốc Việt,0.954,medium,"[{""id"":""el0RHYY9aI0v"",""name"":""Việt Nam"",""title"":""Việt Nam"",""alias"":""viet-nam"",""link"":""/the-loai-album/Viet-Nam/el0RHYY9aI0v.html""},{""id"":""iawjijA80yVd"",""name"":""V-Pop"",""title"":""V-Pop"",""alias"":""v-pop"",""link"":""/the-loai-album/V-Pop/iawjijA80yVd.html""}]; title_score=0.939; artist_score=1.000",found_needs_review,ZW7WEUIB,https://zingmp3.vn/bai-hat/Chua-Kip-Noi-Loi-Yeu-Remix-Liu-Quoc-Viet/ZW7WEUIB.html,,pop,apple_music,DIFFERENT,HIGH
song_063d6afabe351334,CHƯA QUÊN NGƯỜI YÊU CŨ | HÀ NHI x HỨA KIM TUYỀN | Official Live Performance,Hà Nhi Official,V-Pop,zingmp3_title_artist_search,https://zingmp3.vn/bai-hat/Chua-Quen-Nguoi-Yeu-Cu-Live-Ha-Nhi-Trung-Quan/HDQED3JSO58H.html,Chưa Quên Người Yêu Cũ (Live),"Hà Nhi, Trung Quân",0.798,low,"[{""id"":""el0RHYY9aI0v"",""name"":""Việt Nam"",""title"":""Việt Nam"",""alias"":""viet-nam"",""link"":""/the-loai-album/Viet-Nam/el0RHYY9aI0v.html""},{""id"":""iawjijA80yVd"",""name"":""V-Pop"",""title"":""V-Pop"",""alias"":""v-pop"",""link"":""/the-loai-album/V-Pop/iawjijA80yVd.html""}]; title_score=0.898; artist_score=0.500",found_needs_review,,,https://www.youtube.com/watch?v=6fIj4UwdSYo,country|pop,shazam|youtube,DIFFERENT,HIGH
song_349b56278f2f8537,Chắc Ai Đó Sẽ Về | Sơn Tùng MTP | OFFICIAL MUSIC VIDEO | Nhạc trẻ hay,YEAH1 MUSIC,Rock Việt,zingmp3_title_artist_search,https://zingmp3.vn/bai-hat/Chac-Ai-Do-Se-Ve-IPR-vipHachi-MVP-Music-Group/Ya9onNf26vqh.html,Chắc Ai Đó Sẽ Về,"IPR vipHachi, MVP Music Group",0.853,low,"[{""id"":""el0RHYY9aI0v"",""name"":""Việt Nam"",""title"":""Việt Nam"",""alias"":""viet-nam"",""link"":""/the-loai-album/Viet-Nam/el0RHYY9aI0v.html""},{""id"":""IA2Kvb5OoQX8"",""name"":""Rock Việt"",""title"":""Rock Việt"",""alias"":""rock-viet"",""link"":""/the-loai-album/Rock-Viet/IA2Kvb5OoQX8.html""}]; title_score=1.000; artist_score=0.410",found_needs_review,,,https://www.youtube.com/watch?v=H-fI_h_pXw8,nhạc phim|v-pop,zingmp3,DIFFERENT,HIGH
song_74f81a6525acf4b5,CHẮC ANH CÓ NỖI KHỔ TÂM | THIỀU BẢO TRÂM x CHÂU ĐĂNG KHOA (OFFICIAL MV),Thiều Bảo Trâm Official,V-Pop,zingmp3_title_artist_search,https://zingmp3.vn/bai-hat/Chac-Anh-Co-Noi-Kho-Tam-Thieu-Bao-Tram-Chau-Dang-Khoa/m1hf2TKQRzb4.html,Chắc Anh Có Nỗi Khổ Tâm,"Thiều Bảo Trâm, Châu Đăng Khoa",0.917,medium,"[{""id"":""el0RHYY9aI0v"",""name"":""Việt Nam"",""title"":""Việt Nam"",""alias"":""viet-nam"",""link"":""/the-loai-album/Viet-Nam/el0RHYY9aI0v.html""},{""id"":""iawjijA80yVd"",""name"":""V-Pop"",""title"":""V-Pop"",""alias"":""v-pop"",""link"":""/the-loai-album/V-Pop/iawjijA80yVd.html""}]; title_score=1.000; artist_score=0.667",found_needs_review,,,https://www.youtube.com/watch?v=mwj-R9EY2GI,house|indie,youtube,DIFFERENT,LOW
song_bd2e44db8a7982c1,Chẳng Thể Tìm Được Em,PHUCXP,R&B Việt,zingmp3_title_artist_search,https://zingmp3.vn/bai-hat/Chang-The-Tim-Duoc-Em-PhucXP-Freak-D/XzXsVIbd4YI8.html,Chẳng Thể Tìm Được Em,"PhucXP, Freak D",0.9,medium,"[{""id"":""el0RHYY9aI0v"",""name"":""Việt Nam"",""title"":""Việt Nam"",""alias"":""viet-nam"",""link"":""/the-loai-album/Viet-Nam/el0RHYY9aI0v.html""},{""id"":""Qvf5V6XIXLP3"",""name"":""R&B Việt"",""title"":""R&B Việt"",""alias"":""r-b-viet"",""link"":""/the-loai-album/R-B-Viet/Qvf5V6XIXLP3.html""}]; title_score=1.000; artist_score=0.600",found_needs_review,,,https://www.youtube.com/watch?v=3EqzaI7qBbU,pop|b việt,apple_music|zingmp3,DIFFERENT,HIGH
song_bced4263f9ab315b,Chẳng Thể Tìm Được Em - PhucXp ft. Freak D | Official Audio,Freak D Music,R&B Việt,zingmp3_title_artist_search,https://zingmp3.vn/bai-hat/Chang-The-Tim-Duoc-Em-PhucXP-Freak-D/XzXsVIbd4YI8.html,Chẳng Thể Tìm Được Em,"PhucXP, Freak D",0.88,low,"[{""id"":""el0RHYY9aI0v"",""name"":""Việt Nam"",""title"":""Việt Nam"",""alias"":""viet-nam"",""link"":""/the-loai-album/Viet-Nam/el0RHYY9aI0v.html""},{""id"":""Qvf5V6XIXLP3"",""name"":""R&B Việt"",""title"":""R&B Việt"",""alias"":""r-b-viet"",""link"":""/the-loai-album/R-B-Viet/Qvf5V6XIXLP3.html""}]; title_score=1.000; artist_score=0.519",found_needs_review,,,https://www.youtube.com/watch?v=mKxzJzp6oes,pop,apple_music,DIFFERENT,HIGH
song_d4a1448f2238b523,Chỉ Còn Ánh Mắt,"Duy Manh,Xuan Hieu",Nhạc Không Lời,zingmp3_title_artist_search,https://zingmp3.vn/bai-hat/Chi-Con-Anh-Mat-Saxo-Xuan-Hieu/c6nTllrekOdX.html,Chỉ Còn Ánh Mắt,Saxo Xuân Hiếu,0.922,medium,"[{""id"":""el0RHYY9aI0v"",""name"":""Việt Nam"",""title"":""Việt Nam"",""alias"":""viet-nam"",""link"":""/the-loai-album/Viet-Nam/el0RHYY9aI0v.html""},{""id"":""XeglO5liOzkF"",""name"":""Nhạc Không Lời"",""title"":""Nhạc Không Lời"",""alias"":""nhac-khong-loi"",""link"":""/the-loai-album/Nhac-Khong-Loi/XeglO5liOzkF.html""}]; title_score=1.000; artist_score=0.688",found_needs_review,ZWZBB6IE,https://zingmp3.vn/bai-hat/Chi-Con-Anh-Mat-Duy-Manh-Xuan-Hieu/ZWZBB6IE.html,,pop,apple_music,DIFFERENT,HIGH
song_ddf9cbb2a30d51a6,Chỉ Có Thể Là Yêu,"Minh Vuong M4U,Tuan Phuong",V-Pop,zingmp3_title_artist_search,https://zingmp3.vn/bai-hat/Chi-Co-The-La-Yeu-Minh-Vuong-M4U/L3G8c2QGyFHh.html,Chỉ Có Thể Là Yêu,Minh Vương M4U,0.925,medium,"[{""id"":""el0RHYY9aI0v"",""name"":""Việt Nam"",""title"":""Việt Nam"",""alias"":""viet-nam"",""link"":""/the-loai-album/Viet-Nam/el0RHYY9aI0v.html""},{""id"":""iawjijA80yVd"",""name"":""V-Pop"",""title"":""V-Pop"",""alias"":""v-pop"",""link"":""/the-loai-album/V-Pop/iawjijA80yVd.html""}]; title_score=1.000; artist_score=0.700",found_needs_review,ZW6BBEFZ,https://zingmp3.vn/bai-hat/Chi-Co-The-La-Yeu-Minh-Vuong-M4U-Dang-Tuan-Phuong/ZW6BBEFZ.html,,pop,apple_music,DIFFERENT,HIGH
song_7b3384cd5157586b,Chờ Đợi Có Đáng Sợ (LIVE) - Andiez,Andiez Music,V-Pop,zingmp3_title_artist_search,https://zingmp3.vn/bai-hat/Cho-Doi-Co-Dang-So-Andiez/jHcmSv8C4HBM.html,Chờ Đợi Có Đáng Sợ,Andiez,0.815,low,"[{""id"":""el0RHYY9aI0v"",""name"":""Việt Nam"",""title"":""Việt Nam"",""alias"":""viet-nam"",""link"":""/the-loai-album/Viet-Nam/el0RHYY9aI0v.html""},{""id"":""iawjijA80yVd"",""name"":""V-Pop"",""title"":""V-Pop"",""alias"":""v-pop"",""link"":""/the-loai-album/V-Pop/iawjijA80yVd.html""}]; title_score=0.865; artist_score=0.667",found_needs_review,,,https://www.youtube.com/watch?v=MTWYLuj1y3g,pop,apple_music,DIFFERENT,HIGH
song_983ec0e3fb3e3c8e,Chờ Đợi Có Đáng Sợ (Lofi Version),Andiez Music,V-Pop,zingmp3_title_artist_search,https://zingmp3.vn/bai-hat/Cho-Doi-Co-Dang-So-Piano-Verison-Andiez/BRXfhaaIYOp9.html,Chờ Đợi Có Đáng Sợ (Piano Verison),Andiez,0.802,low,"[{""id"":""el0RHYY9aI0v"",""name"":""Việt Nam"",""title"":""Việt Nam"",""alias"":""viet-nam"",""link"":""/the-loai-album/Viet-Nam/el0RHYY9aI0v.html""},{""id"":""iawjijA80yVd"",""name"":""V-Pop"",""title"":""V-Pop"",""alias"":""v-pop"",""link"":""/the-loai-album/V-Pop/iawjijA80yVd.html""}]; title_score=0.847; artist_score=0.667",found_needs_review,,,https://www.youtube.com/watch?v=-wpphNkKGXk,pop,apple_music,DIFFERENT,HIGH
song_7412d71b47710380,[classical guitar]NGƯỜI ƠI NGƯỜI Ở ĐỪNG VỀ by Nguyễn Văn Phúc,Official TS.Phúc,Nhạc Cách Mạng | Nhạc Trịnh | V-Pop,youtube_description,https://www.youtube.com/watch?v=MFUzM6nG5Vk,[classical guitar]NGƯỜI ƠI NGƯỜI Ở ĐỪNG VỀ by Nguyễn Văn Phúc,Official TS.Phúc,1.0,medium,om/watch?v=1cRc1E7bTlo 4. Bản tình ca mùa Đông https://www.youtube.com/watch?v=5pRdp276L58&t=23s * Nhạc trẻ Việt Nam 1. Lạc trôi https://www.youtube.com/watch?v=IbUWrKlQmMk 2. Ông bà anh https://www.youtube.com/watch?v=N8Y-gg9QHhE 3. Em gái mưa https://www.youtube.com/watch?v=N8Y-gg9QHhE 4. Đừng hỏi em vì sao https://,found_needs_review,,,https://www.youtube.com/watch?v=MFUzM6nG5Vk,new age,apple_music,DIFFERENT,HIGH
song_58c1ec3a970195f7,[classical guitar] NHỮNG ÁNH SAO ĐÊM play by NGUYỄN VĂN PHÚC,Official TS.Phúc,Nhạc Cách Mạng | Nhạc Trịnh | V-Pop,youtube_description,https://www.youtube.com/watch?v=l8r4wvKVbgc,[classical guitar] NHỮNG ÁNH SAO ĐÊM play by NGUYỄN VĂN PHÚC,Official TS.Phúc,1.0,medium,om/watch?v=1cRc1E7bTlo 4. Bản tình ca mùa Đông https://www.youtube.com/watch?v=5pRdp276L58&t=23s * Nhạc trẻ Việt Nam 1. Lạc trôi https://www.youtube.com/watch?v=IbUWrKlQmMk 2. Ông bà anh https://www.youtube.com/watch?v=N8Y-gg9QHhE 3. Em gái mưa https://www.youtube.com/watch?v=N8Y-gg9QHhE 4. Đừng hỏi em vì sao https://,found_needs_review,,,https://www.youtube.com/watch?v=l8r4wvKVbgc,pop,apple_music,DIFFERENT,HIGH
song_971da076a140299e,Coldzy - Báo Thức (Prod. Wokeup) | Official Music Video,Coldzy,Rap Việt,zingmp3_title_artist_search,https://zingmp3.vn/bai-hat/BAO-THUC-Coldzy/9kjXBE1kYUC7.html,BÁO THỨC,Coldzy,1.0,medium,"[{""id"":""el0RHYY9aI0v"",""name"":""Việt Nam"",""title"":""Việt Nam"",""alias"":""viet-nam"",""link"":""/the-loai-album/Viet-Nam/el0RHYY9aI0v.html""},{""id"":""TqW0gmJ1dR5O"",""name"":""Rap Việt"",""title"":""Rap Việt"",""alias"":""rap-viet"",""link"":""/the-loai-album/Rap-Viet/TqW0gmJ1dR5O.html""}]; title_score=1.000; artist_score=1.000",found_needs_review,,,https://www.youtube.com/watch?v=Tq8EZFopQbg,metal,web_search,DIFFERENT,LOW
song_62246505f519bb7e,CON TRAI CƯNG (Piano Version) | ICM x B Ray | MV Official,ICM Entertainment,V-Pop,zingmp3_title_artist_search,https://zingmp3.vn/bai-hat/Con-Trai-Cung-ICM-B-Ray/B7YpKxGGEwIb.html,Con Trai Cưng,"ICM, B Ray",0.865,low,"[{""id"":""el0RHYY9aI0v"",""name"":""Việt Nam"",""title"":""Việt Nam"",""alias"":""viet-nam"",""link"":""/the-loai-album/Viet-Nam/el0RHYY9aI0v.html""},{""id"":""iawjijA80yVd"",""name"":""V-Pop"",""title"":""V-Pop"",""alias"":""v-pop"",""link"":""/the-loai-album/V-Pop/iawjijA80yVd.html""}]; title_score=1.000; artist_score=0.462",found_needs_review,,,https://www.youtube.com/watch?v=l4RyIm0dZyo,rock|roll|prog rock,discogs,DIFFERENT,HIGH
song_d1d60f83c66f72ad,Cuốn Tiểu Thuyết Buồn,Hien Thuc,V-Pop,zingmp3_title_artist_search,https://zingmp3.vn/bai-hat/Cuon-Tieu-Thuyet-Buon-Nguyen-Van-Chung-Hien-Thuc/BsgWPkAywRpV.html,Cuốn Tiểu Thuyết Buồn,"Nguyễn Văn Chung, Hiền Thục",0.879,low,"[{""id"":""el0RHYY9aI0v"",""name"":""Việt Nam"",""title"":""Việt Nam"",""alias"":""viet-nam"",""link"":""/the-loai-album/Viet-Nam/el0RHYY9aI0v.html""},{""id"":""iawjijA80yVd"",""name"":""V-Pop"",""title"":""V-Pop"",""alias"":""v-pop"",""link"":""/the-loai-album/V-Pop/iawjijA80yVd.html""}]; title_score=1.000; artist_score=0.514",found_needs_review,ZW6979F0,https://zingmp3.vn/bai-hat/Cuon-Tieu-Thuyet-Buon-Hien-Thuc/ZW6979F0.html,,pop,apple_music,DIFFERENT,HIGH
song_b482d5721fd8fe2d,Cuộc Sống,Huu Truong,V-Pop,zingmp3_title_artist_search,https://zingmp3.vn/bai-hat/Cuoc-Song-Huu-Truong/UEqKTe7szI0G.html,Cuộc Sống,Hữu Trường,1.0,medium,"[{""id"":""el0RHYY9aI0v"",""name"":""Việt Nam"",""title"":""Việt Nam"",""alias"":""viet-nam"",""link"":""/the-loai-album/Viet-Nam/el0RHYY9aI0v.html""},{""id"":""iawjijA80yVd"",""name"":""V-Pop"",""title"":""V-Pop"",""alias"":""v-pop"",""link"":""/the-loai-album/V-Pop/iawjijA80yVd.html""}]; title_score=1.000; artist_score=1.000",found_needs_review,Z7CIW80U,https://zingmp3.vn/bai-hat/Anh-Chinh-La-Cuoc-Song-Cua-Em-Hoang-Chau/Z7CIW80U.html,,pop,apple_music,DIFFERENT,HIGH
song_2260f938d23a6f00,Cuộc Tình Cay Đắng,Minh Tuyet,V-Pop,zingmp3_title_artist_search,https://zingmp3.vn/bai-hat/Cuoc-Tinh-Cay-Dang-Dan-Truong/xk89oyrla3Lc.html,Cuộc Tình Cay Đắng,Đan Trường,0.855,low,"[{""id"":""el0RHYY9aI0v"",""name"":""Việt Nam"",""title"":""Việt Nam"",""alias"":""viet-nam"",""link"":""/the-loai-album/Viet-Nam/el0RHYY9aI0v.html""},{""id"":""iawjijA80yVd"",""name"":""V-Pop"",""title"":""V-Pop"",""alias"":""v-pop"",""link"":""/the-loai-album/V-Pop/iawjijA80yVd.html""}]; title_score=1.000; artist_score=0.421",found_needs_review,ZWZC0BAZ,https://zingmp3.vn/bai-hat/Cuoc-Tinh-Cay-Dang-Minh-Tuyet/ZWZC0BAZ.html,,worldwide|pop|vocal,apple_music|discogs,DIFFERENT,HIGH
song_0fa2471867c86922,Cuộc Tình Không Trọn Vẹn,Chau Gia Kiet,V-Pop,zingmp3_title_artist_search,https://zingmp3.vn/bai-hat/Cuoc-Tinh-Khong-Tron-Ven-Duong-Gia-Khanh/zRnyNnbIVv5X.html,Cuộc Tình Không Trọn Vẹn,Dương Gia Khánh,0.875,low,"[{""id"":""el0RHYY9aI0v"",""name"":""Việt Nam"",""title"":""Việt Nam"",""alias"":""viet-nam"",""link"":""/the-loai-album/Viet-Nam/el0RHYY9aI0v.html""},{""id"":""iawjijA80yVd"",""name"":""V-Pop"",""title"":""V-Pop"",""alias"":""v-pop"",""link"":""/the-loai-album/V-Pop/iawjijA80yVd.html""}]; title_score=1.000; artist_score=0.500",found_needs_review,ZWZEF7CD,https://zingmp3.vn/bai-hat/Cuoc-Tinh-Khong-Tron-Ven-Chau-Gia-Kiet/ZWZEF7CD.html,,pop,apple_music,DIFFERENT,HIGH
song_c72c305540e3100c,Cành Hoa Trắng,Le Hieu,V-Pop,zingmp3_title_artist_search,https://zingmp3.vn/bai-hat/Canh-Hoa-Trang-Le-Hieu/cjvZNS5PXzQC.html,Cành Hoa Trắng,Lê Hiếu,1.0,medium,"[{""id"":""el0RHYY9aI0v"",""name"":""Việt Nam"",""title"":""Việt Nam"",""alias"":""viet-nam"",""link"":""/the-loai-album/Viet-Nam/el0RHYY9aI0v.html""},{""id"":""iawjijA80yVd"",""name"":""V-Pop"",""title"":""V-Pop"",""alias"":""v-pop"",""link"":""/the-loai-album/V-Pop/iawjijA80yVd.html""}]; title_score=1.000; artist_score=1.000",found_needs_review,ZWZBC8CC,https://zingmp3.vn/bai-hat/Canh-Hoa-Trang-Le-Hieu/ZWZBC8CC.html,,pop,apple_music,DIFFERENT,HIGH
song_05a01d696e8b6c27,Cánh Hoa Yêu - Phương Anh (Official 4K MV),Phương Anh Bolero,Bolero,youtube_description,https://www.youtube.com/watch?v=mHkNFRJs8ug,Cánh Hoa Yêu - Phương Anh (Official 4K MV),Phương Anh Bolero,1.0,medium,ái hoa đời kết tâm tình. ───────────────────── ➥Đây là kênh Youtube chính thức của ca sĩ Phương Anh Bolero. ➥Đừng quên đăng ký kênh để cập nhật những sản phẩm mới nhất nhé! ➥Đăng ký theo dõi kênh miễn phí tại: http://popsww.com/phuonganhbolero ───────────────────── ➥Connect with Phương Anh Bolero: ● Facebook: https://,found_needs_review,,,https://www.youtube.com/watch?v=mHkNFRJs8ug,traditional folk|country,apple_music|qobuz,DIFFERENT,HIGH
song_f52518ad88ea4cc0,Cánh Hồng Phai - Hoàng Yến Chibi | Official Music Video (Kế Hoạch Đổi Chồng OST),Hoàng Yến Chibi Official,Nhạc Phim,youtube_description,https://www.youtube.com/watch?v=CrT_9jIWBKU,Cánh Hồng Phai - Hoàng Yến Chibi | Official Music Video (Kế Hoạch Đổi Chồng OST),Hoàng Yến Chibi Official,1.0,medium,Cánh Hồng Phai - Hoàng Yến Chibi | Kế Hoạch Đổi Chồng OST --------------------- Đăng ký kênh để xem nhiều video mới tại : http://metub.net/hoangyenchibi Theo dõi Hoàng Yến Chi Bi trên ►FANPAGE : https://www.facebook.com/hoangyenfan/ --------------------- © Bản quyền thuộc,found_needs_review,,,https://www.youtube.com/watch?v=CrT_9jIWBKU,pop|v-pop,apple_music|zingmp3,DIFFERENT,HIGH
song_78ff4bdaf0a9da9b,Cánh Hồng Phai - Phương Ý (Cover) | Bài Hát Hay Nhất Về Cuộc Đời Con Gái Nên Nghe Và Ngẫm,Phương Ý Official,Bolero,youtube_description,https://www.youtube.com/watch?v=dIxv3f_RRls,Cánh Hồng Phai - Phương Ý (Cover) | Bài Hát Hay Nhất Về Cuộc Đời Con Gái Nên Nghe Và Ngẫm,Phương Ý Official,1.0,medium,à Ngẫm Sáng tác: Dương Khắc Linh Hòa âm & Phối khí: Vĩnh Tâm Ca sĩ: Phương Ý (Quán Quân Thần Tượng Bolero 2019) #CanhHongPhai #PhuongY #MaiPhuong #TranThanh #Cover #QuanQuanThanTuongBolero2019 #ThanTuongBolero --LYRICS-- Verse 1 Nàng như một đóa hồng phai Hương sắc héo hon theo những ngày dài Cuộc tình đi qua trong,found_needs_review,,,https://www.youtube.com/watch?v=dIxv3f_RRls,trữ tình|house,zingmp3|allmusic,DIFFERENT,HIGH
song_ca844a1a10587712,Cát Bụi Cuộc Đời - Phương Anh (Official MV),Phương Anh Bolero,Bolero,youtube_description,https://www.youtube.com/watch?v=ht727lX72vI,Cát Bụi Cuộc Đời - Phương Anh (Official MV),Phương Anh Bolero,1.0,medium,uyện thế sự nơi trần ai. ───────────────────── ➥Đây là kênh Youtube chính thức của ca sĩ Phương Anh Bolero. ➥Đừng quên đăng ký kênh để cập nhật những sản phẩm mới nhất nhé! ➥Đăng ký theo dõi kênh miễn phí tại: http://popsww.com/phuonganhbolero ───────────────────── ⏩ MV MỚI NHẤT: http://bit.ly/MvMoiNhatPhuongAnh ⏩ HÔM,found_needs_review,,,https://www.youtube.com/watch?v=ht727lX72vI,pop,apple_music|nhac_vn,DIFFERENT,HIGH
song_bc3ecd1bf5c168e3,♬CÂU HỨA CHƯA VẸN TRÒN - PHÁT HUY T4 x HOÀNG GREEN || OFFICIAL MUSIC VIDEO,Phát Huy T4,V-Pop,zingmp3_title_artist_search,https://zingmp3.vn/bai-hat/Cau-Hua-Chua-Ven-Tron-Phat-Huy-T4/DnuUbcHnzUpG.html,Câu Hứa Chưa Vẹn Tròn,Phát Huy T4,1.0,medium,"[{""id"":""el0RHYY9aI0v"",""name"":""Việt Nam"",""title"":""Việt Nam"",""alias"":""viet-nam"",""link"":""/the-loai-album/Viet-Nam/el0RHYY9aI0v.html""},{""id"":""iawjijA80yVd"",""name"":""V-Pop"",""title"":""V-Pop"",""alias"":""v-pop"",""link"":""/the-loai-album/V-Pop/iawjijA80yVd.html""}]; title_score=1.000; artist_score=1.000",found_needs_review,,,https://www.youtube.com/watch?v=wJ4w8L8GCHk,dance|pop,apple_music|youtube,DIFFERENT,HIGH
song_3cc7bd0a82c5a919,Câu Hứa Chưa Vẹn Tròn Remix VER 2 ( Dj Đại Mèo remix ) Trách thân anh không thể níu em dù một giây,BD Media Music,V-Pop,youtube_description,https://www.youtube.com/watch?v=uI4hZ5CQJ_8,Câu Hứa Chưa Vẹn Tròn Remix VER 2 ( Dj Đại Mèo remix ) Trách thân anh không thể níu em dù một giây,BD Media Music,1.0,medium,"Đừng quên Đăng ký (Subscribe) BD Media Music để xem ngay Music Video Hot, Phim Ca Nhạc và Liên Khúc nhạc trẻ remix hay nhất 2018 nhé cả nhà. ✔ Đây là ca khúc được độc quyền bởi Công Ty BDMedia. Đề nghị các tổ chức, cá nhân không reup dưới mọi hình thức. LH Bản Quyền : bdmediamusic@gmail.com ----------------------------",found_needs_review,,,https://www.youtube.com/watch?v=uI4hZ5CQJ_8,pop|soul,apple_music|qobuz,DIFFERENT,HIGH
song_1e538922a29d4345,CÒ LẢ - OFFICIAL MV | YẾN LÊ ft YANBI,Yến Lê Official,Nhạc Dân Ca - Quê Hương | Rap Việt,youtube_description,https://www.youtube.com/watch?v=1IZvxVNs0OY,CÒ LẢ - OFFICIAL MV | YẾN LÊ ft YANBI,Yến Lê Official,1.0,medium,"ày thay cho lời cám ơn chân thành nhất gửi tới tất cả khán giả đã yêu thương mình . Đây là ca khúc dân ca được mashup với rất nhiều những ca khúc dân gian quen thuộc : Qua Cầu Gió Bay , Người Ở Đừng Về , Bèo Dạt Mây Trôi .. Cộng với sự sáng tạo mang chất hiphop underground của #YếnLê #YanBi vào ca khúc .. và bản phối",found_needs_review,,,https://www.youtube.com/watch?v=1IZvxVNs0OY,reggae|folk|world|country,apple_music|discogs,DIFFERENT,HIGH
song_35002fcc488c3fc2,Còn Ta Với Nồng Nàn,Quang Dung,Nhạc Trữ Tình,zingmp3_title_artist_search,https://zingmp3.vn/bai-hat/Con-Ta-Voi-Nong-Nan-Bang-Kieu/kLIoo7PXnINS.html,Còn Ta Với Nồng Nàn,Bằng Kiều,0.882,medium,"[{""id"":""el0RHYY9aI0v"",""name"":""Việt Nam"",""title"":""Việt Nam"",""alias"":""viet-nam"",""link"":""/the-loai-album/Viet-Nam/el0RHYY9aI0v.html""},{""id"":""brC6BYOzAGjo"",""name"":""Nhạc Trữ Tình"",""title"":""Nhạc Trữ Tình"",""alias"":""nhac-tru-tinh"",""link"":""/the-loai-album/Nhac-Tru-Tinh/brC6BYOzAGjo.html""}]; title_score=1.000; artist_score=0.526",found_needs_review,ZWZCUIB7,https://zingmp3.vn/bai-hat/Con-Ta-Voi-Nong-Nan-Quang-Dung/ZWZCUIB7.html,,worldwide|pop|folk|world|country|ballad|vocal,apple_music|discogs|musicbrainz,DIFFERENT,HIGH
song_36891c4dd65243c0,Có Anh Ở Đây | Bảo Anh ft Cheng | Official MV,Bảo Anh,V-Pop,zingmp3_title_artist_search,https://zingmp3.vn/bai-hat/Co-Anh-O-Day-Bao-Anh-Cheng/V86iLmfURW04.html,Có Anh Ở Đây,"Bảo Anh, Cheng",0.925,medium,"[{""id"":""el0RHYY9aI0v"",""name"":""Việt Nam"",""title"":""Việt Nam"",""alias"":""viet-nam"",""link"":""/the-loai-album/Viet-Nam/el0RHYY9aI0v.html""},{""id"":""iawjijA80yVd"",""name"":""V-Pop"",""title"":""V-Pop"",""alias"":""v-pop"",""link"":""/the-loai-album/V-Pop/iawjijA80yVd.html""}]; title_score=1.000; artist_score=0.700",found_needs_review,,,https://www.youtube.com/watch?v=mub_hR5v4zw,pop,apple_music,DIFFERENT,HIGH
song_68320a1fd101567c,Có Nhớ Đêm Nào,Chau Gia Kiet,V-Pop,zingmp3_title_artist_search,https://zingmp3.vn/bai-hat/Co-Nho-Dem-Nao-Chau-Gia-Kiet/b7EsuvuTkUqA.html,Có Nhớ Đêm Nào,Châu Gia Kiệt,1.0,medium,"[{""id"":""el0RHYY9aI0v"",""name"":""Việt Nam"",""title"":""Việt Nam"",""alias"":""viet-nam"",""link"":""/the-loai-album/Viet-Nam/el0RHYY9aI0v.html""},{""id"":""iawjijA80yVd"",""name"":""V-Pop"",""title"":""V-Pop"",""alias"":""v-pop"",""link"":""/the-loai-album/V-Pop/iawjijA80yVd.html""}]; title_score=1.000; artist_score=1.000",found_needs_review,Z7U9I9CO,https://zingmp3.vn/bai-hat/Co-Nho-Dem-Nao-Thach-Thuc-Gioi-Han-Quach-Thanh-Danh-Nhat-Kim-Anh/Z7U9I9CO.html,,pop,apple_music,DIFFERENT,HIGH
song_ff198bd399c21899,Có Đau Cũng Là Xứng Đáng - Quốc Thiên |  Official MV | OST Cái Giá Của Hạnh Phúc,Quốc Thiên Official,Nhạc Phim,youtube_description,https://www.youtube.com/watch?v=7P9LerF-f8U,Có Đau Cũng Là Xứng Đáng - Quốc Thiên |  Official MV | OST Cái Giá Của Hạnh Phúc,Quốc Thiên Official,1.0,medium,Có Đau Cũng Là Xứng Đáng - Quốc Thiên | Official MV OST Cái Giá Của Hạnh Phúc #Codaucunglaxungdang #quocthien #caigiacuahanhphuc #ost #officialmv #thaihoa #xuanlan #huuchau #uyenan Link tổng: https://smevn.lnk.to/CDCLXD - Spotify: https://smevn.lnk.to/CDCLXD/spotify -,found_needs_review,,,https://www.youtube.com/watch?v=7P9LerF-f8U,pop|v-pop,apple_music|zingmp3,DIFFERENT,HIGH
song_81607d690dd02624,Cô Ba Sài Gòn OST - Đông Nhi | Nhạc Phim Chính Thức,Veronica Ngo,Nhạc Phim,youtube_description,https://www.youtube.com/watch?v=T99SZMnAZ7I,Cô Ba Sài Gòn OST - Đông Nhi | Nhạc Phim Chính Thức,Veronica Ngo,1.0,medium,CÔ BA SÀI GÒN OST - ĐÔNG NHI (Official Music Video) Composer by OnlyC - Nguyễn Phúc Thiện Mix & Master: Only C Director: Tino Nguyễn Guest Star: Ninh Dương Lan Ngọc & S.T Dancer: Vũ Đoàn Bước Nhảy Sản phẩm âm nhạc và hình ảnh đư,found_needs_review,,,https://www.youtube.com/watch?v=T99SZMnAZ7I,alternative,nhaccuatui|nhac_vn|shazam|allmusic|qobuz|youtube,DIFFERENT,HIGH
song_d3dd59d78020902d,Cô Gái M52,HuyR,V-Pop,zingmp3_title_artist_search,https://zingmp3.vn/bai-hat/Co-Gai-M52-HuyR/wrjDziLXq6qI.html,Cô Gái M52,HuyR,1.0,medium,"[{""id"":""el0RHYY9aI0v"",""name"":""Việt Nam"",""title"":""Việt Nam"",""alias"":""viet-nam"",""link"":""/the-loai-album/Viet-Nam/el0RHYY9aI0v.html""},{""id"":""iawjijA80yVd"",""name"":""V-Pop"",""title"":""V-Pop"",""alias"":""v-pop"",""link"":""/the-loai-album/V-Pop/iawjijA80yVd.html""}]; title_score=1.000; artist_score=1.000",found_needs_review,,,https://www.youtube.com/watch?v=ax1UCqtk1n0,pop|b việt|alternative,apple_music|zingmp3|nhaccuatui|nhac_vn|shazam|allmusic|qobuz|youtube,DIFFERENT,HIGH
song_6fd65ed4f60cd2b3,Cô Gái Sầm Nưa Xinh Đẹp - Trọng Tấn [Official MV],Nhạc Cách Mạng Tiền Chiến,Nhạc Cách Mạng,youtube_description,https://www.youtube.com/watch?v=vhMQrDTUK0M,Cô Gái Sầm Nưa Xinh Đẹp - Trọng Tấn [Official MV],Nhạc Cách Mạng Tiền Chiến,1.0,medium,▶ Theo dõi kênh Nhạc Cách Mạng Tiền Chiến: https://goo.gl/asFAPL ----------------------------- Những Bài Hát Hay Nhất:https://goo.gl/VcdKsJ Nhạc Đỏ Trữ Tình Quê Hương:https://goo.gl/29b7nt Tình Ca Tây Bắc Hay Nhất:https://goo.gl/TTVzMq,found_needs_review,,,https://www.youtube.com/watch?v=vhMQrDTUK0M,pop|alternative,apple_music|shazam|nhaccuatui|nhac_vn|allmusic|qobuz|youtube,DIFFERENT,HIGH
song_4659343aa43b8095,CÔ PHÒNG - HỒ QUANG HIẾU X HUỲNH VĂN | OFFICIAL MUSIC VIDEO,Hồ Quang Hiếu TV,V-Pop,zingmp3_title_artist_search,https://zingmp3.vn/bai-hat/Co-Phong-Ho-Quang-Hieu-Huynh-Van/DXvU2gRmMmDn.html,Cô Phòng,"Hồ Quang Hiếu, Huỳnh Văn",0.942,medium,"[{""id"":""el0RHYY9aI0v"",""name"":""Việt Nam"",""title"":""Việt Nam"",""alias"":""viet-nam"",""link"":""/the-loai-album/Viet-Nam/el0RHYY9aI0v.html""},{""id"":""iawjijA80yVd"",""name"":""V-Pop"",""title"":""V-Pop"",""alias"":""v-pop"",""link"":""/the-loai-album/V-Pop/iawjijA80yVd.html""}]; title_score=1.000; artist_score=0.769",found_needs_review,,,https://www.youtube.com/watch?v=cqNIe8b2skM,alternative,nhaccuatui|shazam|nhac_vn|allmusic|qobuz|youtube,DIFFERENT,HIGH
song_8250f93666e4c6c9,Cô Đơn Dành Cho Ai (Orinn Remix) - NAL x LEE KEN | Nhạc Trẻ Remix Căng Cực Gây Nghiện Nhất 2021,Orinn Mix,V-Pop,youtube_description,https://www.youtube.com/watch?v=tjGJjFE0fxE,Cô Đơn Dành Cho Ai (Orinn Remix) - NAL x LEE KEN | Nhạc Trẻ Remix Căng Cực Gây Nghiện Nhất 2021,Orinn Mix,1.0,medium,Cô Đơn Dành Cho Ai (Orinn Remix) - NAL x LEE KEN | Nhạc Trẻ Remix Căng Cực Gây Nghiện Nhất 2021 #codondanhchoairemix #leeken #nal #orinnremix #remix Nghe tổng hợp các bài hát của NAL tại: https://dini.to/NAL ► Website: https://daoentertainment.com/ ► Nghe Playlist Nh,found_needs_review,,,https://www.youtube.com/watch?v=tjGJjFE0fxE,alternative,nhaccuatui|nhac_vn|shazam|allmusic|qobuz|youtube,DIFFERENT,HIGH
song_b07190072d4ce06d,Cô Đơn Một Vì Sao,Ung Hoang Phuc,V-Pop,zingmp3_title_artist_search,https://zingmp3.vn/bai-hat/Co-Don-Mot-Vi-Sao-Ung-Hoang-Phuc/YzJTZmCOQdQ0.html,Cô Đơn Một Vì Sao,Ưng Hoàng Phúc,1.0,medium,"[{""id"":""el0RHYY9aI0v"",""name"":""Việt Nam"",""title"":""Việt Nam"",""alias"":""viet-nam"",""link"":""/the-loai-album/Viet-Nam/el0RHYY9aI0v.html""},{""id"":""iawjijA80yVd"",""name"":""V-Pop"",""title"":""V-Pop"",""alias"":""v-pop"",""link"":""/the-loai-album/V-Pop/iawjijA80yVd.html""}]; title_score=1.000; artist_score=1.000",found_needs_review,ZWZA8DUU,https://zingmp3.vn/bai-hat/Co-Don-Mot-Vi-Sao-Ung-Hoang-Phuc/ZWZA8DUU.html,,pop|ballad|alternative,apple_music|discogs|nhaccuatui|shazam|nhac_vn|allmusic|qobuz|youtube,DIFFERENT,HIGH
song_30c5c53bf3333c78,"Cô Đơn Trên Sofa - Hồ Ngọc Hà | Anh Thư, Hương Giang, Hoàng Oanh, Quỳnh Lương | Official Music Video",Ho Ngoc Ha's Official Channel,V-Pop,zingmp3_title_artist_search,https://zingmp3.vn/bai-hat/Co-Don-Tren-Sofa-Ho-Ngoc-Ha/ieFU4SnJkk7H.html,Cô Đơn Trên Sofa,Hồ Ngọc Hà,0.878,low,"[{""id"":""el0RHYY9aI0v"",""name"":""Việt Nam"",""title"":""Việt Nam"",""alias"":""viet-nam"",""link"":""/the-loai-album/Viet-Nam/el0RHYY9aI0v.html""},{""id"":""iawjijA80yVd"",""name"":""V-Pop"",""title"":""V-Pop"",""alias"":""v-pop"",""link"":""/the-loai-album/V-Pop/iawjijA80yVd.html""}]; title_score=1.000; artist_score=0.513",found_needs_review,,,https://www.youtube.com/watch?v=UXqxTZ67Jio,alternative,nhaccuatui|nhac_vn|shazam|allmusic|qobuz|youtube,DIFFERENT,HIGH
song_231a7b75d5ab9962,CÔ ĐƠN TRÊN SOFA | Hồ Ngọc Hà x Tăng Duy Tân | Trung Quân live cover at Soul of The Forest,TRUNG QUÂN,V-Pop,zingmp3_title_artist_search,https://zingmp3.vn/bai-hat/Co-Don-Tren-Sofa-Ngo-Khai-Anh/10UPNpCSl7lq.html,Cô Đơn Trên Sofa,Ngô Khải Anh,0.864,low,"[{""id"":""el0RHYY9aI0v"",""name"":""Việt Nam"",""title"":""Việt Nam"",""alias"":""viet-nam"",""link"":""/the-loai-album/Viet-Nam/el0RHYY9aI0v.html""},{""id"":""iawjijA80yVd"",""name"":""V-Pop"",""title"":""V-Pop"",""alias"":""v-pop"",""link"":""/the-loai-album/V-Pop/iawjijA80yVd.html""}]; title_score=1.000; artist_score=0.455",found_needs_review,,,https://www.youtube.com/watch?v=u7ScW1kCgS0,alternative,nhaccuatui|nhac_vn|shazam|allmusic|qobuz|youtube,DIFFERENT,HIGH
song_c51bcebf4e58536f,Cô Ấy Nói (Lofi Ver.) - Ngô Anh Đạt x Freak D,Freak D Music,V-Pop,zingmp3_title_artist_search,https://zingmp3.vn/bai-hat/Co-Ay-Noi-Lofi-Version-Ngo-Anh-Dat-Freak-D/XbmjEhge79D.html,Cô Ấy Nói (Lofi Version),"Ngô Anh Đạt, Freak D",0.788,low,"[{""id"":""el0RHYY9aI0v"",""name"":""Việt Nam"",""title"":""Việt Nam"",""alias"":""viet-nam"",""link"":""/the-loai-album/Viet-Nam/el0RHYY9aI0v.html""},{""id"":""iawjijA80yVd"",""name"":""V-Pop"",""title"":""V-Pop"",""alias"":""v-pop"",""link"":""/the-loai-album/V-Pop/iawjijA80yVd.html""}]; title_score=0.900; artist_score=0.452",found_needs_review,,,https://www.youtube.com/watch?v=59uP6DOkYTM,pop|alternative,apple_music|nhaccuatui|nhac_vn|shazam|allmusic|qobuz|youtube,DIFFERENT,HIGH
song_1e8aaad2e3d486c9,CƯỚI HÔNG CHỐT NHA | ÚT NHỊ FT ĐỖ THÀNH DUY (Official MV) | EM SẼ THEO ANH DÌA,Út Nhị Mino Official,V-Pop,zingmp3_title_artist_search,https://zingmp3.vn/bai-hat/Cuoi-Hong-Chot-Nha-Ut-Nhi-Mino-Do-Thanh-Duy-NH4T/HDpJCi1Rzqwj.html,Cưới Hông Chốt Nha,"Út Nhị Mino, Đỗ Thành Duy, NH4T",0.896,medium,"[{""id"":""el0RHYY9aI0v"",""name"":""Việt Nam"",""title"":""Việt Nam"",""alias"":""viet-nam"",""link"":""/the-loai-album/Viet-Nam/el0RHYY9aI0v.html""},{""id"":""iawjijA80yVd"",""name"":""V-Pop"",""title"":""V-Pop"",""alias"":""v-pop"",""link"":""/the-loai-album/V-Pop/iawjijA80yVd.html""}]; title_score=1.000; artist_score=0.583",found_needs_review,,,https://www.youtube.com/watch?v=8Vqlecx98U4,house,web_search,DIFFERENT,LOW
song_621a5de5e85a0156,Cưới Thôi - Masew x Masiu x B Ray x TAP ( Lyrics Audio ),Masew,Âu Mỹ | Pop,zingmp3_title_artist_search,https://zingmp3.vn/bai-hat/Cuoi-Thoi-Masew/xHf1OmroR2iA.html,Cưới Thôi,Masew,1.0,medium,"[{""id"":""q3564DMx4CZN"",""name"":""Âu Mỹ"",""title"":""Âu Mỹ"",""alias"":""au-my"",""link"":""/the-loai-album/Au-My/q3564DMx4CZN.html""},{""id"":""a72TM8ldqZjJ"",""name"":""Pop"",""title"":""Pop"",""alias"":""pop"",""link"":""/the-loai-album/Pop/a72TM8ldqZjJ.html""}]; title_score=1.000; artist_score=1.000",found_needs_review,,,https://www.youtube.com/watch?v=_8ldAdQd9WU,v-pop,zingmp3,DIFFERENT,HIGH
song_3a87b77e6f724e87,Cảm Ơn Em Đã Từng Yêu Anh (Short),King Band,V-Pop,zingmp3_title_artist_search,https://zingmp3.vn/bai-hat/Cam-On-Em-Da-Tung-Yeu-Anh-King-Band/70D7qqslqEta.html,Cảm Ơn Em Đã Từng Yêu Anh,King Band,0.917,medium,"[{""id"":""el0RHYY9aI0v"",""name"":""Việt Nam"",""title"":""Việt Nam"",""alias"":""viet-nam"",""link"":""/the-loai-album/Viet-Nam/el0RHYY9aI0v.html""},{""id"":""iawjijA80yVd"",""name"":""V-Pop"",""title"":""V-Pop"",""alias"":""v-pop"",""link"":""/the-loai-album/V-Pop/iawjijA80yVd.html""}]; title_score=0.889; artist_score=1.000",found_needs_review,Z7CWEIOA,https://zingmp3.vn/bai-hat/Cam-On-Em-Da-Tung-Yeu-Anh-Short-King-Band/Z7CWEIOA.html,,pop,apple_music,DIFFERENT,HIGH
song_c188d736256f878e,Cần Lắm,"Tra My Idol,Vu Cat Tuong",V-Pop,zingmp3_title_artist_search,https://zingmp3.vn/bai-hat/Can-Lam-Tra-My-Idol-Hoang-Rapper/V8fw45VPFdeJ.html,Cần Lắm,"Trà My Idol, Hoàng Rapper",0.906,medium,"[{""id"":""el0RHYY9aI0v"",""name"":""Việt Nam"",""title"":""Việt Nam"",""alias"":""viet-nam"",""link"":""/the-loai-album/Viet-Nam/el0RHYY9aI0v.html""},{""id"":""iawjijA80yVd"",""name"":""V-Pop"",""title"":""V-Pop"",""alias"":""v-pop"",""link"":""/the-loai-album/V-Pop/iawjijA80yVd.html""}]; title_score=1.000; artist_score=0.625",found_needs_review,ZW68OCDD,https://zingmp3.vn/bai-hat/Can-Lam-Tra-My-Idol-Vu-Cat-Tuong/ZW68OCDD.html,,pop,apple_music|nhac_vn,DIFFERENT,HIGH
song_6469cfa0de6858aa,Cố Quên Anh,Phuong Trang,V-Pop,zingmp3_title_artist_search,https://zingmp3.vn/bai-hat/Co-Quen-Anh-Phuong-Trang/msLwaExK7nOo.html,Cố Quên Anh,Phương Trang,1.0,medium,"[{""id"":""el0RHYY9aI0v"",""name"":""Việt Nam"",""title"":""Việt Nam"",""alias"":""viet-nam"",""link"":""/the-loai-album/Viet-Nam/el0RHYY9aI0v.html""},{""id"":""iawjijA80yVd"",""name"":""V-Pop"",""title"":""V-Pop"",""alias"":""v-pop"",""link"":""/the-loai-album/V-Pop/iawjijA80yVd.html""}]; title_score=1.000; artist_score=1.000",found_needs_review,ZW6WIWWE,https://zingmp3.vn/bai-hat/Co-Quen-Anh-Phuong-Trang/ZW6WIWWE.html,,pop|jazz|rock|latin|funk|soul|blues|folk|world|country|trữ tình|dance,apple_music|discogs|shazam,DIFFERENT,HIGH
song_f68b60f33ef48afb,Cứ Ngỡ Là Anh (Andy Remix) - Đinh Tùng Huy |,ACV Entertainment,V-Pop,youtube_description,https://www.youtube.com/watch?v=4BpX_Nf48eA,Cứ Ngỡ Là Anh (Andy Remix) - Đinh Tùng Huy |,ACV Entertainment,1.0,medium,Cứ Ngỡ Là Anh (Andy Remix) - Đinh Tùng Huy | #CNLA #cungolaanh #andyremix #dinhtunghuy #nhactreremix #tiktokgaynghien MV GỐC:https://www.youtube.com/watch?v=CWYPdvUd6mk Link MP3: https://zingmp3.vn/bai-hat/Cu-Ngo-La-Anh-Dinh-Tung-Huy/ZWB0DOFI.html Nguồn ảnh: https://images.hdqwalls.com/wallpapers/sonic-in-,found_needs_review,,,https://www.youtube.com/watch?v=4BpX_Nf48eA,electronic,discogs,DIFFERENT,HIGH
song_f4f15a1632753542,Da LAB - Thanh Xuân (Official Music Video),Da LAB Official,Rap Việt,zingmp3_title_artist_search,https://zingmp3.vn/bai-hat/Thanh-Xuan-Da-LAB/XBlpIBtWIZYp.html,Thanh Xuân,Da LAB,0.893,medium,"[{""id"":""el0RHYY9aI0v"",""name"":""Việt Nam"",""title"":""Việt Nam"",""alias"":""viet-nam"",""link"":""/the-loai-album/Viet-Nam/el0RHYY9aI0v.html""},{""id"":""TqW0gmJ1dR5O"",""name"":""Rap Việt"",""title"":""Rap Việt"",""alias"":""rap-viet"",""link"":""/the-loai-album/Rap-Viet/TqW0gmJ1dR5O.html""}]; title_score=1.000; artist_score=0.571",found_needs_review,,,https://www.youtube.com/watch?v=GgQFO8dL5XQ,hip hop|rap|pop,apple_music|zingmp3,DIFFERENT,HIGH
song_ad0d215a09d2b823,Da LAB - Từ Ngày Em Đến (Official Music Video),Da LAB Official,V-Pop,zingmp3_title_artist_search,https://zingmp3.vn/bai-hat/Tu-Ngay-Em-Den-Da-LAB/o86cIoWlApfg.html,Từ Ngày Em Đến,Da LAB,0.893,medium,"[{""id"":""el0RHYY9aI0v"",""name"":""Việt Nam"",""title"":""Việt Nam"",""alias"":""viet-nam"",""link"":""/the-loai-album/Viet-Nam/el0RHYY9aI0v.html""},{""id"":""iawjijA80yVd"",""name"":""V-Pop"",""title"":""V-Pop"",""alias"":""v-pop"",""link"":""/the-loai-album/V-Pop/iawjijA80yVd.html""}]; title_score=1.000; artist_score=0.571",found_needs_review,,,https://www.youtube.com/watch?v=AmvA-XJF0j8,pop,apple_music|zingmp3,DIFFERENT,HIGH
song_cd24c783aaa64473,Da Lo Yeu Em Nhieu,JustaTeeMusic,R&B Việt,zingmp3_title_artist_search,https://zingmp3.vn/bai-hat/Da-Lo-Yeu-Em-Nhieu-JustaTee/9AA6ruR26G6L.html,Đã Lỡ Yêu Em Nhiều,JustaTee,0.919,medium,"[{""id"":""el0RHYY9aI0v"",""name"":""Việt Nam"",""title"":""Việt Nam"",""alias"":""viet-nam"",""link"":""/the-loai-album/Viet-Nam/el0RHYY9aI0v.html""},{""id"":""Qvf5V6XIXLP3"",""name"":""R&B Việt"",""title"":""R&B Việt"",""alias"":""r-b-viet"",""link"":""/the-loai-album/R-B-Viet/Qvf5V6XIXLP3.html""}]; title_score=0.971; artist_score=0.762",found_needs_review,,,https://www.youtube.com/watch?v=9mxTxTRHNMU,b việt,zingmp3,DIFFERENT,HIGH
song_2afde24e2e247f5f,dang quen - TAMA (Official Music Video),TAMA,V-Pop,youtube_description,https://www.youtube.com/watch?v=s18ULX1wBeg,dang quen - TAMA (Official Music Video),TAMA,1.0,medium,"VPOP GLOBAL proudly presents "" dangquen "" Streaming everywhere: Spotify: https://open.spotify.com/track/4M7G6wLruGrYFWPemT2d4F?si=6b10d3a0c93f49bf Zing mp3: https://zingmp3.vn/bai-hat/dang-quen-Tama/Z7OAW06Z.html Follow",found_needs_review,,,https://www.youtube.com/watch?v=s18ULX1wBeg,pop,apple_music,DIFFERENT,HIGH
song_8f8579d6da7f841f,"DAWN, ​ALMA - Angels (Lyric Video)",Alex Parker,Âu Mỹ | Electronic / Dance,zingmp3_title_artist_search,https://zingmp3.vn/bai-hat/Angels-Alex-Chris/RNm0lTAyQn5e.html,Angels,Alex & Chris,0.893,medium,"[{""id"":""q3564DMx4CZN"",""name"":""Âu Mỹ"",""title"":""Âu Mỹ"",""alias"":""au-my"",""link"":""/the-loai-album/Au-My/q3564DMx4CZN.html""},{""id"":""jZZACp7WN38W"",""name"":""Electronic / Dance"",""title"":""Electronic / Dance"",""alias"":""electronic-dance"",""link"":""/the-loai-album/Electronic-Dance/jZZACp7WN38W.html""}]; title_score=1.000; artist_score=0.571",found_needs_review,,,https://www.youtube.com/watch?v=n5N1STkgxvg,country,nhaccuatui|nhac_vn|shazam|allmusic|qobuz|youtube,DIFFERENT,HIGH
song_57e051f03d46b067,Dean Lewis - With You (Official Video),Dean Lewis,Âu Mỹ | Pop,zingmp3_title_artist_search,https://zingmp3.vn/bai-hat/With-You-Dean-Lewis/ro96EXJ0MwNv.html,With You,Dean Lewis,1.0,medium,"[{""id"":""q3564DMx4CZN"",""name"":""Âu Mỹ"",""title"":""Âu Mỹ"",""alias"":""au-my"",""link"":""/the-loai-album/Au-My/q3564DMx4CZN.html""},{""id"":""a72TM8ldqZjJ"",""name"":""Pop"",""title"":""Pop"",""alias"":""pop"",""link"":""/the-loai-album/Pop/a72TM8ldqZjJ.html""}]; title_score=1.000; artist_score=1.000",found_needs_review,,,https://www.youtube.com/watch?v=GurljGjfrVs,alternative|electronic|dance|trance|house|techno|hip hop|jazz|rock|reggae|latin|funk|soul|non-music|stage|screen|soul-jazz|country rock|new jack swing|dub|jazz-funk|speech|gangsta|hard rock|alternative rock|grunge|roots reggae|dancehall|video game,apple_music|zingmp3|discogs,DIFFERENT,HIGH
song_91c2d6a1d0cabc5b,Dire Straits - Sultans Of Swing (Official Music Video),Dire Straits,Hòa Tấu,zingmp3_title_artist_search,https://zingmp3.vn/bai-hat/Dire-Straits-Audio-Attack/DnNbilIBcrtk.html,Dire Straits,Audio Attack,0.854,low,"[{""id"":""MrPnzhkp4DS4"",""name"":""Hòa Tấu"",""title"":""Hòa Tấu"",""alias"":""hoa-tau"",""link"":""/the-loai-album/Hoa-Tau/MrPnzhkp4DS4.html""}]; title_score=1.000; artist_score=0.417",found_needs_review,,,https://www.youtube.com/watch?v=h0ffIJ7ZO4U,rock|non-music|pop|roll|prog rock|punk|vocal|interview|hard rock|classic rock|country,apple_music|zingmp3|discogs|nhaccuatui,DIFFERENT,HIGH
song_1fcaccd326957c61,Dire Straits - Walk Of Life (Official Music Video),Dire Straits,Hòa Tấu,zingmp3_title_artist_search,https://zingmp3.vn/bai-hat/Dire-Straits-Audio-Attack/DnNbilIBcrtk.html,Dire Straits,Audio Attack,0.854,low,"[{""id"":""MrPnzhkp4DS4"",""name"":""Hòa Tấu"",""title"":""Hòa Tấu"",""alias"":""hoa-tau"",""link"":""/the-loai-album/Hoa-Tau/MrPnzhkp4DS4.html""}]; title_score=1.000; artist_score=0.417",found_needs_review,,,https://www.youtube.com/watch?v=kd9TlGDZGkI,rock|pop,apple_music|zingmp3|discogs,DIFFERENT,HIGH
song_ff38872f04b269ce,Disturbed  - The Sound Of Silence (Official Music Video) [4K UPGRADE],Disturbed,Âu Mỹ | Electronic / Dance,zingmp3_title_artist_search,https://zingmp3.vn/bai-hat/Disturbed-DSTRB/iYdUasMgqfUv.html,Disturbed,DSTRB,0.929,medium,"[{""id"":""q3564DMx4CZN"",""name"":""Âu Mỹ"",""title"":""Âu Mỹ"",""alias"":""au-my"",""link"":""/the-loai-album/Au-My/q3564DMx4CZN.html""},{""id"":""jZZACp7WN38W"",""name"":""Electronic / Dance"",""title"":""Electronic / Dance"",""alias"":""electronic-dance"",""link"":""/the-loai-album/Electronic-Dance/jZZACp7WN38W.html""}]; title_score=1.000; artist_score=0.714",found_needs_review,,,https://www.youtube.com/watch?v=u9Dg-g7t2l4,hard rock|rap|hip hop|country|house,apple_music|zingmp3|nhac_vn|qobuz,DIFFERENT,HIGH
song_d827c5594cfc1e1a,Don't Côi - RPT Orijinn x Ronboogz (Visualizer),RPT ORIJINN,Rap Việt,zingmp3_title_artist_search,https://zingmp3.vn/bai-hat/Don-t-Coi-RPT-Orijinn-Ronboogz/OJEZ2BVF3fLm.html,Don't Côi,"RPT Orijinn, Ronboogz",0.927,medium,"[{""id"":""el0RHYY9aI0v"",""name"":""Việt Nam"",""title"":""Việt Nam"",""alias"":""viet-nam"",""link"":""/the-loai-album/Viet-Nam/el0RHYY9aI0v.html""},{""id"":""TqW0gmJ1dR5O"",""name"":""Rap Việt"",""title"":""Rap Việt"",""alias"":""rap-viet"",""link"":""/the-loai-album/Rap-Viet/TqW0gmJ1dR5O.html""}]; title_score=1.000; artist_score=0.710",found_needs_review,,,https://www.youtube.com/watch?v=1dlTWaiBZDw,b việt,zingmp3,DIFFERENT,HIGH
song_ec5c6b3ceaa3fd46,Dua Lipa - Houdini (Official Music Video),Dua Lipa,Nhạc Dân Ca - Quê Hương,youtube_description,https://www.youtube.com/watch?v=suAR1PYFNYA,Dua Lipa - Houdini (Official Music Video),Dua Lipa,1.0,medium,"lsop 1st AC: Phil Hardy 2nd AC: Rich Daws CAMERA TRAINEE: Nia Berry VIDEO PLAYBACK: Liam Coles DIT: Dan Carling KEY GRIP: John Flemming GRIP: Derek Russell CRANE TECH: Lee Kemble REMOTE HEAD TECH: Mario Spanna DOLLY GRIP: Bret Flemming, Gray Pocock SOUND RECORDIST: Simon Haggis MUSIC PLAYBACK ASSIST: Declan Chew PO",found_needs_review,,,https://www.youtube.com/watch?v=suAR1PYFNYA,pop,apple_music|zingmp3,DIFFERENT,HIGH
song_59f8820adcb72d0e,Duyên Duyên Số Số (House Remix),Du Uyên - Topic,Dance Việt,zingmp3_title_artist_search,https://zingmp3.vn/bai-hat/Duyen-Duyen-So-So-LHK-Remix-DuUyen-HHD/Yz61voz4BSf8.html,Duyên Duyên Số Số (LHK Remix),"DuUyen, HHD",0.822,low,"[{""id"":""el0RHYY9aI0v"",""name"":""Việt Nam"",""title"":""Việt Nam"",""alias"":""viet-nam"",""link"":""/the-loai-album/Viet-Nam/el0RHYY9aI0v.html""},{""id"":""70R9PC5gb3Sr"",""name"":""Dance Việt"",""title"":""Dance Việt"",""alias"":""dance-viet"",""link"":""/the-loai-album/Dance-Viet/70R9PC5gb3Sr.html""}]; title_score=0.893; artist_score=0.609",found_needs_review,,,https://www.youtube.com/watch?v=JrdDv-B5aFw,pop,apple_music,DIFFERENT,HIGH
song_a54ccc76f666a9b1,Duyên Kiếp,"Dan Truong,Cam Ly",Nhạc Trữ Tình,zingmp3_title_artist_search,https://zingmp3.vn/bai-hat/Duyen-Kiep-Dan-Truong-Cam-Ly/yZjVZDVdTi6r.html,Duyên Kiếp,"Đan Trường, Cẩm Ly",0.992,medium,"[{""id"":""el0RHYY9aI0v"",""name"":""Việt Nam"",""title"":""Việt Nam"",""alias"":""viet-nam"",""link"":""/the-loai-album/Viet-Nam/el0RHYY9aI0v.html""},{""id"":""brC6BYOzAGjo"",""name"":""Nhạc Trữ Tình"",""title"":""Nhạc Trữ Tình"",""alias"":""nhac-tru-tinh"",""link"":""/the-loai-album/Nhac-Tru-Tinh/brC6BYOzAGjo.html""}]; title_score=1.000; artist_score=0.970",found_needs_review,Z70DEIEB,https://zingmp3.vn/bai-hat/LK-Duyen-Kiep-Be-Bang-Ve-Lay-Quan-Am-Luu-Thanh-Vu-Quang-Truong/Z70DEIEB.html,,worldwide|pop,apple_music|nhac_vn,DIFFERENT,HIGH
song_17c9babf694984a6,DÁNG EM,Duong Edward Nguyen,V-Pop,zingmp3_title_artist_search,https://zingmp3.vn/bai-hat/Dang-Em-Duong-Edward/1Fxiy9Bdijt9.html,Dáng Em,Dương Edward,0.944,medium,"[{""id"":""el0RHYY9aI0v"",""name"":""Việt Nam"",""title"":""Việt Nam"",""alias"":""viet-nam"",""link"":""/the-loai-album/Viet-Nam/el0RHYY9aI0v.html""},{""id"":""iawjijA80yVd"",""name"":""V-Pop"",""title"":""V-Pop"",""alias"":""v-pop"",""link"":""/the-loai-album/V-Pop/iawjijA80yVd.html""}]; title_score=1.000; artist_score=0.774",found_needs_review,,,https://www.youtube.com/watch?v=Ck2ifnyz4TQ,pop|dance việt|house,apple_music|zingmp3|nhaccuatui,DIFFERENT,HIGH
song_02d581a01df4f3bd,DÌU EM LÊN MÂY - ONLY C X NGUYỄN PHÚC THIỆN | OFFICIAL MUSIC VIDEO,OnlyC Production,V-Pop,zingmp3_title_artist_search,https://zingmp3.vn/bai-hat/Diu-Em-Len-May-Only-C-Nguyen-Phuc-Thien/ummzUEyw1zw0.html,Dìu Em Lên Mây,"Only C, Nguyễn Phúc Thiện",0.9,medium,"[{""id"":""el0RHYY9aI0v"",""name"":""Việt Nam"",""title"":""Việt Nam"",""alias"":""viet-nam"",""link"":""/the-loai-album/Viet-Nam/el0RHYY9aI0v.html""},{""id"":""iawjijA80yVd"",""name"":""V-Pop"",""title"":""V-Pop"",""alias"":""v-pop"",""link"":""/the-loai-album/V-Pop/iawjijA80yVd.html""}]; title_score=1.000; artist_score=0.600",found_needs_review,,,https://www.youtube.com/watch?v=DhbhT75ow3c,pop,apple_music,DIFFERENT,HIGH
song_b35fe63a99955973,Dòng Sông Và Nỗi Nhớ (Live),Ha Phuong,Nhạc Trữ Tình,zingmp3_title_artist_search,https://zingmp3.vn/bai-hat/Dong-Song-Va-Noi-Nho-Ha-My/ZDohIBcNanJq.html,Dòng Sông Và Nỗi Nhớ,Hà My,0.774,low,"[{""id"":""el0RHYY9aI0v"",""name"":""Việt Nam"",""title"":""Việt Nam"",""alias"":""viet-nam"",""link"":""/the-loai-album/Viet-Nam/el0RHYY9aI0v.html""},{""id"":""brC6BYOzAGjo"",""name"":""Nhạc Trữ Tình"",""title"":""Nhạc Trữ Tình"",""alias"":""nhac-tru-tinh"",""link"":""/the-loai-album/Nhac-Tru-Tinh/brC6BYOzAGjo.html""}]; title_score=0.889; artist_score=0.429",found_needs_review,ZWZC7AFO,https://zingmp3.vn/bai-hat/Dong-Song-Va-Noi-Nho-Live-Ha-Phuong/ZWZC7AFO.html,,worldwide,apple_music,DIFFERENT,HIGH
song_b4bfbece24dfc144,Dù Cho Mai Về Sau (Official Music Video) / buitruonglinh,buitruonglinh,V-Pop,zingmp3_title_artist_search,https://zingmp3.vn/bai-hat/Du-Cho-Mai-Ve-Sau-buitruonglinh/tqF6STyOWRic.html,Dù Cho Mai Về Sau,buitruonglinh,1.0,medium,"[{""id"":""el0RHYY9aI0v"",""name"":""Việt Nam"",""title"":""Việt Nam"",""alias"":""viet-nam"",""link"":""/the-loai-album/Viet-Nam/el0RHYY9aI0v.html""},{""id"":""iawjijA80yVd"",""name"":""V-Pop"",""title"":""V-Pop"",""alias"":""v-pop"",""link"":""/the-loai-album/V-Pop/iawjijA80yVd.html""}]; title_score=1.000; artist_score=1.000",found_needs_review,,,https://www.youtube.com/watch?v=SGlBQR-ftVI,pop,apple_music,DIFFERENT,HIGH
song_67a25709f0dcd5f6,Dấu Chân Kỷ Niệm - Phương Anh (Official 4K MV),Phương Anh Bolero,Bolero,youtube_description,https://www.youtube.com/watch?v=ryZ76ZW62as,Dấu Chân Kỷ Niệm - Phương Anh (Official 4K MV),Phương Anh Bolero,1.0,medium,c Nghĩa trang lạnh lùng. ───────────────────── ➥Đây là kênh Youtube chính thức của ca sĩ Phương Anh Bolero. ➥Đừng quên đăng ký kênh để cập nhật những sản phẩm mới nhất nhé! ➥Đăng ký theo dõi kênh miễn phí tại: http://popsww.com/phuonganhbolero ───────────────────── ➥Connect with Phương Anh Bolero: ● Facebook: https://,found_needs_review,,,https://www.youtube.com/watch?v=ryZ76ZW62as,traditional folk,apple_music,DIFFERENT,HIGH
song_c3c417ae9a97eb2d,♬ DỪNG THƯƠNG - Datkaa ( Fireprox Remix ) | Nhạc Trẻ EDM TikTok Gây Nghiện Hay Nhất 2024,HOA HỒNG DẠI MUSIC,V-Pop,youtube_description,https://www.youtube.com/watch?v=4DjkrMN3hjo,♬ DỪNG THƯƠNG - Datkaa ( Fireprox Remix ) | Nhạc Trẻ EDM TikTok Gây Nghiện Hay Nhất 2024,HOA HỒNG DẠI MUSIC,1.0,medium,♬ DỪNG THƯƠNG - Datkaa ( Fireprox Remix ) | Nhạc Trẻ EDM TikTok Gây Nghiện Hay Nhất 2024 MV: https://www.youtube.com/watch?v=T_bF7q8Twfg #DungThuong #DatKaa #Fireprox #HoaHongDaiMusic Link TikTok cho cả nhà quay Video nha ❤️ Dừng Thương https://m.tiktok.co,found_needs_review,,,https://www.youtube.com/watch?v=4DjkrMN3hjo,country,youtube,DIFFERENT,LOW
song_d109610cf75f18e4,dự báo thời tiết hôm nay mưa,GREY D,R&B Việt,zingmp3_title_artist_search,https://zingmp3.vn/bai-hat/du-bao-thoi-tiet-hom-nay-mua-GREY-D/Oi8jyiMIdvw1.html,dự báo thời tiết hôm nay mưa,GREY D,1.0,medium,"[{""id"":""el0RHYY9aI0v"",""name"":""Việt Nam"",""title"":""Việt Nam"",""alias"":""viet-nam"",""link"":""/the-loai-album/Viet-Nam/el0RHYY9aI0v.html""},{""id"":""Qvf5V6XIXLP3"",""name"":""R&B Việt"",""title"":""R&B Việt"",""alias"":""r-b-viet"",""link"":""/the-loai-album/R-B-Viet/Qvf5V6XIXLP3.html""}]; title_score=1.000; artist_score=1.000",found_needs_review,,,https://www.youtube.com/watch?v=0nDeQ3H9J0k,pop,apple_music,DIFFERENT,HIGH
song_97743be7a1af8b1a,Ed Sheeran - Thinking Out Loud (Official Music Video),Ed Sheeran,Rap Việt,youtube_description,https://www.youtube.com/watch?v=lp-EO5I60KA,Ed Sheeran - Thinking Out Loud (Official Music Video),Ed Sheeran,1.0,medium,"ger/songwriter who seems to acknowledge no boundaries between styles or eras with elements of folk, hip-hop, pop, dance, soul, and rock woven throughout his music. His incredible catalogue includes the studio albums ‘+’ (plus), ‘x’ (multiply) and ‘÷’ (divide) which spawned hit singles such as ‘The A team’ , ’Lego Hou",found_needs_review,,,https://www.youtube.com/watch?v=lp-EO5I60KA,pop|electronic|hip hop|rock|latin|favela funk|dance-pop|mpb|pop rock|swing|synthpop,apple_music|zingmp3|discogs,DIFFERENT,HIGH
song_c71460cf1e1a890c,Eddie Valero - Zombies (Official Music Video),Eddie Valero,Rap Việt,youtube_description,https://www.youtube.com/watch?v=hkfXye8yjOk,Eddie Valero - Zombies (Official Music Video),Eddie Valero,1.0,medium,.tiktok.com/@eddievalero1 Under exclusive license to ONErpm #EddieValero #Zombies #GangstaBlues #rap #hiphop #memphis #atlanta #nashville #dallas #alabama #birmingham #charlotte #viralvideos,found_needs_review,,,https://www.youtube.com/watch?v=hkfXye8yjOk,rap|hip hop|alternative,zingmp3|qobuz,DIFFERENT,HIGH
song_a890473d568caaf5,"✨ Electronic & Instrumental (Royalty Free Music) - ""Eden"" by Thomas Gresen",BreakingCopyright — Royalty Free Music,EDM Việt,youtube_description,https://www.youtube.com/watch?v=1NSx5K3xe7Y,"✨ Electronic & Instrumental (Royalty Free Music) - ""Eden"" by Thomas Gresen",BreakingCopyright — Royalty Free Music,1.0,medium,umental music playlist: https://www.youtube.com/playlist?list=PLfP6i5T0-DkJPT4dkMAr0PwRq1m25UtoO • Electronic music playlist: https://www.youtube.com/playlist?list=PLfP6i5T0-DkJidyXq46NWJf7QBkEu8gKt • Background music playlist: https://www.youtube.com/playlist?list=PLfP6i5T0-DkKePtqSld0Dis0p14dRFZvm ⭐ More Thomas Gr,found_needs_review,,,https://www.youtube.com/watch?v=1NSx5K3xe7Y,reggae,web_search,DIFFERENT,LOW
song_593156e3aece5767,Em Chưa 18 (Em Chưa 18 Original Soundtrack),Will - Topic,Nhạc Phim,youtube_description,https://www.youtube.com/watch?v=_87wktu328I,Em Chưa 18 (Em Chưa 18 Original Soundtrack),Will - Topic,1.0,medium,Provided to YouTube by The Orchard Enterprises Em Chưa 18 (Em Chưa 18 Original Soundtrack) · Will · Lou Hoàng · Kaity Nguyễn · OnlyC Em Chưa 18 (Em Chưa 18 Original Soundtrack) ℗ 2020 Will Released on: 2020-01-01 Music Publisher: Zing MP3 Auto-generated by YouTube.,found_needs_review,,,https://www.youtube.com/watch?v=_87wktu328I,pop,apple_music,DIFFERENT,HIGH
song_0dbcdd99b9f7a2e7,Em ! Có Yêu Anh Không - Khánh Phương [MV HD OFFICIAl],Nam Việt Music,V-Pop,youtube_description,https://www.youtube.com/watch?v=Oo-bkxvlAUk,Em ! Có Yêu Anh Không - Khánh Phương [MV HD OFFICIAl],Nam Việt Music,1.0,medium,"Để cảm giác mãi mãi ta gần nhau ➨ Click Subscribe kênh NamvietMusic để cập nhật Video mới, Ca Khúc Nhạc Trẻ Hay Nhất 2015 ✔Đây là ca khúc được độc quyền bởi Nam Việt Media. Đề nghị các tổ chức, cá nhân không reup dưới mọi hình thức. --------------------------------- © NamVietMedia",found_needs_review,,,https://www.youtube.com/watch?v=Oo-bkxvlAUk,blues,apple_music,DIFFERENT,HIGH
song_36dddea9645037e5,EM GÌ ƠI | ICM x JACK | OFFICIAL MUSIC VIDEO,ICM Entertainment,V-Pop,zingmp3_title_artist_search,https://zingmp3.vn/bai-hat/Em-Gi-Oi-ICM-Jack/OY9Ro8cdMyQL.html,Em Gì Ơi,"ICM, Jack",0.85,low,"[{""id"":""el0RHYY9aI0v"",""name"":""Việt Nam"",""title"":""Việt Nam"",""alias"":""viet-nam"",""link"":""/the-loai-album/Viet-Nam/el0RHYY9aI0v.html""},{""id"":""iawjijA80yVd"",""name"":""V-Pop"",""title"":""V-Pop"",""alias"":""v-pop"",""link"":""/the-loai-album/V-Pop/iawjijA80yVd.html""}]; title_score=1.000; artist_score=0.400",found_needs_review,,,https://www.youtube.com/watch?v=cBClD7jylos,rock|alternative rock|grunge|metal,discogs,DIFFERENT,HIGH
song_0daedb100c38bcd0,Em Không Muốn Khóc Nữa,Uyen Trang,V-Pop,zingmp3_title_artist_search,https://zingmp3.vn/bai-hat/Em-Khong-Muon-Khoc-Nua-Uyen-Trang/wareWM32rvLp.html,Em Không Muốn Khóc Nữa,Uyên Trang,1.0,medium,"[{""id"":""el0RHYY9aI0v"",""name"":""Việt Nam"",""title"":""Việt Nam"",""alias"":""viet-nam"",""link"":""/the-loai-album/Viet-Nam/el0RHYY9aI0v.html""},{""id"":""iawjijA80yVd"",""name"":""V-Pop"",""title"":""V-Pop"",""alias"":""v-pop"",""link"":""/the-loai-album/V-Pop/iawjijA80yVd.html""}]; title_score=1.000; artist_score=1.000",found_needs_review,ZWZCU7UI,https://zingmp3.vn/bai-hat/Em-Khong-Muon-Khoc-Nua-Uyen-Trang/ZWZCU7UI.html,,pop|folk|world|country|trữ tình,apple_music|discogs,DIFFERENT,HIGH
song_e1ffa9ee9221d235,Em Không Quay Về (feat. YanBi),HOÀNG TÔN,Rap Việt,zingmp3_title_artist_search,https://zingmp3.vn/bai-hat/Em-Khong-Quay-Ve-Beat-Hoang-Ton-Yanbi/uaQ8zXPcYnRX.html,Em Không Quay Về (Beat),"Hoàng Tôn, Yanbi",0.812,low,"[{""id"":""el0RHYY9aI0v"",""name"":""Việt Nam"",""title"":""Việt Nam"",""alias"":""viet-nam"",""link"":""/the-loai-album/Viet-Nam/el0RHYY9aI0v.html""},{""id"":""TqW0gmJ1dR5O"",""name"":""Rap Việt"",""title"":""Rap Việt"",""alias"":""rap-viet"",""link"":""/the-loai-album/Rap-Viet/TqW0gmJ1dR5O.html""}]; title_score=0.833; artist_score=0.750",found_needs_review,,,https://www.youtube.com/watch?v=PxLtYcHWWrQ,pop|v-pop,apple_music|zingmp3,DIFFERENT,HIGH
song_09e5df53d2f24ada,EM NGỦ CHƯA? | OFFICIAL MV | Trịnh Thăng Bình x OSAD,Trịnh Thăng Bình Official,R&B Việt,zingmp3_title_artist_search,https://zingmp3.vn/bai-hat/Em-Ngu-Chua-Trinh-Thang-Binh-OSAD/jpv33fREHsGO.html,Em Ngủ Chưa?,"Trịnh Thăng Bình, OSAD",0.957,medium,"[{""id"":""el0RHYY9aI0v"",""name"":""Việt Nam"",""title"":""Việt Nam"",""alias"":""viet-nam"",""link"":""/the-loai-album/Viet-Nam/el0RHYY9aI0v.html""},{""id"":""Qvf5V6XIXLP3"",""name"":""R&B Việt"",""title"":""R&B Việt"",""alias"":""r-b-viet"",""link"":""/the-loai-album/R-B-Viet/Qvf5V6XIXLP3.html""}]; title_score=1.000; artist_score=0.826",found_needs_review,,,https://www.youtube.com/watch?v=4m3fPhwcGRA,pop|b việt,apple_music|zingmp3,DIFFERENT,HIGH
song_c4882250066e4efb,Em Đang Làm Gì Đấy? | Will x R.Tee | Official Music Video 4K,Will Official,V-Pop,zingmp3_title_artist_search,https://zingmp3.vn/bai-hat/Em-Dang-Lam-Gi-Day-Will-Rtee/b76E9LnDiQoF.html,Em Đang Làm Gì Đấy,"Will, Rtee",0.864,low,"[{""id"":""el0RHYY9aI0v"",""name"":""Việt Nam"",""title"":""Việt Nam"",""alias"":""viet-nam"",""link"":""/the-loai-album/Viet-Nam/el0RHYY9aI0v.html""},{""id"":""iawjijA80yVd"",""name"":""V-Pop"",""title"":""V-Pop"",""alias"":""v-pop"",""link"":""/the-loai-album/V-Pop/iawjijA80yVd.html""}]; title_score=1.000; artist_score=0.455",found_needs_review,,,https://www.youtube.com/watch?v=UuL-AtjhYGE,hip hop|gangsta|conscious|g-funk|hardcore hip-hop,discogs,DIFFERENT,HIGH
song_d17b77570a4c7bc6,Em Đi Chơi Thuyền,Be Bao Ngu,Nhạc Thiếu Nhi,zingmp3_title_artist_search,https://zingmp3.vn/bai-hat/Em-Di-Choi-Thuyen-Be-Xuan-Mai/wQ8Bcx9nr4q7.html,Em Đi Chơi Thuyền,Bé Xuân Mai,0.869,low,"[{""id"":""el0RHYY9aI0v"",""name"":""Việt Nam"",""title"":""Việt Nam"",""alias"":""viet-nam"",""link"":""/the-loai-album/Viet-Nam/el0RHYY9aI0v.html""},{""id"":""mdfK2cQu8FhQ"",""name"":""Nhạc Thiếu Nhi"",""title"":""Nhạc Thiếu Nhi"",""alias"":""nhac-thieu-nhi"",""link"":""/the-loai-album/Nhac-Thieu-Nhi/mdfK2cQu8FhQ.html""}]; title_score=1.000; artist_score=0.476",found_needs_review,ZW6W9W9F,https://zingmp3.vn/bai-hat/Em-Di-Choi-Thuyen-Be-Bao-Ngu/ZW6W9W9F.html,,pop,apple_music,DIFFERENT,HIGH
song_27aa809f4817a873,Em Đi Trong Nắng Mới - Diễm Quyên [Official MV],Nhạc Cách Mạng Tiền Chiến,Nhạc Cách Mạng,youtube_description,https://www.youtube.com/watch?v=8_A8_yuHs9s,Em Đi Trong Nắng Mới - Diễm Quyên [Official MV],Nhạc Cách Mạng Tiền Chiến,1.0,medium,▶ Theo dõi kênh Nhạc Cách Mạng Tiền Chiến: https://goo.gl/asFAPL ----------------------------- Những Bài Hát Hay Nhất:https://goo.gl/VcdKsJ Nhạc Đỏ Trữ Tình Quê Hương:https://goo.gl/29b7nt Tình Ca Tây Bắc Hay Nhất:https://goo.gl/TTVzMq,found_needs_review,,,https://www.youtube.com/watch?v=8_A8_yuHs9s,folk,apple_music,DIFFERENT,HIGH
song_53f55df4a80cad7e,Em Đứng Đây Từ Chiều - Choco Trúc Phương ft. TaylorDaClownn | OFFICIAL MV,Choco Trúc Phương,V-Pop,zingmp3_title_artist_search,https://zingmp3.vn/bai-hat/Em-Dung-Day-Tu-Chieu-CHOCO-Truc-Phuong-TaylorDaClownn/boure3aVppcC.html,Em Đứng Đây Từ Chiều,"CHOCO Trúc Phương, TaylorDaClownn",0.923,medium,"[{""id"":""el0RHYY9aI0v"",""name"":""Việt Nam"",""title"":""Việt Nam"",""alias"":""viet-nam"",""link"":""/the-loai-album/Viet-Nam/el0RHYY9aI0v.html""},{""id"":""iawjijA80yVd"",""name"":""V-Pop"",""title"":""V-Pop"",""alias"":""v-pop"",""link"":""/the-loai-album/V-Pop/iawjijA80yVd.html""}]; title_score=1.000; artist_score=0.694",found_needs_review,,,https://www.youtube.com/watch?v=j_DyPGEqDdU,pop|edm việt,apple_music|zingmp3,DIFFERENT,HIGH
song_c3caa302b9f86294,Em Ơi Lên Phố (Andy Remix) - Minh Vương M4U,ACV Entertainment,V-Pop,youtube_description,https://www.youtube.com/watch?v=E4K7sqFsQ-k,Em Ơi Lên Phố (Andy Remix) - Minh Vương M4U,ACV Entertainment,1.0,medium,Em Ơi Lên Phố (Andy Remix) - Minh Vương M4U #EOLP #emoilenpho #andyremix #minhvuongm4u #nhactrerremix #tiktokgaynghien MV Gốc: https://www.youtube.com/watch?v=EHASipZkZnk Lời bài hát: Thương lắm con sông với hàng dừa mộng xanh Câu hứa năm xưa trong một chiều chơi mưa Em nói em thương anh nhiều Thương em a,found_needs_review,,,https://www.youtube.com/watch?v=E4K7sqFsQ-k,pop,apple_music,DIFFERENT,HIGH
song_818614422ab31be6,EMILY x BIGDADDY - YÊU NẮM (R&B VERSION) OFFICIAL MV,BIGDADDY x EMILY,V-Pop,zingmp3_title_artist_search,https://zingmp3.vn/bai-hat/Yeu-Nam-BigDaddy-Emily/zFAEs3fjcvrN.html,Yêu Nắm,"BigDaddy, Emily",0.983,medium,"[{""id"":""el0RHYY9aI0v"",""name"":""Việt Nam"",""title"":""Việt Nam"",""alias"":""viet-nam"",""link"":""/the-loai-album/Viet-Nam/el0RHYY9aI0v.html""},{""id"":""iawjijA80yVd"",""name"":""V-Pop"",""title"":""V-Pop"",""alias"":""v-pop"",""link"":""/the-loai-album/V-Pop/iawjijA80yVd.html""}]; title_score=1.000; artist_score=0.933",found_needs_review,,,https://www.youtube.com/watch?v=yryaMsN1weY,pop,apple_music,DIFFERENT,HIGH
song_1295b495c4e46b03,Eric Carmen - Hungry Eyes (Official HD Video),Eric Carmen,Nhạc Phim,youtube_description,https://www.youtube.com/watch?v=2ssCL292DQA,Eric Carmen - Hungry Eyes (Official HD Video),Eric Carmen,1.0,medium,gry eyes I feel the magic between you and I #EricCarmen #HungryEyes #HD #Remastered #DirtyDancing #Soundtrack,found_needs_review,,,https://www.youtube.com/watch?v=2ssCL292DQA,pop|rap,apple_music|zingmp3|nhaccuatui|nhac_vn|shazam|allmusic|qobuz|youtube,DIFFERENT,HIGH
song_9c23136e235ecf05,ERIK - 'Dù cho tận thế (vẫn yêu em)' | Official MV | Valentine 2025,ERIK Official,Nhạc Phim,youtube_description,https://www.youtube.com/watch?v=js6JBdLzNn4,ERIK - 'Dù cho tận thế (vẫn yêu em)' | Official MV | Valentine 2025,ERIK Official,1.0,medium,Original Soundtrack from 'Bộ tứ báo thủ' Tết 2025 Movie | Đạo diễn Trấn Thành ____ DÙ CHO TẬN THẾ VẪN YÊU EM - ERIK Artist: ERIK Composer & Music producer: Nguyen Phuc Thien Lyrictists: Nguyen Phuc Thien & Tran Thanh Music con,found_needs_review,,,https://www.youtube.com/watch?v=js6JBdLzNn4,pop,apple_music,DIFFERENT,HIGH
song_cc93b9532f42010b,ERIK - Yêu đương khó quá thì CHẠY VỀ KHÓC VỚI ANH | Official Music Video (Genshin Impact),ERIK Official,Nhạc Phim,youtube_description,https://www.youtube.com/watch?v=EBpp2VTSI2Q,ERIK - Yêu đương khó quá thì CHẠY VỀ KHÓC VỚI ANH | Official Music Video (Genshin Impact),ERIK Official,1.0,medium,hiện Music Producer: Nguyễn Phúc Thiện Recording Studio: Onlyc Studio Bgm: Genshin Impact Original Soundtrack: Peaceful Hike (Qingce Village) Executive Producer: Phan Anh Director: Ba Thanh Nguyen (Bếp) Creative Director: Ba Thanh Nguyen (Bếp) Cast: Thùy Anh Talent: Jon Đặng Ad: Đăng Khoa D.O.P: Thái Minh Dương Cam Op,found_needs_review,,,https://www.youtube.com/watch?v=EBpp2VTSI2Q,pop,apple_music,DIFFERENT,HIGH
song_32f8a9798f4629c7,Ethnic Hip-Hop Music by Infraction [No Copyright Music] / Bamboo,Infraction - No Copyright Music,Rap Việt,youtube_description,https://www.youtube.com/watch?v=Z6MLxGV1Uo4,Ethnic Hip-Hop Music by Infraction [No Copyright Music] / Bamboo,Infraction - No Copyright Music,1.0,medium,"nce) to my WHOLE LIBRARY: https://inaudio.org/ ►This track: https://inaudio.org/track/bamboo-ethnic-hip-hop/ 1. You will get full access to my WHOLE LIBRARY. 2. Commercial licenses are included for every track. 3. New tracks every week. 4. Several versions of many tracks. 5. Youtube, Facebook, Instagram, Vimeo, and ot",found_needs_review,,,https://www.youtube.com/watch?v=Z6MLxGV1Uo4,experimental|country,nhaccuatui|nhac_vn|shazam|allmusic|qobuz|youtube,DIFFERENT,HIGH
song_3cba89378ba0eda3,Europe - Carrie (Official Video),Europe,Âu Mỹ | Rap / Hip Hop,zingmp3_title_artist_search,https://zingmp3.vn/bai-hat/Europe-Joey-Moe/QFX6EJw3bPXc.html,Europe,Joey Moe,0.857,low,"[{""id"":""q3564DMx4CZN"",""name"":""Âu Mỹ"",""title"":""Âu Mỹ"",""alias"":""au-my"",""link"":""/the-loai-album/Au-My/q3564DMx4CZN.html""},{""id"":""XS3QXI9JwoS"",""name"":""Rap / Hip Hop"",""title"":""Rap / Hip Hop"",""alias"":""rap-hip-hop"",""link"":""/the-loai-album/Rap-Hip-Hop/XS3QXI9JwoS.html""}]; title_score=1.000; artist_score=0.429",found_needs_review,,,https://www.youtube.com/watch?v=KmWE9UBFwtY,rock|hard rock|arena rock|country,discogs|nhaccuatui|nhac_vn|shazam|allmusic|qobuz|youtube,DIFFERENT,HIGH
song_f75dda1455c278e2,Europe - The Final Countdown (Official Video),Europe,Âu Mỹ | Rap / Hip Hop,zingmp3_title_artist_search,https://zingmp3.vn/bai-hat/Europe-Joey-Moe/QFX6EJw3bPXc.html,Europe,Joey Moe,0.857,low,"[{""id"":""q3564DMx4CZN"",""name"":""Âu Mỹ"",""title"":""Âu Mỹ"",""alias"":""au-my"",""link"":""/the-loai-album/Au-My/q3564DMx4CZN.html""},{""id"":""XS3QXI9JwoS"",""name"":""Rap / Hip Hop"",""title"":""Rap / Hip Hop"",""alias"":""rap-hip-hop"",""link"":""/the-loai-album/Rap-Hip-Hop/XS3QXI9JwoS.html""}]; title_score=1.000; artist_score=0.429",found_needs_review,,,https://www.youtube.com/watch?v=9jK-NcRmVcw,rock|hard rock|arena rock|country,discogs|nhaccuatui|nhac_vn|shazam|allmusic|qobuz|youtube,DIFFERENT,HIGH
song_bbf858dbad1795c8,Evanescence - Bring Me To Life (Official HD Music Video),Evanescence,Rock Việt,youtube_description,https://www.youtube.com/watch?v=3YxaaGgTQYM,Evanescence - Bring Me To Life (Official HD Music Video),Evanescence,1.0,medium,"7c Listen to Evanescence on Apple Music: http://apple.co/2kB2JDO #Evanescence #BringMeToLife #Vevo #Rock #OfficialMusicVideo #HDVideo Music video by Evanescence performing Bring Me To Life. (C) 2004 Wind-Up Records, LLC",found_needs_review,,,https://www.youtube.com/watch?v=3YxaaGgTQYM,rock,nhaccuatui|nhac_vn|shazam|allmusic|qobuz|youtube,DIFFERENT,HIGH
song_9791610f8586edc3,Evanescence - My Immortal (Official HD Music Video),Evanescence,Rock Việt,youtube_description,https://www.youtube.com/watch?v=5anLPw0Efmo,Evanescence - My Immortal (Official HD Music Video),Evanescence,1.0,medium,"0Sn7c Listen to Evanescence on Apple Music: http://apple.co/2kB2JDO #Evanescence #MyImmortal #Vevo #Rock #OfficialMusicVideo #HDVideo Music video by Evanescence performing My Immortal. (C) 2004 Wind-Up Records, LLC",found_needs_review,,,https://www.youtube.com/watch?v=5anLPw0Efmo,rock,shazam|nhac_vn|allmusic|qobuz|youtube,DIFFERENT,HIGH
song_70d7daebc8ef39a8,Faint (Official Music Video) [4K UPGRADE] – Linkin Park,Linkin Park,Âu Mỹ | Rock,zingmp3_title_artist_search,https://zingmp3.vn/bai-hat/Faint-Linkin-Park/wmgDdDcSdMbV.html,Faint,Linkin Park,1.0,medium,"[{""id"":""q3564DMx4CZN"",""name"":""Âu Mỹ"",""title"":""Âu Mỹ"",""alias"":""au-my"",""link"":""/the-loai-album/Au-My/q3564DMx4CZN.html""},{""id"":""RNRFSWbGG5rD"",""name"":""Rock"",""title"":""Rock"",""alias"":""rock"",""link"":""/the-loai-album/Rock/RNRFSWbGG5rD.html""}]; title_score=1.000; artist_score=1.000",found_needs_review,,,https://www.youtube.com/watch?v=LYU-8IFcDPw,hard rock|dance|latin|country,apple_music|nhaccuatui|youtube,DIFFERENT,HIGH
song_d581b9632c79aa4e,FBBOIZ - Để Em Rời Xa (Official Music Video),FB GROUP,Rap Việt,youtube_description,https://www.youtube.com/watch?v=KUtaJeL_FzE,FBBOIZ - Để Em Rời Xa (Official Music Video),FB GROUP,1.0,medium,"FBBOIZ - Để Em Rời Xa (Official Music Video) #deemroixa #fbboiz #officialMV #fyp #nhạcviệt #rapviệt #xuhuong 📍FBBOIZ xin cám ơn các bạn đã lắng nghe ca khúc nhiều tâm trạng này , vô cùng trân trọng vì mọi người đã đến đây. Xin hãy để lại ý kiến dưới phần comment để chúng tôi tiếp thu ý kiến của các bạn. Xin",found_needs_review,,,https://www.youtube.com/watch?v=KUtaJeL_FzE,rap|hip hop|dance,apple_music|nhaccuatui|nhac_vn|shazam|allmusic|qobuz|youtube,DIFFERENT,HIGH
song_f715061e6e03b38c,Fella Sleep - You Got Me,We Are Diamond,Âu Mỹ | Pop,zingmp3_title_artist_search,https://zingmp3.vn/bai-hat/You-Got-To-Me-Neil-Diamond/azf4qyX4SwLX.html,You Got To Me,Neil Diamond,0.825,low,"[{""id"":""q3564DMx4CZN"",""name"":""Âu Mỹ"",""title"":""Âu Mỹ"",""alias"":""au-my"",""link"":""/the-loai-album/Au-My/q3564DMx4CZN.html""},{""id"":""a72TM8ldqZjJ"",""name"":""Pop"",""title"":""Pop"",""alias"":""pop"",""link"":""/the-loai-album/Pop/a72TM8ldqZjJ.html""}]; title_score=0.870; artist_score=0.692",found_needs_review,,,https://www.youtube.com/watch?v=X1IC4U9tFdc,hip hop|rap|rock|folk|world|country|classic rock|country rock|folk rock|hard rock,apple_music|discogs,DIFFERENT,HIGH
song_b6f1cfde523f1082,Fighting Fighting - Dance Ver. (Tỉnh Giấc Tôi Thấy Mình Trong Ai OST) - Official MV | Chi Pu,Chi Pu Official,Nhạc Phim,youtube_description,https://www.youtube.com/watch?v=S6o73dFJHtA,Fighting Fighting - Dance Ver. (Tỉnh Giấc Tôi Thấy Mình Trong Ai OST) - Official MV | Chi Pu,Chi Pu Official,1.0,medium,FIGHTING FIGHTING Tỉnh Giấc Tôi Thấy Mình Trong Ai (Wake Up) OST Proudly sponsored by OPPO - PEPSI V LIVE - POPEYES - METUB singer / CHI PU executive producer / HUU ANH NGUYEN composer / TRANG PHAP arrangement / DUONG KHAC LINH dancers / OH DANCE CREW make-up & hair / HIWON -,found_needs_review,,,https://www.youtube.com/watch?v=S6o73dFJHtA,pop|dance việt,apple_music|zingmp3,DIFFERENT,HIGH
song_784927c3214acfe7,Foo Fighters - Everlong (Official HD Video),Foo Fighters,Âu Mỹ | Pop,zingmp3_title_artist_search,https://zingmp3.vn/bai-hat/Everlong-Foo-Fighters/gJWBoDLTaBJh.html,Everlong,Foo Fighters,1.0,medium,"[{""id"":""q3564DMx4CZN"",""name"":""Âu Mỹ"",""title"":""Âu Mỹ"",""alias"":""au-my"",""link"":""/the-loai-album/Au-My/q3564DMx4CZN.html""},{""id"":""a72TM8ldqZjJ"",""name"":""Pop"",""title"":""Pop"",""alias"":""pop"",""link"":""/the-loai-album/Pop/a72TM8ldqZjJ.html""}]; title_score=1.000; artist_score=1.000",found_needs_review,,,https://www.youtube.com/watch?v=eBG7P-K-r1Y,rock|alternative|hip hop,apple_music|zingmp3|nhaccuatui|nhac_vn|shazam|allmusic|qobuz|youtube,DIFFERENT,HIGH
song_e8db6604657b2be1,Get Down - Isaac | Official MV 4K | Isaac Official (Nhạc trẻ sôi động hay mới nhất),Isaac Official,V-Pop,youtube_description,https://www.youtube.com/watch?v=PnPLICCZfUA,Get Down - Isaac | Official MV 4K | Isaac Official (Nhạc trẻ sôi động hay mới nhất),Isaac Official,1.0,medium,h Sang Ngay (Thế Là Mết Em Rồi) 👉 https://youtu.be/fFzW1e293rQ Get Down - Isaac | Official MV 4K | Nhạc trẻ sôi động hay mới nhất Isaac Official Youtube Channel ➤ Subscribe kênh tại đây: http://popsww.com/IsaacOfficial ----------------------------------------------------------------------------------------- Bài hát:,found_needs_review,,,https://www.youtube.com/watch?v=PnPLICCZfUA,dance|edm việt|jazz|funk|soul|rhythm|blues|disco,apple_music|zingmp3|discogs,DIFFERENT,HIGH
song_47508fa4c283bd48,"Giăng Bẫy | OSAD, MACHIOT ft. GIGI HƯƠNG GIANG",OSAD Official,V-Pop,zingmp3_title_artist_search,https://zingmp3.vn/bai-hat/Giang-Bay-OSAD-Machiot-GiGi-Huong-Giang/CVRbCjTDBdUO.html,Giăng Bẫy,"OSAD, Machiot, GiGi Hương Giang",0.857,low,"[{""id"":""el0RHYY9aI0v"",""name"":""Việt Nam"",""title"":""Việt Nam"",""alias"":""viet-nam"",""link"":""/the-loai-album/Viet-Nam/el0RHYY9aI0v.html""},{""id"":""iawjijA80yVd"",""name"":""V-Pop"",""title"":""V-Pop"",""alias"":""v-pop"",""link"":""/the-loai-album/V-Pop/iawjijA80yVd.html""}]; title_score=1.000; artist_score=0.429",found_needs_review,,,https://www.youtube.com/watch?v=lZv7TblV2b8,latin,web_search,DIFFERENT,LOW
song_89251a46c38d9c3e,Giấc Mơ Sẽ Về,Phuong Vy,V-Pop,zingmp3_title_artist_search,https://zingmp3.vn/bai-hat/Giac-Mo-Se-Ve-Phuong-Vy/XuYX8enNt1pT.html,Giấc Mơ Sẽ Về,Phương Vy,1.0,medium,"[{""id"":""el0RHYY9aI0v"",""name"":""Việt Nam"",""title"":""Việt Nam"",""alias"":""viet-nam"",""link"":""/the-loai-album/Viet-Nam/el0RHYY9aI0v.html""},{""id"":""iawjijA80yVd"",""name"":""V-Pop"",""title"":""V-Pop"",""alias"":""v-pop"",""link"":""/the-loai-album/V-Pop/iawjijA80yVd.html""}]; title_score=1.000; artist_score=1.000",found_needs_review,ZW67ZOIZ,https://zingmp3.vn/bai-hat/Giac-Mo-Se-Ve-Ho-Quynh-Huong/ZW67ZOIZ.html,,pop,apple_music,DIFFERENT,HIGH
song_dfef23d2198593b8,Giấc Mơ Trưa | Thùy Chi | Audio MV,THÙY CHI OFFICIAL,Nhạc Dân Ca - Quê Hương,zingmp3_title_artist_search,https://zingmp3.vn/bai-hat/Giac-Mo-Trua-Thuy-Chi/gJkNrKfDSw61.html,Giấc Mơ Trưa,Thùy Chi,0.91,medium,"[{""id"":""el0RHYY9aI0v"",""name"":""Việt Nam"",""title"":""Việt Nam"",""alias"":""viet-nam"",""link"":""/the-loai-album/Viet-Nam/el0RHYY9aI0v.html""},{""id"":""mRioytlQzEK0"",""name"":""Nhạc Dân Ca - Quê Hương"",""title"":""Nhạc Dân Ca - Quê Hương"",""alias"":""nhac-dan-ca-que-huong"",""link"":""/the-loai-album/Nhac-Dan-Ca-Que-Huong/mRioytlQzEK0.html""}]; title_score=1.000; artist_score=0.640",found_needs_review,,,https://www.youtube.com/watch?v=u2Ix73ePWDs,folk|world|country,discogs|nhaccuatui,DIFFERENT,HIGH
song_602c236d1b239c29,Giật Mình Trong Đêm - Tuấn Hưng [OFFICIAL MV HD],Tuấn Hưng,V-Pop,youtube_description,https://www.youtube.com/watch?v=AMRhdubTUpU,Giật Mình Trong Đêm - Tuấn Hưng [OFFICIAL MV HD],Tuấn Hưng,1.0,medium,.facebook.com/tuanhung.fan... ♫ Google Plus : http://bit.ly/TuanHungGGPlus Tuấn Hưng là một ca sĩ nhạc trẻ của Việt Nam. Anh được công chúng biết đến qua vai trò là thành viên của nhóm nhạc Quả dưa hấu - nhóm nhạc nổi tiếng của Hà Nội vào những năm cuối thế kỉ 20. Tuấn Hưng còn là một ca sĩ solo với các ca khúc nổi t,found_needs_review,,,https://www.youtube.com/watch?v=AMRhdubTUpU,pop|house,apple_music|nhaccuatui,DIFFERENT,HIGH
song_022ee99394ec8e57,Giờ Thì (Official MV) / buitruonglinh,buitruonglinh,V-Pop,zingmp3_title_artist_search,https://zingmp3.vn/bai-hat/Gio-Thi-buitruonglinh/sN5G3jiPIMjk.html,Giờ Thì,buitruonglinh,1.0,medium,"[{""id"":""el0RHYY9aI0v"",""name"":""Việt Nam"",""title"":""Việt Nam"",""alias"":""viet-nam"",""link"":""/the-loai-album/Viet-Nam/el0RHYY9aI0v.html""},{""id"":""iawjijA80yVd"",""name"":""V-Pop"",""title"":""V-Pop"",""alias"":""v-pop"",""link"":""/the-loai-album/V-Pop/iawjijA80yVd.html""}]; title_score=1.000; artist_score=1.000",found_needs_review,,,https://www.youtube.com/watch?v=69ZDBWoj5YM,pop,apple_music,DIFFERENT,HIGH
song_16202b96f6ba0354,Goo Goo Dolls – Iris [Official Music Video] [4K Remaster],Goo Goo Dolls,Âu Mỹ | Pop,zingmp3_title_artist_search,https://zingmp3.vn/bai-hat/Iris-Goo-Goo-Dolls/XYaFnI5SjyW3.html,Iris,Goo Goo Dolls,1.0,medium,"[{""id"":""q3564DMx4CZN"",""name"":""Âu Mỹ"",""title"":""Âu Mỹ"",""alias"":""au-my"",""link"":""/the-loai-album/Au-My/q3564DMx4CZN.html""},{""id"":""a72TM8ldqZjJ"",""name"":""Pop"",""title"":""Pop"",""alias"":""pop"",""link"":""/the-loai-album/Pop/a72TM8ldqZjJ.html""}]; title_score=1.000; artist_score=1.000",found_needs_review,,,https://www.youtube.com/watch?v=NdYWuo9OFAw,rock,nhaccuatui|nhac_vn|shazam|allmusic|qobuz|youtube,DIFFERENT,HIGH
song_9a20086bcad5a2e8,Green Day - American Idiot [Official Music Video] [4K Upgrade],Green Day,Âu Mỹ | Alternative,zingmp3_title_artist_search,https://zingmp3.vn/bai-hat/Green-Day-Green-Day/gJNpYI3bQasd.html,Green Day,Green Day,1.0,medium,"[{""id"":""q3564DMx4CZN"",""name"":""Âu Mỹ"",""title"":""Âu Mỹ"",""alias"":""au-my"",""link"":""/the-loai-album/Au-My/q3564DMx4CZN.html""},{""id"":""ndxIWTpiM9l6"",""name"":""Alternative"",""title"":""Alternative"",""alias"":""alternative"",""link"":""/the-loai-album/Alternative/ndxIWTpiM9l6.html""}]; title_score=1.000; artist_score=1.000",found_needs_review,,,https://www.youtube.com/watch?v=Ee_uujKuJMI,country,nhaccuatui|nhac_vn|shazam|allmusic|qobuz|youtube,DIFFERENT,HIGH
song_c89c493de2b2844e,Green Day - Basket Case [Official Music Video] (4K Upgrade),Green Day,Âu Mỹ | Alternative,zingmp3_title_artist_search,https://zingmp3.vn/bai-hat/Green-Day-Green-Day/gJNpYI3bQasd.html,Green Day,Green Day,1.0,medium,"[{""id"":""q3564DMx4CZN"",""name"":""Âu Mỹ"",""title"":""Âu Mỹ"",""alias"":""au-my"",""link"":""/the-loai-album/Au-My/q3564DMx4CZN.html""},{""id"":""ndxIWTpiM9l6"",""name"":""Alternative"",""title"":""Alternative"",""alias"":""alternative"",""link"":""/the-loai-album/Alternative/ndxIWTpiM9l6.html""}]; title_score=1.000; artist_score=1.000",found_needs_review,,,https://www.youtube.com/watch?v=NUTGr5t3MoY,country,nhaccuatui|nhac_vn|shazam|allmusic|qobuz|youtube,DIFFERENT,HIGH
song_68649ce9a57d38b6,gung0cay - Đã Lỡ Ew  ft.  $A Milo (prod. Gxxfy),GUNG0CAY,Rap Việt,youtube_description,https://www.youtube.com/watch?v=B7NJPWfGIKM,gung0cay - Đã Lỡ Ew  ft.  $A Milo (prod. Gxxfy),GUNG0CAY,1.0,medium,mail.com Bản quyền Video thuộc về GUNG0CAY ------------------ #gung0cay #samilo #gxxfy #DAOMUSIC #rap #rapviet #gung . #Metubnetwork #Metub,found_needs_review,,,https://www.youtube.com/watch?v=B7NJPWfGIKM,country,web_search,DIFFERENT,LOW
song_7e3a373548427404,GÓI XÔI VỘI - ĐạtG x DuUyên || OFFICIAL MV,DatG Music,V-Pop,zingmp3_title_artist_search,https://zingmp3.vn/bai-hat/Goi-Xoi-Voi-Dat-G/Xmf3stsd1g2g.html,Gói Xôi Vội,Đạt G,0.857,low,"[{""id"":""el0RHYY9aI0v"",""name"":""Việt Nam"",""title"":""Việt Nam"",""alias"":""viet-nam"",""link"":""/the-loai-album/Viet-Nam/el0RHYY9aI0v.html""},{""id"":""iawjijA80yVd"",""name"":""V-Pop"",""title"":""V-Pop"",""alias"":""v-pop"",""link"":""/the-loai-album/V-Pop/iawjijA80yVd.html""}]; title_score=1.000; artist_score=0.429",found_needs_review,,,https://www.youtube.com/watch?v=6VMiF9yTUSE,house,nhaccuatui,DIFFERENT,LOW
song_b2b4f418e9d373f6,Gặp Nhau Trên Đỉnh Trường Sơn - Đăng Dương [Official MV],Nhạc Cách Mạng Tiền Chiến,Nhạc Cách Mạng,youtube_description,https://www.youtube.com/watch?v=8vQsaKvwNrQ,Gặp Nhau Trên Đỉnh Trường Sơn - Đăng Dương [Official MV],Nhạc Cách Mạng Tiền Chiến,1.0,medium,▶ Theo dõi kênh Nhạc Cách Mạng Tiền Chiến: https://goo.gl/asFAPL ----------------------------- Những Bài Hát Hay Nhất:https://goo.gl/VcdKsJ Nhạc Đỏ Trữ Tình Quê Hương:https://goo.gl/29b7nt Tình Ca Tây Bắc Hay Nhất:https://goo.gl/TTVzMq,found_needs_review,,,https://www.youtube.com/watch?v=8vQsaKvwNrQ,electronic,apple_music,DIFFERENT,HIGH
song_2a591a89de18551a,Gặp Nhưng Không Ở Lại - Hiền Hồ Ft. Vương Anh Tú | Official Music Video,Hiền Hồ Official,Nhạc Phim,youtube_description,https://www.youtube.com/watch?v=5afz2COusA0,Gặp Nhưng Không Ở Lại - Hiền Hồ Ft. Vương Anh Tú | Official Music Video,Hiền Hồ Official,1.0,medium,"ÊN QUẦN CHÚNG: CƯỜNG ĐÀ LẠT – NGA VÕ TRỢ LÝ CASTING: QUỐC DUY-QUỐC TÀI HẬU CẦN: TRƯỜNG VÕ SẢN XUẤT NHẠC PHIM: A.N PRODUCTIONS NHẠC SĨ: NGUYỄN DUY ANH – ĐỨC HÀ LAN LỒNG TIẾNG: LÊ XUÂN NGHI GỬI LỜI CẢM ƠN ĐẶC BIỆT ĐẾN: SỞ VĂN HÓA THỂ THAO VÀ DU LỊCH TỈNH LÂM ĐỒNG BẢO TÀNG LÂM ĐỒNG CÔNG AN HUYỆN LẠC DƯƠNG, TỈNH LÂM ĐỒNG",found_needs_review,,,https://www.youtube.com/watch?v=5afz2COusA0,pop|v-pop,apple_music|zingmp3,DIFFERENT,HIGH
song_c9899388a494a35f,GỌI TÊN MỘT NỖI BUỒN - LÂM BẢO NGỌC | MV LYRICS | (OST Ngày Xưa Có Một Chuyện Tình),YEAH1 MUSIC,Nhạc Phim,youtube_description,https://www.youtube.com/watch?v=vE8LnkysZyA,GỌI TÊN MỘT NỖI BUỒN - LÂM BẢO NGỌC | MV LYRICS | (OST Ngày Xưa Có Một Chuyện Tình),YEAH1 MUSIC,1.0,medium,GỌI TÊN MỘT NỖI BUỒN - LÂM BẢO NGỌC | MV LYRICS | (OST Ngày Xưa Có Một Chuyện Tình) #GoiTenMotNoiBuon #LamBaoNgoc #ngayxuacomotchuyentinh #ost Bài hát: GỌI TÊN MỘT NỖI BUỒN Sáng tác: Đức Trí Trình bày: Lâm Bảo Ngọc ---------------------------------------------- Tên ph,found_needs_review,,,https://www.youtube.com/watch?v=vE8LnkysZyA,electronic|rock|pop|ambient|downtempo|pop rock|leftfield|synthpop|tech trance|alternative rock|tech house|breakbeat|drum n bass,discogs,DIFFERENT,HIGH
song_65847d579cd79e33,Gởi Người Tôi Yêu,"Cam Ly,Canh Han",Nhạc Trữ Tình,zingmp3_title_artist_search,https://zingmp3.vn/bai-hat/Gui-Nguoi-Toi-Yeu-Canh-Han-Cam-Ly/2jB4KOLA4mfT.html,Gửi Người Tôi Yêu,"Cảnh Hàn, Cẩm Ly",0.839,low,"[{""id"":""el0RHYY9aI0v"",""name"":""Việt Nam"",""title"":""Việt Nam"",""alias"":""viet-nam"",""link"":""/the-loai-album/Viet-Nam/el0RHYY9aI0v.html""},{""id"":""brC6BYOzAGjo"",""name"":""Nhạc Trữ Tình"",""title"":""Nhạc Trữ Tình"",""alias"":""nhac-tru-tinh"",""link"":""/the-loai-album/Nhac-Tru-Tinh/brC6BYOzAGjo.html""}]; title_score=0.941; artist_score=0.533",found_needs_review,ZWZDW8FU,https://zingmp3.vn/bai-hat/Goi-Nguoi-Toi-Yeu-Cam-Ly-Canh-Han/ZWZDW8FU.html,,pop,apple_music,DIFFERENT,HIGH
song_7deecbe7904fcc7f,Gửi Ngàn Lời Yêu - Tuấn Hưng [Official Mv HD],Tuấn Hưng,V-Pop,youtube_description,https://www.youtube.com/watch?v=7sYk3U4So3c,Gửi Ngàn Lời Yêu - Tuấn Hưng [Official Mv HD],Tuấn Hưng,1.0,medium,facebook.com/tuanhung.fanpage ♫ Google Plus : http://bit.ly/TuanHungGGPlus Tuấn Hưng là một ca sĩ nhạc trẻ của Việt Nam. Anh được công chúng biết đến qua vai trò là thành viên của nhóm nhạc Quả dưa hấu - nhóm nhạc nổi tiếng của Hà Nội vào những năm cuối thế kỉ 20. Tuấn Hưng còn là một ca sĩ solo với các ca khúc nổi t,found_needs_review,,,https://www.youtube.com/watch?v=7sYk3U4So3c,pop,apple_music,DIFFERENT,HIGH
song_a64a4c87eab74491,Hai Thế Giới full - Wowy & Karik ( Official Video HD full ),Wowy,Rap Việt,youtube_description,https://www.youtube.com/watch?v=3JLDUJJuVGk,Hai Thế Giới full - Wowy & Karik ( Official Video HD full ),Wowy,1.0,medium,Hai Thế Giới full - Wowy & Karik ( Official Video HD full ) #WOWY #KARIK #HAITHEGIOI #RAPVIET *** Contact booking: wowy27091988@gmail.com Fanpage: https://www.facebook.com/artistwowy New Channel: https://www.youtube.com/wowynguyen Wowy Nguyễn,found_needs_review,,,https://www.youtube.com/watch?v=3JLDUJJuVGk,worldwide,apple_music,DIFFERENT,HIGH
song_fde55193064ba676,HAN SARA feat TÙNG MARU | LỠ YÊU MẤT RỒI | OFFICIAL MUSIC VIDEO,Han Sara,Nhạc Phim,youtube_description,https://www.youtube.com/watch?v=gp9HBraJPoU,HAN SARA feat TÙNG MARU | LỠ YÊU MẤT RỒI | OFFICIAL MUSIC VIDEO,Han Sara,1.0,medium,OFFICIAL MUSIC VIDEO | HAN SARA - TÙNG MARU | LỠ YÊU MẤT RỒI OST THẦN TƯỢNG TUỔI 300 Executive Producer: 6th Sense Entertainment JSC - Ông Cao Thắng Director: Boxamxit Art Director: Vân Lê Composer : Tùng Maru Singer: Han Sara feat Tùng Maru Music Producer : Nghị Martin Recordin,found_needs_review,,,https://www.youtube.com/watch?v=gp9HBraJPoU,hip hop,nhaccuatui|shazam|nhac_vn|allmusic|qobuz|youtube,DIFFERENT,HIGH
song_433ea36c43eac996,HAN SARA - THẾ LÀ KHÔNG XANH CHÍN RỒI | Ft. TÙNG MARU | OST ‘ĐỪNG LÀM BẠN NỮA’,Han Sara,Nhạc Phim,youtube_description,https://www.youtube.com/watch?v=cI4r5R388Tc,HAN SARA - THẾ LÀ KHÔNG XANH CHÍN RỒI | Ft. TÙNG MARU | OST ‘ĐỪNG LÀM BẠN NỮA’,Han Sara,1.0,medium,HAN SARA - THẾ LÀ KHÔNG XANH CHÍN RỒI | Ft. TÙNG MARU | OST ‘ĐỪNG LÀM BẠN NỮA’ 6TH SENSE ENTERTAINMENT JSC GIÁM ĐỐC SẢN XUẤT XANH CHÍN: VÂN ANH ĐẠO DIỄN KHÔNG XANH CHÍN: TÔN NGỘ ĐỘC GIÁM ĐỐC TRUYỀN THÔNG XANH CHÍN: D GROUP MEDIA – VĨNH DUY QUẢN L,found_needs_review,,,https://www.youtube.com/watch?v=cI4r5R388Tc,v-pop|hip hop,zingmp3|nhaccuatui|nhac_vn|shazam|allmusic|qobuz|youtube,DIFFERENT,HIGH
song_a37bb328f0eeb36b,Happy Wedding - Chỉ Cần Anh Thôi | Thủy Tiên,Thuỷ Tiên Official,V-Pop,zingmp3_title_artist_search,https://zingmp3.vn/bai-hat/Thuy-Tien-Thuy-Tien/AtT6Vc6uosCo.html,Thủy Tiên,Thủy Tiên,0.917,medium,"[{""id"":""el0RHYY9aI0v"",""name"":""Việt Nam"",""title"":""Việt Nam"",""alias"":""viet-nam"",""link"":""/the-loai-album/Viet-Nam/el0RHYY9aI0v.html""},{""id"":""iawjijA80yVd"",""name"":""V-Pop"",""title"":""V-Pop"",""alias"":""v-pop"",""link"":""/the-loai-album/V-Pop/iawjijA80yVd.html""}]; title_score=1.000; artist_score=0.667",found_needs_review,,,https://www.youtube.com/watch?v=odiomCsgL_A,rock|pop|folk|world|country|trữ tình,discogs,DIFFERENT,HIGH
song_debf59d306dfbb03,HARDY - wait in the truck (feat. Lainey Wilson) (Official Music Video),HARDY,Âu Mỹ | Rap / Hip Hop,zingmp3_title_artist_search,https://zingmp3.vn/bai-hat/Hardy-Aiden-Yoo/Opw4r1383kbN.html,Hardy,Aiden Yoo,0.857,low,"[{""id"":""q3564DMx4CZN"",""name"":""Âu Mỹ"",""title"":""Âu Mỹ"",""alias"":""au-my"",""link"":""/the-loai-album/Au-My/q3564DMx4CZN.html""},{""id"":""XS3QXI9JwoS"",""name"":""Rap / Hip Hop"",""title"":""Rap / Hip Hop"",""alias"":""rap-hip-hop"",""link"":""/the-loai-album/Rap-Hip-Hop/XS3QXI9JwoS.html""}]; title_score=1.000; artist_score=0.429",found_needs_review,,,https://www.youtube.com/watch?v=YsMB0i5YTOc,country,apple_music,DIFFERENT,HIGH
song_02e18d65481fd630,Hit Me Up (feat. Nomovodka),Binz Da Poet,V-Pop,zingmp3_title_artist_search,https://zingmp3.vn/bai-hat/Hit-Me-Up-feat-Nomovodka-Binz-Nomovodka/zRjv4A4fFXFL.html,Hit Me Up (feat. Nomovodka),"Binz, Nomovodka",0.885,medium,"[{""id"":""el0RHYY9aI0v"",""name"":""Việt Nam"",""title"":""Việt Nam"",""alias"":""viet-nam"",""link"":""/the-loai-album/Viet-Nam/el0RHYY9aI0v.html""},{""id"":""iawjijA80yVd"",""name"":""V-Pop"",""title"":""V-Pop"",""alias"":""v-pop"",""link"":""/the-loai-album/V-Pop/iawjijA80yVd.html""}]; title_score=1.000; artist_score=0.538",found_needs_review,,,https://www.youtube.com/watch?v=CGX82j4CVK4,thái lan|pop,zingmp3,DIFFERENT,HIGH
song_e0b2c6c0d760a603,Hiện Đại | Khắc Việt | Official Music Video,KHẮC VIỆT,V-Pop,youtube_description,https://www.youtube.com/watch?v=FuwU2SyG1d4,Hiện Đại | Khắc Việt | Official Music Video,KHẮC VIỆT,1.0,medium,#KHACVIET #HIENDAI #POPS #YINYANG #VHD #NHACTRE Available on ZING MP3 : https://zingmp3.vn/bai-hat/ZUI99F6F.html Available on Spotify: https://YYM.lnk.to/HienDai/spotify Available on Apple Music: https://YYM.lnk.to/HienDai/applemusic iTunes: https://YYM.lnk.t,found_needs_review,,,https://www.youtube.com/watch?v=FuwU2SyG1d4,hip hop|rap|dance việt|folk|world|country,apple_music|zingmp3|discogs,DIFFERENT,HIGH
song_2963ea1b8fd1d152,Hoobastank - The Reason (Official Music Video),Hoobastank,Âu Mỹ | Pop,zingmp3_title_artist_search,https://zingmp3.vn/bai-hat/The-Reason-Hoobastank/dReXqJbFs7RC.html,The Reason,Hoobastank,1.0,medium,"[{""id"":""q3564DMx4CZN"",""name"":""Âu Mỹ"",""title"":""Âu Mỹ"",""alias"":""au-my"",""link"":""/the-loai-album/Au-My/q3564DMx4CZN.html""},{""id"":""a72TM8ldqZjJ"",""name"":""Pop"",""title"":""Pop"",""alias"":""pop"",""link"":""/the-loai-album/Pop/a72TM8ldqZjJ.html""}]; title_score=1.000; artist_score=1.000",found_needs_review,,,https://www.youtube.com/watch?v=fV4DiAyExN0,rock,zingmp3,DIFFERENT,HIGH
song_7a43717e1fb95a41,Hozier - Too Sweet (Official Lyric Video),Hozier,Âu Mỹ | Pop,zingmp3_title_artist_search,https://zingmp3.vn/bai-hat/Too-Sweet-Hozier/2ymS4WoHD0Ui.html,Too Sweet,Hozier,1.0,medium,"[{""id"":""q3564DMx4CZN"",""name"":""Âu Mỹ"",""title"":""Âu Mỹ"",""alias"":""au-my"",""link"":""/the-loai-album/Au-My/q3564DMx4CZN.html""},{""id"":""a72TM8ldqZjJ"",""name"":""Pop"",""title"":""Pop"",""alias"":""pop"",""link"":""/the-loai-album/Pop/a72TM8ldqZjJ.html""}]; title_score=1.000; artist_score=1.000",found_needs_review,,,https://www.youtube.com/watch?v=aezstCBHOPQ,alternative,apple_music,DIFFERENT,HIGH
song_21d9d3ba7ee0c1cc,Hoài Lâm | Nỗi Nhớ Mang Tên Mình | St: Nguyễn Minh Cường | MV Lyrics,Nguyễn Minh Cường,Nhạc Phim,youtube_description,https://www.youtube.com/watch?v=-iz6VBxZBIM,Hoài Lâm | Nỗi Nhớ Mang Tên Mình | St: Nguyễn Minh Cường | MV Lyrics,Nguyễn Minh Cường,1.0,medium,----------------------------------------------------------------- Lyrics : Nỗi Nhớ Mang Tên Mình (OST Cạm bẫy - Hơi Thở Của Quỷ) Sáng tác : Nguyễn Minh Cường Hòa Âm : Nguyễn Nam Minh Thụy Có đôi lúc anh tự hỏi tình yêu ta đã chết bao giờ?” Có đôi lúc anh tự hỏi “tình yêu ta có còn mãi mãi?” Giật mình trong cô đơn,found_needs_review,,,https://www.youtube.com/watch?v=-iz6VBxZBIM,country,nhaccuatui,DIFFERENT,LOW
song_5665c183f6b04c77,HOÀNG TÔN x BEEPBEEPCHILD - Trào Dâng | Official Music Video,HOÀNG TÔN,R&B Việt,zingmp3_title_artist_search,https://zingmp3.vn/bai-hat/Trao-Dang-Hoang-Ton-BeepBeepChild/OJK46ljMy9YF.html,Trào Dâng,"Hoàng Tôn, BeepBeepChild",0.891,medium,"[{""id"":""el0RHYY9aI0v"",""name"":""Việt Nam"",""title"":""Việt Nam"",""alias"":""viet-nam"",""link"":""/the-loai-album/Viet-Nam/el0RHYY9aI0v.html""},{""id"":""Qvf5V6XIXLP3"",""name"":""R&B Việt"",""title"":""R&B Việt"",""alias"":""r-b-viet"",""link"":""/the-loai-album/R-B-Viet/Qvf5V6XIXLP3.html""}]; title_score=1.000; artist_score=0.562",found_needs_review,,,https://www.youtube.com/watch?v=L1hwqj7CmB0,b việt,zingmp3,DIFFERENT,HIGH
song_7cbed72898166cb8,HOÀNG TÔN - YÊU EM RẤT NHIỀU (Lyrics Video),HOÀNG TÔN,R&B Việt,zingmp3_title_artist_search,https://zingmp3.vn/bai-hat/Yeu-Em-Rat-Nhieu-Hoang-Ton/KOaQYeEGAVIY.html,Yêu Em Rất Nhiều,Hoàng Tôn,1.0,medium,"[{""id"":""el0RHYY9aI0v"",""name"":""Việt Nam"",""title"":""Việt Nam"",""alias"":""viet-nam"",""link"":""/the-loai-album/Viet-Nam/el0RHYY9aI0v.html""},{""id"":""Qvf5V6XIXLP3"",""name"":""R&B Việt"",""title"":""R&B Việt"",""alias"":""r-b-viet"",""link"":""/the-loai-album/R-B-Viet/Qvf5V6XIXLP3.html""}]; title_score=1.000; artist_score=1.000",found_needs_review,,,https://www.youtube.com/watch?v=vDfkqjhtiCM,pop|b việt,apple_music|zingmp3,DIFFERENT,HIGH
song_5f30d035506b2c98,HOÀNG TÔN - YÊU EM RẤT NHIỀU [Official MV],HOÀNG TÔN,R&B Việt,zingmp3_title_artist_search,https://zingmp3.vn/bai-hat/Yeu-Em-Rat-Nhieu-Hoang-Ton/KOaQYeEGAVIY.html,Yêu Em Rất Nhiều,Hoàng Tôn,1.0,medium,"[{""id"":""el0RHYY9aI0v"",""name"":""Việt Nam"",""title"":""Việt Nam"",""alias"":""viet-nam"",""link"":""/the-loai-album/Viet-Nam/el0RHYY9aI0v.html""},{""id"":""Qvf5V6XIXLP3"",""name"":""R&B Việt"",""title"":""R&B Việt"",""alias"":""r-b-viet"",""link"":""/the-loai-album/R-B-Viet/Qvf5V6XIXLP3.html""}]; title_score=1.000; artist_score=1.000",found_needs_review,,,https://www.youtube.com/watch?v=OK7cYGAwJ8c,pop|b việt,apple_music|zingmp3,DIFFERENT,HIGH
song_231ee6d6db055801,Hà Anh Tuấn - Tháng Tư Là Lời Nói Dối Của Em (Official MV),Hà Anh Tuấn,R&B Việt,youtube_description,https://www.youtube.com/watch?v=UCXao7aTDQM,Hà Anh Tuấn - Tháng Tư Là Lời Nói Dối Của Em (Official MV),Hà Anh Tuấn,1.0,medium,".com/c/casihaanhtuan?sub_confirmation=1 Hà Anh Tuấn sinh ngày 17/12/1984 tại Sài Gòn, là một ca sĩ R&B Việt Nam. Bố Mẹ Hà Anh Tuấn quê gốc ở Ninh Bình.Từ khi còn là học sinh Hà Anh Tuấn đã tham gia rất nhiều phong trào văn nghệ của trường. Hà Anh Tuấn được biết đến qua cuộc thi Sao Mai Điểm Hẹn. ---- Sáng tác: Phạm T",found_needs_review,,,https://www.youtube.com/watch?v=UCXao7aTDQM,pop|v-pop,apple_music|zingmp3,DIFFERENT,HIGH
song_16a4669aff1e0a03,Hà Nội Ngày Chia Xa,Thu Phuong,Nhạc Trữ Tình,zingmp3_title_artist_search,https://zingmp3.vn/bai-hat/Ha-Noi-Ngay-Chia-Xa-Nhat-Trung/dsVOvUOyE6Df.html,Hà Nội Ngày Chia Xa,Nhật Trung,0.85,low,"[{""id"":""el0RHYY9aI0v"",""name"":""Việt Nam"",""title"":""Việt Nam"",""alias"":""viet-nam"",""link"":""/the-loai-album/Viet-Nam/el0RHYY9aI0v.html""},{""id"":""brC6BYOzAGjo"",""name"":""Nhạc Trữ Tình"",""title"":""Nhạc Trữ Tình"",""alias"":""nhac-tru-tinh"",""link"":""/the-loai-album/Nhac-Tru-Tinh/brC6BYOzAGjo.html""}]; title_score=1.000; artist_score=0.400",found_needs_review,ZW6O9I88,https://zingmp3.vn/bai-hat/Ha-Noi-Ngay-Chia-Xa-Thu-Phuong/ZW6O9I88.html,,worldwide|pop,apple_music|discogs,DIFFERENT,HIGH
song_f95a0324d6bdb254,Hà Nội Xịn - LK (Official Audio),Lil’Knight,Rap Việt,youtube_description,https://www.youtube.com/watch?v=3K4KtTbVzU0,Hà Nội Xịn - LK (Official Audio),Lil’Knight,1.0,medium,"hấy chưa hài lòng Bọn tao phóng thẳng ra Hương Phố Huế , LanOong suy nghĩ không có dài dòng Thích Hiphop thi vào Nhất Long Bông Thợ Nhuộm gần phố Hàng Bông Áo Sơ mi cắm thùng sáng bóng Trông chả khác gì thanh niên HongKong HOOK ::::::: Đây là Hà Nội xịn của Tao!!!! Sao cơ??? Sao cơ????Sao cơ??? Đừng có dại bật d",found_needs_review,,,https://www.youtube.com/watch?v=3K4KtTbVzU0,pop,apple_music,DIFFERENT,HIGH
song_01e24fe12cf6b289,Hà Tĩnh Mình Thương,Tố Nga,Nhạc Dân Ca - Quê Hương,zingmp3_title_artist_search,https://zingmp3.vn/bai-hat/Ha-Tinh-Minh-Thuong-Thu-Hien/qM9UCO0zC3aL.html,Hà Tĩnh Mình Thương,Thu Hiền,0.857,low,"[{""id"":""el0RHYY9aI0v"",""name"":""Việt Nam"",""title"":""Việt Nam"",""alias"":""viet-nam"",""link"":""/the-loai-album/Viet-Nam/el0RHYY9aI0v.html""},{""id"":""mRioytlQzEK0"",""name"":""Nhạc Dân Ca - Quê Hương"",""title"":""Nhạc Dân Ca - Quê Hương"",""alias"":""nhac-dan-ca-que-huong"",""link"":""/the-loai-album/Nhac-Dan-Ca-Que-Huong/mRioytlQzEK0.html""}]; title_score=1.000; artist_score=0.429",found_needs_review,ZWZC9ZB7,https://zingmp3.vn/bai-hat/Ha-Tinh-Minh-Thuong-To-Nga/ZWZC9ZB7.html,,pop|electronic|dance-pop,apple_music|discogs,DIFFERENT,HIGH
song_c1b6f41e161bca3d,Hàn Mặc Tử - Phương Anh (Official 4K MV),Phương Anh Bolero,Bolero | Nhạc Tôn Giáo,youtube_description,https://www.youtube.com/watch?v=VJcoCT_Z5Rw,Hàn Mặc Tử - Phương Anh (Official 4K MV),Phương Anh Bolero,1.0,medium,"ác quyền bởi BH MEDIA (BIHACO Communication Trading and Service Corporation). Sáng tác: Trần Thiện Thanh Ca sĩ: Phương Anh Video by KHANG HY ENTERTAINMENT LYRICS: Ai mua trăng, tôi bán trăng cho Trăng nằm yên trên cành liễu đợi chờ Ai mua trăng, tôi bán trăng cho Chẳng bán tình duyên ước hẹn hò. Đường lên dốc đá nửa",found_needs_review,,,https://www.youtube.com/watch?v=VJcoCT_Z5Rw,trữ tình,zingmp3,DIFFERENT,HIGH
song_5bfaced74d7a6374,Hát Vang Rằng Em Yêu Anh - Thủy Tiên | Đẹp Từng Centimet OST,Thuỷ Tiên Official,Nhạc Phim,youtube_description,https://www.youtube.com/watch?v=DrBRt9LrgPw,Hát Vang Rằng Em Yêu Anh - Thủy Tiên | Đẹp Từng Centimet OST,Thuỷ Tiên Official,1.0,medium,Hát Vang Rằng Em Yêu Anh - Thủy Tiên | Đẹp Từng Centimet OST Lyrics: Ngồi cùng anh nơi đây thật quá êm đềm Kề vai anh trong khi ngoài kia là gió Chờ trăng lên mình hát gọi tên nhau thầm thì Là la là la la la la hạnh phúc sớm mai Ngày hôm qua em như cô bé u buồn Rồi anh đ,found_needs_review,,,https://www.youtube.com/watch?v=DrBRt9LrgPw,v-pop|nhạc đỏ|nhạc trẻ,zingmp3|nhaccuatui|shazam|allmusic|qobuz|youtube,DIFFERENT,HIGH
song_6c29ed38c73fa459,Hãy Về Đây Bên Em,Cầm OFFICIAL,R&B Việt,zingmp3_title_artist_search,https://zingmp3.vn/bai-hat/Hay-Ve-Day-Ben-Em-Cam-Duy-Manh/n2GfmK5OxUS.html,Hãy Về Đây Bên Em,"Cầm, Duy Mạnh",0.854,low,"[{""id"":""el0RHYY9aI0v"",""name"":""Việt Nam"",""title"":""Việt Nam"",""alias"":""viet-nam"",""link"":""/the-loai-album/Viet-Nam/el0RHYY9aI0v.html""},{""id"":""Qvf5V6XIXLP3"",""name"":""R&B Việt"",""title"":""R&B Việt"",""alias"":""r-b-viet"",""link"":""/the-loai-album/R-B-Viet/Qvf5V6XIXLP3.html""}]; title_score=1.000; artist_score=0.417",found_needs_review,,,https://www.youtube.com/watch?v=4sTDxXEP8gs,pop|b việt|v-pop,apple_music|zingmp3|discogs,DIFFERENT,HIGH
song_3508c4a42e343396,HÓA TƯƠNG TƯ | ANH RỒNG | REMIX OFFICIAL MUSIC,Anh Rồng Official,V-Pop,zingmp3_title_artist_search,https://zingmp3.vn/bai-hat/Hoa-tuong-tu-Anh-Rong/qJya5rD13dnp.html,Hóa tương tư,Anh Rồng,0.91,medium,"[{""id"":""el0RHYY9aI0v"",""name"":""Việt Nam"",""title"":""Việt Nam"",""alias"":""viet-nam"",""link"":""/the-loai-album/Viet-Nam/el0RHYY9aI0v.html""},{""id"":""iawjijA80yVd"",""name"":""V-Pop"",""title"":""V-Pop"",""alias"":""v-pop"",""link"":""/the-loai-album/V-Pop/iawjijA80yVd.html""}]; title_score=1.000; artist_score=0.640",found_needs_review,,,https://www.youtube.com/watch?v=IPO-n-u2jOA,pop,apple_music,DIFFERENT,HIGH
song_14eab12b5a7fe7ad,Hôm Nay Em Cưới Rồi (Lofi Ver.) - Khải Đăng x Freak D,Freak D Music,V-Pop,zingmp3_title_artist_search,https://zingmp3.vn/bai-hat/Hom-Nay-Em-Cuoi-Roi-Lofi-Version-Khai-Dang-Freak-D/qW4wHOcEkGQP.html,Hôm Nay Em Cưới Rồi (Lofi Version),"Khải Đăng, Freak D",0.821,low,"[{""id"":""el0RHYY9aI0v"",""name"":""Việt Nam"",""title"":""Việt Nam"",""alias"":""viet-nam"",""link"":""/the-loai-album/Viet-Nam/el0RHYY9aI0v.html""},{""id"":""iawjijA80yVd"",""name"":""V-Pop"",""title"":""V-Pop"",""alias"":""v-pop"",""link"":""/the-loai-album/V-Pop/iawjijA80yVd.html""}]; title_score=0.933; artist_score=0.483",found_needs_review,,,https://www.youtube.com/watch?v=nJKuW2IN6jw,pop,apple_music,DIFFERENT,HIGH
song_8c8dfbf6fc8707de,Hương Tràm - Cánh Hoa Tàn (Mẹ Chồng OST) (Official MV),Hương Tràm Charmy pham,Nhạc Phim,youtube_description,https://www.youtube.com/watch?v=7WJI7JU5Fek,Hương Tràm - Cánh Hoa Tàn (Mẹ Chồng OST) (Official MV),Hương Tràm Charmy pham,1.0,medium,theo dõi MV mới nhất của Tràm nhé: http://metub.net/huongtram Hương Tràm - CÁNH HOA TÀN | MẸ CHỒNG OST | OFFICIAL MV Đăng ký kênh để theo dõi MV mới nhất của Tràm nhé: http://yeah1.net/HuongTram ►Follow: FB Hương Tràm: http://bit.ly/FB_Huongtram ------------------------------ ------------------------------------------,found_needs_review,,,https://www.youtube.com/watch?v=7WJI7JU5Fek,pop,apple_music,DIFFERENT,HIGH
song_120a1d4feecb8e12,Hạnh Phúc Bay Xa,Thanh Thao,V-Pop,zingmp3_title_artist_search,https://zingmp3.vn/bai-hat/Hanh-Phuc-Bay-Xa-Dan-Truong-Cam-Ly/vtQKHTXex9.html,Hạnh Phúc Bay Xa,"Đan Trường, Cẩm Ly",0.846,low,"[{""id"":""el0RHYY9aI0v"",""name"":""Việt Nam"",""title"":""Việt Nam"",""alias"":""viet-nam"",""link"":""/the-loai-album/Viet-Nam/el0RHYY9aI0v.html""},{""id"":""iawjijA80yVd"",""name"":""V-Pop"",""title"":""V-Pop"",""alias"":""v-pop"",""link"":""/the-loai-album/V-Pop/iawjijA80yVd.html""}]; title_score=1.000; artist_score=0.385",found_needs_review,ZWZBBWZD,https://zingmp3.vn/bai-hat/Hanh-Phuc-Bay-Xa-Thanh-Thao/ZWZBBWZD.html,,pop|electronic|dance-pop|ballad,apple_music|discogs,DIFFERENT,HIGH
song_75766423acaa9ce7,Hạt Mưa Và Nỗi Nhớ,Bảo Yến,Nhạc Trữ Tình,zingmp3_title_artist_search,https://zingmp3.vn/bai-hat/Hat-Mua-Va-Noi-Nho-Bang-Kieu/DBhUeHKv7YEm.html,Hạt Mưa Và Nỗi Nhớ,Bằng Kiều,0.875,low,"[{""id"":""el0RHYY9aI0v"",""name"":""Việt Nam"",""title"":""Việt Nam"",""alias"":""viet-nam"",""link"":""/the-loai-album/Viet-Nam/el0RHYY9aI0v.html""},{""id"":""brC6BYOzAGjo"",""name"":""Nhạc Trữ Tình"",""title"":""Nhạc Trữ Tình"",""alias"":""nhac-tru-tinh"",""link"":""/the-loai-album/Nhac-Tru-Tinh/brC6BYOzAGjo.html""}]; title_score=1.000; artist_score=0.500",found_needs_review,ZW60FC68,https://zingmp3.vn/bai-hat/Hat-Mua-Va-Noi-Nho-Bao-Yen/ZW60FC68.html,,pop|folk|world|country,apple_music|discogs,DIFFERENT,HIGH
song_cd83c8690ad5bbc3,"Hẹn Một Mai (From"" 4 Năm 2 Chàng 1 Tình Yêu"")",Bùi Anh Tuấn,Nhạc Phim | V-Pop,zingmp3_title_artist_search,https://zingmp3.vn/bai-hat/Hen-Mot-Mai-4-Nam-2-Chang-1-Tinh-Yeu-OST-Bui-Anh-Tuan/7NNWgmfSmZRd.html,Hẹn Một Mai (4 Năm 2 Chàng 1 Tình Yêu OST),Bùi Anh Tuấn,0.917,medium,"[{""id"":""el0RHYY9aI0v"",""name"":""Việt Nam"",""title"":""Việt Nam"",""alias"":""viet-nam"",""link"":""/the-loai-album/Viet-Nam/el0RHYY9aI0v.html""},{""id"":""ZCv3iOigAVh3"",""name"":""Nhạc Phim"",""title"":""Nhạc Phim"",""alias"":""nhac-phim"",""link"":""/the-loai-album/Nhac-Phim/ZCv3iOigAVh3.html""},{""id"":""iawjijA80yVd"",""name"":""V-Pop"",""title"":""V-Pop"",""alias"":""v-pop"",""link"":""/the-loai-album/V-Pop/iawjijA80yVd.html""}]; title_score=0.889; artist_score=1.000",found_needs_review,,,https://www.youtube.com/watch?v=h6AaGjs4VR4,pop,apple_music,DIFFERENT,HIGH
song_0262d638a44b6d16,Hẹn Ngày Mai Yêu,Cao Long,V-Pop,zingmp3_title_artist_search,https://zingmp3.vn/bai-hat/Hen-Ngay-Mai-Yeu-Long-Cao/YnytFXmU0fOH.html,Hẹn Ngày Mai Yêu,Long Cao,0.875,low,"[{""id"":""el0RHYY9aI0v"",""name"":""Việt Nam"",""title"":""Việt Nam"",""alias"":""viet-nam"",""link"":""/the-loai-album/Viet-Nam/el0RHYY9aI0v.html""},{""id"":""iawjijA80yVd"",""name"":""V-Pop"",""title"":""V-Pop"",""alias"":""v-pop"",""link"":""/the-loai-album/V-Pop/iawjijA80yVd.html""}]; title_score=1.000; artist_score=0.500",found_needs_review,ZW8W8B9B,https://zingmp3.vn/bai-hat/Hen-Ngay-Mai-Yeu-Cao-Long/ZW8W8B9B.html,,pop,apple_music,DIFFERENT,HIGH
song_38d037ce5df523de,Hết Duyên Là Ý Trời - Chu Bin (Audio Lyric),Nam Việt Music,V-Pop,youtube_description,https://www.youtube.com/watch?v=3UMwfEsL6SM,Hết Duyên Là Ý Trời - Chu Bin (Audio Lyric),Nam Việt Music,1.0,medium,"Ý Trời - Chu Bin (Audio Lyric) ✔ Đăng ký Nam Việt Music xem ngay MV, Phim Ca Nhạc và Những Ca Khúc Nhạc Trẻ - Remix Hay và Mới Nhất 2017 ✔ Đây là ca khúc được độc quyền bởi Nam Việt. Đề nghị các tổ chức, cá nhân không reup dưới mọi hình thức. --------------------------------- © NamVietMedia",found_needs_review,,,https://www.youtube.com/watch?v=3UMwfEsL6SM,pop,apple_music,DIFFERENT,HIGH
song_f20c6ba22526faa3,HỐI HẬN TRONG ANH - TUẤN HƯNG [OFFICIAL MV HD],Tuấn Hưng,V-Pop,youtube_description,https://www.youtube.com/watch?v=0IOeflQmFYI,HỐI HẬN TRONG ANH - TUẤN HƯNG [OFFICIAL MV HD],Tuấn Hưng,1.0,medium,facebook.com/tuanhung.fanpage ♫ Google Plus : http://bit.ly/TuanHungGGPlus Tuấn Hưng là một ca sĩ nhạc trẻ của Việt Nam. Anh được công chúng biết đến qua vai trò là thành viên của nhóm nhạc Quả dưa hấu - nhóm nhạc nổi tiếng của Hà Nội vào những năm cuối thế kỉ 20. Tuấn Hưng còn là một ca sĩ solo với các ca khúc nổi t,found_needs_review,,,https://www.youtube.com/watch?v=0IOeflQmFYI,pop,apple_music,DIFFERENT,HIGH
song_46b6593d8f68e6cf,Hồn Quê | Hiền Thục | Music Video,Hiền Thục,Nhạc Dân Ca - Quê Hương,zingmp3_title_artist_search,https://zingmp3.vn/bai-hat/Hon-Que-Hien-Thuc/Crahhxu1kapJ.html,Hồn Quê,Hiền Thục,1.0,medium,"[{""id"":""el0RHYY9aI0v"",""name"":""Việt Nam"",""title"":""Việt Nam"",""alias"":""viet-nam"",""link"":""/the-loai-album/Viet-Nam/el0RHYY9aI0v.html""},{""id"":""mRioytlQzEK0"",""name"":""Nhạc Dân Ca - Quê Hương"",""title"":""Nhạc Dân Ca - Quê Hương"",""alias"":""nhac-dan-ca-que-huong"",""link"":""/the-loai-album/Nhac-Dan-Ca-Que-Huong/mRioytlQzEK0.html""}]; title_score=1.000; artist_score=1.000",found_needs_review,,,https://www.youtube.com/watch?v=_0NuipsTqRc,pop,apple_music,DIFFERENT,HIGH
song_ef2092e00d7115c0,I CAN'T BREATHE | BẢO THY x NIMBIA | OFFICIAL MV,Bảo Thy Official,Dance Việt | EDM Việt,zingmp3_title_artist_search,https://zingmp3.vn/bai-hat/I-Can-t-Breathe-Bao-Thy-Nimbia/qC4skblgHVqZ.html,I Can’t Breathe,"Bảo Thy, Nimbia",0.933,medium,"[{""id"":""el0RHYY9aI0v"",""name"":""Việt Nam"",""title"":""Việt Nam"",""alias"":""viet-nam"",""link"":""/the-loai-album/Viet-Nam/el0RHYY9aI0v.html""},{""id"":""70R9PC5gb3Sr"",""name"":""Dance Việt"",""title"":""Dance Việt"",""alias"":""dance-viet"",""link"":""/the-loai-album/Dance-Viet/70R9PC5gb3Sr.html""},{""id"":""2kaEVD3AzGsv"",""name"":""EDM Việt"",""title"":""EDM Việt"",""alias"":""edm-viet"",""link"":""/the-loai-album/EDM-Viet/2kaEVD3AzGsv.html""}]; title_score=1.000; artist_score=0.733",found_needs_review,,,https://www.youtube.com/watch?v=mC7vOdMMkQ4,latin,nhaccuatui|nhac_vn|shazam|allmusic|qobuz|youtube,DIFFERENT,HIGH
song_866caac59fd8ddaf,I'll Never Love Again (from A Star Is Born) (Official Music Video),Lady Gaga,Nhạc Phim,youtube_description,https://www.youtube.com/watch?v=52nfjRzIaj8,I'll Never Love Again (from A Star Is Born) (Official Music Video),Lady Gaga,1.0,medium,Listen to brand new music from Bradley Cooper & Lady Gaga from the 'A Star Is Born' Soundtrack: http://smarturl.it/ASIBSoundtrack Get tickets to see the film: US: http://www.astarisbornmovie.com/#/GetTickets International: http://www.astarisborninternational.com Follow Lady Gaga: Facebook: http://gaga,found_needs_review,,,https://www.youtube.com/watch?v=52nfjRzIaj8,latin,nhaccuatui|nhac_vn|shazam|allmusic|qobuz|youtube,DIFFERENT,HIGH
song_ecc9df6f79f0b734,I love you (Không nói được OST) - Only C MV HD Official,Zing MP3,Nhạc Phim | V-Pop,youtube_description,https://www.youtube.com/watch?v=w2h1Jxxayxo,I love you (Không nói được OST) - Only C MV HD Official,Zing MP3,1.0,medium,I love you Không nói được OST Only C http://mp3.zing.vn/video-clip/I-Love-You-Khong-Noi-Duoc-OST-OnlyC/ZW6DFU97.html Vốn có năng khiếu âm nhạc...được bố cho tiếp xúc với âm nhạc và truyền đạt hiểu biết kiến thức âm nhạc từ lúc bé.. Biết chơ,found_needs_review,,,https://www.youtube.com/watch?v=w2h1Jxxayxo,rock|latin,apple_music|nhaccuatui|nhac_vn|shazam|qobuz|allmusic|youtube,DIFFERENT,HIGH
song_94e44ae832b463d8,I'm Still Loving You | Hương Tràm | Official Music Video,YEAH1 MUSIC,Âu Mỹ | Pop,zingmp3_title_artist_search,https://zingmp3.vn/bai-hat/I-m-Still-Loving-You-Eduard-Fito/wmSO7NH8jIt5.html,I'm Still Loving You,Eduard Fitó,0.841,low,"[{""id"":""q3564DMx4CZN"",""name"":""Âu Mỹ"",""title"":""Âu Mỹ"",""alias"":""au-my"",""link"":""/the-loai-album/Au-My/q3564DMx4CZN.html""},{""id"":""a72TM8ldqZjJ"",""name"":""Pop"",""title"":""Pop"",""alias"":""pop"",""link"":""/the-loai-album/Pop/a72TM8ldqZjJ.html""}]; title_score=1.000; artist_score=0.364",found_needs_review,,,https://www.youtube.com/watch?v=1LX3Oezi8Ts,latin,nhaccuatui|nhac_vn|shazam|allmusic|qobuz|youtube,DIFFERENT,HIGH
song_9c6f915ece115eda,"I'M THINKING ABOUT YOU - Tlinh, Rhyder, WEAN, Đức Phúc, Hùng Huỳnh | Anh Trai Say Hi [Performance]",Vie Channel - MUSIC,Rap Việt,youtube_description,https://www.youtube.com/watch?v=o7X2VnPcufU,"I'M THINKING ABOUT YOU - Tlinh, Rhyder, WEAN, Đức Phúc, Hùng Huỳnh | Anh Trai Say Hi [Performance]",Vie Channel - MUSIC,1.0,medium,p VieON tại: https://click.vieon.vn/wSBG/ytapp Xem các chương trình hấp dẫn khác của Vie Channel: ►Rap Việt Full: https://bit.ly/RAPVIETSS3 ►Người Ấy Là Ai Full: https://bit.ly/NALASS5 ►Hoa Vương Full: https://bit.ly/HoaVươngFull ►The Masked Singer Vietnam Full: https://bit.ly/TMSVNSS2 Hoặc xem thêm trên hệ thống Vie,found_needs_review,,,https://www.youtube.com/watch?v=o7X2VnPcufU,latin,nhaccuatui|nhac_vn|shazam|allmusic|qobuz|youtube,DIFFERENT,HIGH
song_325bd2b43b3bf9b4,ICM x Thoại Nghi x DJ VA - Về Nhà Nhanh Đi Anh (Official MV) / Trạm Âm Nhạc,Trạm Âm Nhạc,V-Pop,zingmp3_title_artist_search,https://zingmp3.vn/bai-hat/Ve-Nha-Nhanh-Di-Anh-Thoai-Nghi-ICM/xHbKP6vfW2tx.html,Về Nhà Nhanh Đi Anh,"Thoại Nghi, ICM",0.865,low,"[{""id"":""el0RHYY9aI0v"",""name"":""Việt Nam"",""title"":""Việt Nam"",""alias"":""viet-nam"",""link"":""/the-loai-album/Viet-Nam/el0RHYY9aI0v.html""},{""id"":""iawjijA80yVd"",""name"":""V-Pop"",""title"":""V-Pop"",""alias"":""v-pop"",""link"":""/the-loai-album/V-Pop/iawjijA80yVd.html""}]; title_score=1.000; artist_score=0.462",found_needs_review,,,https://www.youtube.com/watch?v=Y1VehyIxMIY,pop|house|country,apple_music|nhac_vn|qobuz,DIFFERENT,HIGH
song_b5a95ba916619a64,Im Lặng Đêm Hà Nội,Thu Phuong,Nhạc Trữ Tình,zingmp3_title_artist_search,https://zingmp3.vn/bai-hat/Im-Lang-Dem-Ha-Noi-Phuong-Anh/tLkcthyPrykt.html,Im Lặng Đêm Hà Nội,Phương Anh,0.9,medium,"[{""id"":""el0RHYY9aI0v"",""name"":""Việt Nam"",""title"":""Việt Nam"",""alias"":""viet-nam"",""link"":""/the-loai-album/Viet-Nam/el0RHYY9aI0v.html""},{""id"":""brC6BYOzAGjo"",""name"":""Nhạc Trữ Tình"",""title"":""Nhạc Trữ Tình"",""alias"":""nhac-tru-tinh"",""link"":""/the-loai-album/Nhac-Tru-Tinh/brC6BYOzAGjo.html""}]; title_score=1.000; artist_score=0.600",found_needs_review,ZWZADWOO,https://zingmp3.vn/bai-hat/Im-Lang-Dem-Ha-Noi-Thu-Phuong/ZWZADWOO.html,,pop|v-pop,apple_music|musicbrainz,DIFFERENT,HIGH
song_e3ce3c9f0cd47b3e,In Sâu Trong Đáy Tim,Nhat Tinh Anh,V-Pop,zingmp3_title_artist_search,https://zingmp3.vn/bai-hat/In-Sau-Trong-Day-Tim-Nhat-Tinh-Anh/modQabMNXjk3.html,In Sâu Trong Đáy Tim,Nhật Tinh Anh,1.0,medium,"[{""id"":""el0RHYY9aI0v"",""name"":""Việt Nam"",""title"":""Việt Nam"",""alias"":""viet-nam"",""link"":""/the-loai-album/Viet-Nam/el0RHYY9aI0v.html""},{""id"":""iawjijA80yVd"",""name"":""V-Pop"",""title"":""V-Pop"",""alias"":""v-pop"",""link"":""/the-loai-album/V-Pop/iawjijA80yVd.html""}]; title_score=1.000; artist_score=1.000",found_needs_review,ZWZEZODO,https://zingmp3.vn/bai-hat/In-Sau-Trong-Day-Tim-Nhat-Tinh-Anh/ZWZEZODO.html,,pop,apple_music,DIFFERENT,HIGH
song_e2304cc0abc952ce,In the Sky,POURI X - Topic,Hàn Quốc,zingmp3_title_artist_search,https://zingmp3.vn/bai-hat/In-The-Sky-SoyOuNG-X-SBD/tLUoiGqwCOnt.html,In The Sky,SoyOuNG X SBD,0.846,low,"[{""id"":""XwxeLj1drHUZ"",""name"":""Hàn Quốc"",""title"":""Hàn Quốc"",""alias"":""han-quoc"",""link"":""/the-loai-album/Han-Quoc/XwxeLj1drHUZ.html""}]; title_score=1.000; artist_score=0.385",found_needs_review,,,https://www.youtube.com/watch?v=-OjvLsXQXkQ,dance,apple_music,DIFFERENT,HIGH
song_2225d55b23b3bc29,"It's Huy | SAIGON VÀ EM 5 (I'm falling in love with you giữa Saigon) | Ft. Minh Huy, CoZi | MV",It’s Huy,V-Pop,zingmp3_title_artist_search,https://zingmp3.vn/bai-hat/Saigon-va-Em-5-I-m-falling-in-love-with-you-giua-Saigon-It-s-Huy-Minh-Huy/nr2Xl2xqcyQw.html,Saigon và Em 5 (I'm falling in love with you giữa Saigon),"It's Huy, Minh Huy",0.91,medium,"[{""id"":""el0RHYY9aI0v"",""name"":""Việt Nam"",""title"":""Việt Nam"",""alias"":""viet-nam"",""link"":""/the-loai-album/Viet-Nam/el0RHYY9aI0v.html""},{""id"":""iawjijA80yVd"",""name"":""V-Pop"",""title"":""V-Pop"",""alias"":""v-pop"",""link"":""/the-loai-album/V-Pop/iawjijA80yVd.html""}]; title_score=1.000; artist_score=0.640",found_needs_review,,,https://www.youtube.com/watch?v=P_amxQxFaNQ,electronic|hip hop|pop|pop rap,discogs,DIFFERENT,HIGH
song_85fbe67c1d7268e0,JACK - J97 | THIÊN LÝ ƠI | Official Music Video,J97,Nhạc Tôn Giáo,youtube_description,https://www.youtube.com/watch?v=OrDB4jpA1g8,JACK - J97 | THIÊN LÝ ƠI | Official Music Video,J97,1.0,medium,"NGUYEN ANH TUAN - VO DAI GIA BAO - NGUYEN TRONG HUNG DANG TAN LUC - CAO HOANG TUAN PHI - TONG NHUT THANH CAST: TUAN : JACK , THIEN LY: PHAM THU, BIG BROTHER IN SCHOOL : LE MINH THUAN MASTER SANG : CHU TIEU BAO QUOC , TI : TO NGOC TUAN, TEO : TRAM MINH HOANG TEO : HO MINH QUANG, THIEN LY'S FATHER: TAM HOANG, CASCA",found_needs_review,,,https://www.youtube.com/watch?v=OrDB4jpA1g8,v-pop,zingmp3,DIFFERENT,HIGH
song_efdacca0255aa213,JACK - Là 1 Thằng Con Trai Official MV | J97,J97,Nhạc Tôn Giáo | Rap Việt,youtube_description,https://www.youtube.com/watch?v=vjZsxtlJ-_M,JACK - Là 1 Thằng Con Trai Official MV | J97,J97,1.0,medium,"AFC, Versace Jeans Couture, MCM, WEILL, RESA, Boutique, Armani Exchange, REMIZIO, The Maven, NTK Vo Thanh Can, NTK Le Long, Trần Nhật Du Accessories: Thanks Saigonese Hiphop Jewelry, A Treydi Michael, LinhTrucBui spabag Shoes: Giuseppe Zanotti Makeup: Khai Lê Hair Stylist: Ruby Nguyễn Choreography: Tân Nguyễn Dancer Te",found_needs_review,,,https://www.youtube.com/watch?v=vjZsxtlJ-_M,v-pop|electronic|hip-house|acid house,zingmp3|discogs,DIFFERENT,HIGH
song_ab24694c0cf4d589,JAWNY - Honeypie (Official Video),JAWNY,Âu Mỹ | Alternative,zingmp3_title_artist_search,https://zingmp3.vn/bai-hat/Honeypie-JAWNY/IjWYCxZivzcr.html,Honeypie,JAWNY,1.0,medium,"[{""id"":""q3564DMx4CZN"",""name"":""Âu Mỹ"",""title"":""Âu Mỹ"",""alias"":""au-my"",""link"":""/the-loai-album/Au-My/q3564DMx4CZN.html""},{""id"":""ndxIWTpiM9l6"",""name"":""Alternative"",""title"":""Alternative"",""alias"":""alternative"",""link"":""/the-loai-album/Alternative/ndxIWTpiM9l6.html""}]; title_score=1.000; artist_score=1.000",found_needs_review,,,https://www.youtube.com/watch?v=Wgw6tJ8yz9M,house,youtube,DIFFERENT,LOW
song_af28a5912a0e3771,Jenna Raine - Who Am I (Official Audio),Jenna Raine,Nhạc Tôn Giáo,zingmp3_title_artist_search,https://zingmp3.vn/bai-hat/Who-Am-I-Y-Jalin/3mNMbjpUULIt.html,Who Am I ?,Y Jalin,0.861,low,"[{""id"":""el0RHYY9aI0v"",""name"":""Việt Nam"",""title"":""Việt Nam"",""alias"":""viet-nam"",""link"":""/the-loai-album/Viet-Nam/el0RHYY9aI0v.html""},{""id"":""DC8ZlQEJbOQr"",""name"":""Nhạc Tôn Giáo"",""title"":""Nhạc Tôn Giáo"",""alias"":""nhac-ton-giao"",""link"":""/the-loai-album/Nhac-Ton-Giao/DC8ZlQEJbOQr.html""}]; title_score=1.000; artist_score=0.444",found_needs_review,,,https://www.youtube.com/watch?v=b_90-7Qm60A,pop|christian|gospel,apple_music|zingmp3,DIFFERENT,HIGH
song_0a7e46e6f1795937,KALEO - Way Down We Go (Official Music Video),KALEO,Âu Mỹ | Rock,zingmp3_title_artist_search,https://zingmp3.vn/bai-hat/Way-Down-We-Go-Kaleo/CaFxqAHur7k2.html,Way Down We Go,Kaleo,1.0,medium,"[{""id"":""q3564DMx4CZN"",""name"":""Âu Mỹ"",""title"":""Âu Mỹ"",""alias"":""au-my"",""link"":""/the-loai-album/Au-My/q3564DMx4CZN.html""},{""id"":""RNRFSWbGG5rD"",""name"":""Rock"",""title"":""Rock"",""alias"":""rock"",""link"":""/the-loai-album/Rock/RNRFSWbGG5rD.html""}]; title_score=1.000; artist_score=1.000",found_needs_review,,,https://www.youtube.com/watch?v=0-7IHOXkiV8,alternative,apple_music,DIFFERENT,HIGH
song_47de1002e26db290,Kara Lyrics | Vũ. - Bước Qua Mùa Cô Đơn | Lyrics Video,Vietsub Mỗi Ngày,Indie,youtube_description,https://www.youtube.com/watch?v=_Lste0Plenw,Kara Lyrics | Vũ. - Bước Qua Mùa Cô Đơn | Lyrics Video,Vietsub Mỗi Ngày,1.0,medium,"tình thấy nhau sẽ nói câu gì, hay ta chỉ nhìn, lặng lẽ , đi qua #Vu #Buocquamuacodon #karalyrics #indie",found_needs_review,,,https://www.youtube.com/watch?v=_Lste0Plenw,k-pop,nhaccuatui|nhac_vn|shazam|allmusic|qobuz|youtube,DIFFERENT,HIGH
song_8e179329acd26b6d,KARIK x ONLY C - CÓ CHƠI CÓ CHỊU (OFFICIAL MUSIC VIDEO),KARIK,V-Pop,zingmp3_title_artist_search,https://zingmp3.vn/bai-hat/Co-Choi-Co-Chiu-Karik-Only-C/1NgA7GQmNd2t.html,Có Chơi Có Chịu,"Karik, Only C",0.897,medium,"[{""id"":""el0RHYY9aI0v"",""name"":""Việt Nam"",""title"":""Việt Nam"",""alias"":""viet-nam"",""link"":""/the-loai-album/Viet-Nam/el0RHYY9aI0v.html""},{""id"":""iawjijA80yVd"",""name"":""V-Pop"",""title"":""V-Pop"",""alias"":""v-pop"",""link"":""/the-loai-album/V-Pop/iawjijA80yVd.html""}]; title_score=1.000; artist_score=0.588",found_needs_review,,,https://www.youtube.com/watch?v=dV-znS6RPbQ,hip hop|rap,apple_music,DIFFERENT,HIGH
song_d39a9e337a996ce7,Karik X Thái Trinh - Cạn Cả Nước Mắt (Lyric Video),KARIK,Rap Việt,zingmp3_title_artist_search,https://zingmp3.vn/bai-hat/Can-Ca-Nuoc-Mat-Karik-Thai-Trinh/k2EguMgI1kV.html,Cạn Cả Nước Mắt,"Karik, Thái Trinh",0.869,low,"[{""id"":""el0RHYY9aI0v"",""name"":""Việt Nam"",""title"":""Việt Nam"",""alias"":""viet-nam"",""link"":""/the-loai-album/Viet-Nam/el0RHYY9aI0v.html""},{""id"":""TqW0gmJ1dR5O"",""name"":""Rap Việt"",""title"":""Rap Việt"",""alias"":""rap-viet"",""link"":""/the-loai-album/Rap-Viet/TqW0gmJ1dR5O.html""}]; title_score=1.000; artist_score=0.476",found_needs_review,,,https://www.youtube.com/watch?v=H3OinT6Zrgc,rap,apple_music,DIFFERENT,HIGH
song_1538082e4a0c5aad,Kendrick Lamar - The Recipe (Lyric Video) ft. Dr. Dre,Kendrick Lamar,Âu Mỹ | Rap / Hip Hop,zingmp3_title_artist_search,https://zingmp3.vn/bai-hat/The-Recipe-Kendrick-Lamar-Dr-Dre/S5CdHiPqlTpw.html,The Recipe,"Kendrick Lamar, Dr. Dre",0.95,medium,"[{""id"":""q3564DMx4CZN"",""name"":""Âu Mỹ"",""title"":""Âu Mỹ"",""alias"":""au-my"",""link"":""/the-loai-album/Au-My/q3564DMx4CZN.html""},{""id"":""XS3QXI9JwoS"",""name"":""Rap / Hip Hop"",""title"":""Rap / Hip Hop"",""alias"":""rap-hip-hop"",""link"":""/the-loai-album/Rap-Hip-Hop/XS3QXI9JwoS.html""}]; title_score=1.000; artist_score=0.800",found_needs_review,,,https://www.youtube.com/watch?v=YpugK0RpEaU,pop,apple_music|zingmp3,DIFFERENT,HIGH
song_fc59885e8f1d4818,Kha - Giấc Mộng (My Peace) ft. CP | Official MV,Kha,V-Pop,zingmp3_title_artist_search,https://zingmp3.vn/bai-hat/Giac-Mong-Kha/alryiJd6KnOQ.html,Giấc Mộng,Kha,1.0,medium,"[{""id"":""el0RHYY9aI0v"",""name"":""Việt Nam"",""title"":""Việt Nam"",""alias"":""viet-nam"",""link"":""/the-loai-album/Viet-Nam/el0RHYY9aI0v.html""},{""id"":""iawjijA80yVd"",""name"":""V-Pop"",""title"":""V-Pop"",""alias"":""v-pop"",""link"":""/the-loai-album/V-Pop/iawjijA80yVd.html""}]; title_score=1.000; artist_score=1.000",found_needs_review,,,https://www.youtube.com/watch?v=edCZ_6M9ySo,pop|hoa ngữ,apple_music|zingmp3,DIFFERENT,HIGH
song_2198d5db9e0a5f6c,Khi Em Lớn,Orange Singer Official,V-Pop,zingmp3_title_artist_search,https://zingmp3.vn/bai-hat/Khi-Em-Lon-Orange-Juice/L3f5dhzkEPsy.html,Khi Em Lớn,Orange Juice,0.882,medium,"[{""id"":""el0RHYY9aI0v"",""name"":""Việt Nam"",""title"":""Việt Nam"",""alias"":""viet-nam"",""link"":""/the-loai-album/Viet-Nam/el0RHYY9aI0v.html""},{""id"":""iawjijA80yVd"",""name"":""V-Pop"",""title"":""V-Pop"",""alias"":""v-pop"",""link"":""/the-loai-album/V-Pop/iawjijA80yVd.html""}]; title_score=1.000; artist_score=0.529",found_needs_review,,,https://www.youtube.com/watch?v=nBeZkyZ8YUM,pop,apple_music,DIFFERENT,HIGH
song_9e4b6735f24e06ce,Khi tình yêu phai màu - Noo Phước Thịnh ft Hòa Mi [HD 1080p],Kênh Nhạc Việt,V-Pop,zingmp3_title_artist_search,https://zingmp3.vn/bai-hat/Khi-Tinh-Yeu-Phai-Mau-Noo-Phuoc-Thinh-Hoa-Mi/ThfcMwZSzsKi.html,Khi Tình Yêu Phai Màu,"Noo Phước Thịnh, Hòa Mi",0.847,low,"[{""id"":""el0RHYY9aI0v"",""name"":""Việt Nam"",""title"":""Việt Nam"",""alias"":""viet-nam"",""link"":""/the-loai-album/Viet-Nam/el0RHYY9aI0v.html""},{""id"":""iawjijA80yVd"",""name"":""V-Pop"",""title"":""V-Pop"",""alias"":""v-pop"",""link"":""/the-loai-album/V-Pop/iawjijA80yVd.html""}]; title_score=1.000; artist_score=0.389",found_needs_review,,,https://www.youtube.com/watch?v=O6CDlD9MRLw,pop,apple_music,DIFFERENT,HIGH
song_7e368257e5a527d7,Khi Tình Yêu Đến,Phan Dinh Tung,V-Pop,zingmp3_title_artist_search,https://zingmp3.vn/bai-hat/Khi-Tinh-Yeu-Den-Phan-Dinh-Tung/USsVXmaSGUPV.html,Khi Tình Yêu Đến,Phan Đinh Tùng,0.991,medium,"[{""id"":""el0RHYY9aI0v"",""name"":""Việt Nam"",""title"":""Việt Nam"",""alias"":""viet-nam"",""link"":""/the-loai-album/Viet-Nam/el0RHYY9aI0v.html""},{""id"":""iawjijA80yVd"",""name"":""V-Pop"",""title"":""V-Pop"",""alias"":""v-pop"",""link"":""/the-loai-album/V-Pop/iawjijA80yVd.html""}]; title_score=1.000; artist_score=0.963",found_needs_review,ZWZ9879U,https://zingmp3.vn/bai-hat/Khi-Tinh-Yeu-Den-Phan-Dinh-Tung/ZWZ9879U.html,,pop,apple_music,DIFFERENT,HIGH
song_279dfc9cfa5976aa,Khoảnh Khắc Ấy,Bao Anh,V-Pop,zingmp3_title_artist_search,https://zingmp3.vn/bai-hat/Khoanh-Khac-Ay-Bao-Anh/oFhPH5AP6h4f.html,Khoảnh Khắc Ấy,Bảo Anh,1.0,medium,"[{""id"":""el0RHYY9aI0v"",""name"":""Việt Nam"",""title"":""Việt Nam"",""alias"":""viet-nam"",""link"":""/the-loai-album/Viet-Nam/el0RHYY9aI0v.html""},{""id"":""iawjijA80yVd"",""name"":""V-Pop"",""title"":""V-Pop"",""alias"":""v-pop"",""link"":""/the-loai-album/V-Pop/iawjijA80yVd.html""}]; title_score=1.000; artist_score=1.000",found_needs_review,Z7C7777E,https://zingmp3.vn/bai-hat/Khoanh-khac-ay-Dienngoc/Z7C7777E.html,,pop,apple_music|discogs,DIFFERENT,HIGH
song_2063825589bcf38a,KHÁT VỌNG LÀ NGƯỜI VIỆT - Anh Trai Say Hi Concert Hà Nội [Performance],Vie Channel - MUSIC,Rap Việt,youtube_description,https://www.youtube.com/watch?v=lwNiHFazaK4,KHÁT VỌNG LÀ NGƯỜI VIỆT - Anh Trai Say Hi Concert Hà Nội [Performance],Vie Channel - MUSIC,1.0,medium,p VieON tại: https://click.vieon.vn/wSBG/ytapp Xem các chương trình hấp dẫn khác của Vie Channel: ►Rap Việt Full: https://bit.ly/RAPVIETSS3 ►Người Ấy Là Ai Full: https://bit.ly/NALASS5 ►Hoa Vương Full: https://bit.ly/HoaVươngFull ►The Masked Singer Vietnam Full: https://bit.ly/TMSVNSS2 Hoặc xem thêm trên hệ thống Vie,found_needs_review,,,https://www.youtube.com/watch?v=lwNiHFazaK4,pop,apple_music|shazam,DIFFERENT,HIGH
song_510c4a122555088a,"Khóc Cho Người Ai Khóc Cho Anh (Orinn Remix) - Gia Huy, Tvk | Nhạc Trẻ EDM Hot Tik Tok Hay Nhất 2020",Orinn Mix,EDM Việt | V-Pop,youtube_description,https://www.youtube.com/watch?v=-8BxdAiyLJU,"Khóc Cho Người Ai Khóc Cho Anh (Orinn Remix) - Gia Huy, Tvk | Nhạc Trẻ EDM Hot Tik Tok Hay Nhất 2020",Orinn Mix,1.0,medium,"ORINN REMIX: Khóc Cho Người Ai Khóc Cho Anh (Orinn Remix) - Gia Huy, Tvk | Nhạc Trẻ EDM Hot Tik Tok Hay Nhất 2020 #orinnremix #khocchonguoiaikhocchoanh #remix #edm ✪ MỌI NGƯỜI HÃY ỦNG HỘ SẢN PHẨM MỚI CỦA BOZITT NHA: • Link MV: https://youtu.be/jDXIiuzZdbs • Link Audio: https://zingmp3.vn/bai-",found_needs_review,,,https://www.youtube.com/watch?v=-8BxdAiyLJU,rap,nhaccuatui|nhac_vn|shazam|allmusic|qobuz|youtube,DIFFERENT,HIGH
song_77b405c2729dcbdc,Khóc Cùng Em (Lyrics videos) | Mr. Siro x Gray x Wind,Mr. Siro,V-Pop,zingmp3_title_artist_search,https://zingmp3.vn/bai-hat/Khoc-Cung-Em-Mr-Siro-GRAY-Wind/Ej0JgHCtFekH.html,Khóc Cùng Em,"Mr. Siro, GRAY, Wind",0.896,medium,"[{""id"":""el0RHYY9aI0v"",""name"":""Việt Nam"",""title"":""Việt Nam"",""alias"":""viet-nam"",""link"":""/the-loai-album/Viet-Nam/el0RHYY9aI0v.html""},{""id"":""iawjijA80yVd"",""name"":""V-Pop"",""title"":""V-Pop"",""alias"":""v-pop"",""link"":""/the-loai-album/V-Pop/iawjijA80yVd.html""}]; title_score=1.000; artist_score=0.583",found_needs_review,,,https://www.youtube.com/watch?v=CE9oqYG9CFI,rap,nhaccuatui|nhac_vn|shazam|allmusic|qobuz|youtube,DIFFERENT,HIGH
song_4123d19ab8ce28e2,KHÓC CÙNG EM | Mr. Siro x Gray x Wind (Official Music Video),Mr. Siro,V-Pop,zingmp3_title_artist_search,https://zingmp3.vn/bai-hat/Khoc-Cung-Em-Mr-Siro-GRAY-Wind/Ej0JgHCtFekH.html,Khóc Cùng Em,"Mr. Siro, GRAY, Wind",0.896,medium,"[{""id"":""el0RHYY9aI0v"",""name"":""Việt Nam"",""title"":""Việt Nam"",""alias"":""viet-nam"",""link"":""/the-loai-album/Viet-Nam/el0RHYY9aI0v.html""},{""id"":""iawjijA80yVd"",""name"":""V-Pop"",""title"":""V-Pop"",""alias"":""v-pop"",""link"":""/the-loai-album/V-Pop/iawjijA80yVd.html""}]; title_score=1.000; artist_score=0.583",found_needs_review,,,https://www.youtube.com/watch?v=rS_Lkxtkc1c,rap,nhaccuatui|nhac_vn|shazam|allmusic|qobuz|youtube,DIFFERENT,HIGH
song_7ca2b3d99afc60fc,Khóc Thầm - Phương Anh (Official MV),Phương Anh Bolero,Bolero,youtube_description,https://www.youtube.com/watch?v=T16j-paocrQ,Khóc Thầm - Phương Anh (Official MV),Phương Anh Bolero,1.0,medium,h sẽ làm chết cả đời em. ───────────────────── ➥Đây là kênh Youtube chính thức của ca sĩ Phương Anh Bolero. ➥Đừng quên đăng ký kênh để cập nhật những sản phẩm mới nhất nhé! ➥Đăng ký theo dõi kênh miễn phí tại: http://popsww.com/phuonganhbolero ───────────────────── ➥Connect with Phương Anh Bolero: ● Facebook: https://,found_needs_review,,,https://www.youtube.com/watch?v=T16j-paocrQ,pop|rap,apple_music|nhaccuatui|nhac_vn|shazam|allmusic|qobuz|youtube,DIFFERENT,HIGH
song_a1cd3d376746fd67,Không Bao Giờ Bó Tay 2 | Tống Gia Vỹ (Phim ca nhạc Part 2),Tống Gia Vỹ,V-Pop,zingmp3_title_artist_search,https://zingmp3.vn/bai-hat/Khong-Bao-Gio-Bo-Tay-2-Tong-Gia-Vy/XmX0WI3gs7q4.html,Không Bao Giờ Bó Tay 2,Tống Gia Vỹ,1.0,medium,"[{""id"":""el0RHYY9aI0v"",""name"":""Việt Nam"",""title"":""Việt Nam"",""alias"":""viet-nam"",""link"":""/the-loai-album/Viet-Nam/el0RHYY9aI0v.html""},{""id"":""iawjijA80yVd"",""name"":""V-Pop"",""title"":""V-Pop"",""alias"":""v-pop"",""link"":""/the-loai-album/V-Pop/iawjijA80yVd.html""}]; title_score=1.000; artist_score=1.000",found_needs_review,,,https://www.youtube.com/watch?v=ufstaXXOQGg,house,nhac_vn,DIFFERENT,LOW
song_dd6ff73cc6e03d28,Không Bao Giờ Quên Anh - Phương Anh | Official 4K MV,Phương Anh Bolero,Bolero,youtube_description,https://www.youtube.com/watch?v=B5wSQW9q7Fw,Không Bao Giờ Quên Anh - Phương Anh | Official 4K MV,Phương Anh Bolero,1.0,medium,không bao giờ quên anh. ───────────────────── ➥Đây là kênh Youtube chính thức của ca sĩ Phương Anh Bolero. ➥Đừng quên đăng ký kênh để cập nhật những sản phẩm mới nhất nhé! ➥Đăng ký theo dõi kênh miễn phí tại: http://popsww.com/phuonganhbolero ───────────────────── ➥Connect with Phương Anh Bolero: ● Facebook: https://,found_needs_review,,,https://www.youtube.com/watch?v=B5wSQW9q7Fw,house,web_search,DIFFERENT,LOW
song_70f6e5b9ce184a8d,Không Như Giấc Mơ,Nguyen Hoang Duy,V-Pop,zingmp3_title_artist_search,https://zingmp3.vn/bai-hat/Ngo-Nhu-Giac-Mo-Nguyen-Van-Chung/2ybH2b8CHol0.html,Ngỡ Như Giấc Mơ,Nguyễn Văn Chung,0.812,low,"[{""id"":""el0RHYY9aI0v"",""name"":""Việt Nam"",""title"":""Việt Nam"",""alias"":""viet-nam"",""link"":""/the-loai-album/Viet-Nam/el0RHYY9aI0v.html""},{""id"":""iawjijA80yVd"",""name"":""V-Pop"",""title"":""V-Pop"",""alias"":""v-pop"",""link"":""/the-loai-album/V-Pop/iawjijA80yVd.html""}]; title_score=0.875; artist_score=0.625",found_needs_review,ZWZEUZW8,https://zingmp3.vn/bai-hat/Khong-Nhu-Giac-Mo-Nguyen-Hoang-Duy/ZWZEUZW8.html,,pop|folk|world|country|vocal|ballad|trữ tình|dance,apple_music|discogs|nhaccuatui|qobuz,DIFFERENT,HIGH
song_a6ee1ddde58813d9,KHÔNG PHẢI EM ĐÚNG KHÔNG? (#KPEDK) | DƯƠNG HOÀNG YẾN | OFFICIAL MV,Duong Hoang Yen,V-Pop,zingmp3_title_artist_search,https://zingmp3.vn/bai-hat/Khong-Phai-Em-Dung-Khong-Duong-Hoang-Yen/BsCYl4FLZNzt.html,Không Phải Em Đúng Không?,Dương Hoàng Yến,1.0,medium,"[{""id"":""el0RHYY9aI0v"",""name"":""Việt Nam"",""title"":""Việt Nam"",""alias"":""viet-nam"",""link"":""/the-loai-album/Viet-Nam/el0RHYY9aI0v.html""},{""id"":""iawjijA80yVd"",""name"":""V-Pop"",""title"":""V-Pop"",""alias"":""v-pop"",""link"":""/the-loai-album/V-Pop/iawjijA80yVd.html""}]; title_score=1.000; artist_score=1.000",found_needs_review,,,https://www.youtube.com/watch?v=Yb5vQmf2OeM,folk|world|country,discogs,DIFFERENT,HIGH
song_2f61faaf679ac910,KHÔNG SAO ĐÂU | TRỊNH THĂNG BÌNH | OFFICIAL MV,Trịnh Thăng Bình Official,R&B Việt,zingmp3_title_artist_search,https://zingmp3.vn/bai-hat/Khong-Sao-Dau-Trinh-Thang-Binh/zlsuFaqo8PP2.html,Không Sao Đâu,Trịnh Thăng Bình,0.945,medium,"[{""id"":""el0RHYY9aI0v"",""name"":""Việt Nam"",""title"":""Việt Nam"",""alias"":""viet-nam"",""link"":""/the-loai-album/Viet-Nam/el0RHYY9aI0v.html""},{""id"":""Qvf5V6XIXLP3"",""name"":""R&B Việt"",""title"":""R&B Việt"",""alias"":""r-b-viet"",""link"":""/the-loai-album/R-B-Viet/Qvf5V6XIXLP3.html""}]; title_score=1.000; artist_score=0.780",found_needs_review,,,https://www.youtube.com/watch?v=VjFPet5cCwA,b việt|pop|folk|world|country,zingmp3|discogs,DIFFERENT,HIGH
song_058a09b9644c3910,KHÔNG THỂ YÊU AI ĐƯỢC NỮA| GIN TUẤN KIỆT ft. MR SIRO [OFFICIAL MV],Gin Tuấn Kiệt,V-Pop,zingmp3_title_artist_search,https://zingmp3.vn/bai-hat/Khong-The-Yeu-Ai-Duoc-Nua-Gin-Tuan-Kiet/sGUR93iAvoqH.html,Không Thể Yêu Ai Được Nữa,Gin Tuấn Kiệt,1.0,medium,"[{""id"":""el0RHYY9aI0v"",""name"":""Việt Nam"",""title"":""Việt Nam"",""alias"":""viet-nam"",""link"":""/the-loai-album/Viet-Nam/el0RHYY9aI0v.html""},{""id"":""iawjijA80yVd"",""name"":""V-Pop"",""title"":""V-Pop"",""alias"":""v-pop"",""link"":""/the-loai-album/V-Pop/iawjijA80yVd.html""}]; title_score=1.000; artist_score=1.000",found_needs_review,,,https://www.youtube.com/watch?v=s6FcYqRqosM,worldwide|country,apple_music|shazam,DIFFERENT,HIGH
song_70c783e4e79a3bb5,KHÔNG ĐÁNG ĐỂ THƯƠNG - ĐINH TÙNG HUY | OFFICIAL MUSIC VIDEO,Đinh Tùng Huy,Nhạc Tôn Giáo,youtube_description,https://www.youtube.com/watch?v=MHRW2l1Gz7Y,KHÔNG ĐÁNG ĐỂ THƯƠNG - ĐINH TÙNG HUY | OFFICIAL MUSIC VIDEO,Đinh Tùng Huy,1.0,medium,"h Kit Video Produced by Lu Binh Entertainment Director of Photogrephy: Pham Ky Anh Cast: Khong Minh Thanh Camera Operator: He Nguyen, Dinh Tam Stylist: Chip Pham Designer: Tran Toan Hau Makeup/Hair: Cherry Dao Edited by Tam Rui Color Grading: Lu Binh Assistant Camera: Dinh Tam, Nhat Tattoo Assistant Manager: Truong Ngh",found_needs_review,,,https://www.youtube.com/watch?v=MHRW2l1Gz7Y,pop|v-pop|house|metal,apple_music|zingmp3|allmusic,DIFFERENT,HIGH
song_249eb7228d41f046,Khúc Xuân Yêu Đời,"Ai Phuong,Khuong Ngoc",V-Pop | Tết,zingmp3_title_artist_search,https://zingmp3.vn/bai-hat/Khuc-Xuan-Yeu-Doi-Phuong-Anh-Idol-Dang-Khoa-Trung-Quan-Idol/SOdaJthyAxZ0.html,Khúc Xuân Yêu Đời,"Phương Anh Idol, Đăng Khoa, Trung Quân Idol",0.873,low,"[{""id"":""el0RHYY9aI0v"",""name"":""Việt Nam"",""title"":""Việt Nam"",""alias"":""viet-nam"",""link"":""/the-loai-album/Viet-Nam/el0RHYY9aI0v.html""},{""id"":""iawjijA80yVd"",""name"":""V-Pop"",""title"":""V-Pop"",""alias"":""v-pop"",""link"":""/the-loai-album/V-Pop/iawjijA80yVd.html""},{""id"":""nQZjDX1pgofW"",""name"":""Tết"",""title"":""Tết"",""alias"":""tet"",""link"":""/the-loai-album/Tet/nQZjDX1pgofW.html""}]; title_score=1.000; artist_score=0.492",found_needs_review,ZW6UAFE8,https://zingmp3.vn/bai-hat/Khuc-Xuan-Yeu-Doi-Ai-Phuong-Khuong-Ngoc/ZW6UAFE8.html,,pop,apple_music,DIFFERENT,HIGH
song_45f171a655f3be5b,KHỔNG TÚ QUỲNH X BINZ | SẼ KHÔNG NGỐC NỮA | OFFICIAL MV,Khổng Tú Quỳnh Official,V-Pop,youtube_description,https://www.youtube.com/watch?v=H74CdOqBZVg,KHỔNG TÚ QUỲNH X BINZ | SẼ KHÔNG NGỐC NỮA | OFFICIAL MV,Khổng Tú Quỳnh Official,1.0,medium,"CuaTui #Hennessy Sau khi hé lộ những hình ảnh về chú robot tự động lần đầu tiên được sử dụng cho MV Vpop, Khổng Tú Quỳnh đã chính thức công bố sản phẩm ""khủng"" nhất trong sự nghiệp ca hát của mình sau một thời gian dài trung thành với hình ảnh nhẹ nhàng, đằm thắm. MV ""Sẽ không ngốc nữa"" được nữ ca sĩ chi mạnh tay đầu",found_needs_review,,,https://www.youtube.com/watch?v=H74CdOqBZVg,house,nhaccuatui,DIFFERENT,LOW
song_916968cb72454af9,Kid Rock - All Summer Long [Official Music Video],Kid Rock,Âu Mỹ | Rap / Hip Hop,zingmp3_title_artist_search,https://zingmp3.vn/bai-hat/Kid-Rock-Aiden-Yoo/s4khGr91pr0Y.html,Kid Rock,Aiden Yoo,0.868,low,"[{""id"":""q3564DMx4CZN"",""name"":""Âu Mỹ"",""title"":""Âu Mỹ"",""alias"":""au-my"",""link"":""/the-loai-album/Au-My/q3564DMx4CZN.html""},{""id"":""XS3QXI9JwoS"",""name"":""Rap / Hip Hop"",""title"":""Rap / Hip Hop"",""alias"":""rap-hip-hop"",""link"":""/the-loai-album/Rap-Hip-Hop/XS3QXI9JwoS.html""}]; title_score=1.000; artist_score=0.471",found_needs_review,,,https://www.youtube.com/watch?v=aSkFygPCTwE,hard rock|pop|rock|blues rock,apple_music|zingmp3|discogs,DIFFERENT,HIGH
song_005a4ac94d578b02,KIMLONG - Chẳng Là Gì Của Nhau | Official Music Video,KIMLONG,R&B Việt,zingmp3_title_artist_search,https://zingmp3.vn/bai-hat/Chang-La-Gi-Cua-Nhau-KIMLONG/qirAxDmWUCOX.html,Chẳng Là Gì Của Nhau,KIMLONG,1.0,medium,"[{""id"":""el0RHYY9aI0v"",""name"":""Việt Nam"",""title"":""Việt Nam"",""alias"":""viet-nam"",""link"":""/the-loai-album/Viet-Nam/el0RHYY9aI0v.html""},{""id"":""Qvf5V6XIXLP3"",""name"":""R&B Việt"",""title"":""R&B Việt"",""alias"":""r-b-viet"",""link"":""/the-loai-album/R-B-Viet/Qvf5V6XIXLP3.html""}]; title_score=1.000; artist_score=1.000",found_needs_review,,,https://www.youtube.com/watch?v=ZNL60ln4Yy0,b việt,zingmp3,DIFFERENT,HIGH
song_974dd908b5bf0c8d,Kén Cá Chọn Canh - Hòa Minzy x Tuấn Cry x Masew | Official Music Video (Genshin Impact),Hòa Minzy,Nhạc Phim,youtube_description,https://www.youtube.com/watch?v=8UwKhtdB3sQ,Kén Cá Chọn Canh - Hòa Minzy x Tuấn Cry x Masew | Official Music Video (Genshin Impact),Hòa Minzy,1.0,medium,ic Producer: Masew - Tuấn Cry Bgm: Genshin Impact Mix & Master: Dio Production by Starling Original Soundtrack: Where the Shirasagi Dances —— Bài hát được lấy cảm hứng từ ca khúc chủ đề Where the Shirasagi Dances trong Genshin Impact Link nghe bài hát gốc Genshin Impact: https://hoyo.link/2qygFBAL #Hoaminzy #Kencachonc,found_needs_review,,,https://www.youtube.com/watch?v=8UwKhtdB3sQ,pop|v-pop,apple_music|zingmp3,DIFFERENT,HIGH
song_5deac9dc8289d49c,Lady Gaga - Hold My Hand (From “Top Gun: Maverick”) [Official Music Video],Lady Gaga,Nhạc Phim,youtube_description,https://www.youtube.com/watch?v=O2CIAKVTOrc,Lady Gaga - Hold My Hand (From “Top Gun: Maverick”) [Official Music Video],Lady Gaga,1.0,medium,"w: http://LadyGaga.lnk.to/HoldMyHand Listen to “Top Gun: Maverick (Music From the Motion Picture)”, soundtrack out now: https://TopGunMaverick.lnk.to/Soundtrack Shop “Hold My Hand” official merch: https://shop.ladygaga.com/collections/top-gun Directed by Joseph Kosinski – Director of Top Gun: Maverick Follow Lady G",found_needs_review,,,https://www.youtube.com/watch?v=O2CIAKVTOrc,pop|electronic|rock|stage|screen|synthwave|synthpop|pop rock|ballad,apple_music|discogs,DIFFERENT,HIGH
song_d5d41b8500a0a115,Lalala,SOOBIN Official,R&B Việt,zingmp3_title_artist_search,https://zingmp3.vn/bai-hat/Lalala-SOOBIN/mRX1JaHkoirE.html,Lalala,SOOBIN,0.893,medium,"[{""id"":""el0RHYY9aI0v"",""name"":""Việt Nam"",""title"":""Việt Nam"",""alias"":""viet-nam"",""link"":""/the-loai-album/Viet-Nam/el0RHYY9aI0v.html""},{""id"":""Qvf5V6XIXLP3"",""name"":""R&B Việt"",""title"":""R&B Việt"",""alias"":""r-b-viet"",""link"":""/the-loai-album/R-B-Viet/Qvf5V6XIXLP3.html""}]; title_score=1.000; artist_score=0.571",found_needs_review,,,https://www.youtube.com/watch?v=p-cP8nJVrGM,soul|b việt,apple_music|zingmp3,DIFFERENT,HIGH
song_cb5d68abbb86b9eb,LALALA - Soobin Hoàng Sơn - Official Music Video 4K,SOOBIN Official,R&B Việt,zingmp3_title_artist_search,https://zingmp3.vn/bai-hat/Lalala-SOOBIN/mRX1JaHkoirE.html,Lalala,SOOBIN,0.893,medium,"[{""id"":""el0RHYY9aI0v"",""name"":""Việt Nam"",""title"":""Việt Nam"",""alias"":""viet-nam"",""link"":""/the-loai-album/Viet-Nam/el0RHYY9aI0v.html""},{""id"":""Qvf5V6XIXLP3"",""name"":""R&B Việt"",""title"":""R&B Việt"",""alias"":""r-b-viet"",""link"":""/the-loai-album/R-B-Viet/Qvf5V6XIXLP3.html""}]; title_score=1.000; artist_score=0.571",found_needs_review,,,https://www.youtube.com/watch?v=Ia_ddlGr1ic,soul|b việt|country,apple_music|zingmp3|shazam,DIFFERENT,HIGH
song_53989118752a8f08,Lao Tâm Khổ Tứ | Thanh Hưng (Official MV),Thanh Hưng Official,V-Pop,zingmp3_title_artist_search,https://zingmp3.vn/bai-hat/Lao-Tam-Kho-Tu-Thanh-Hung/3BtzAlxU6bh2.html,Lao Tâm Khổ Tứ,Thanh Hưng,0.922,medium,"[{""id"":""el0RHYY9aI0v"",""name"":""Việt Nam"",""title"":""Việt Nam"",""alias"":""viet-nam"",""link"":""/the-loai-album/Viet-Nam/el0RHYY9aI0v.html""},{""id"":""iawjijA80yVd"",""name"":""V-Pop"",""title"":""V-Pop"",""alias"":""v-pop"",""link"":""/the-loai-album/V-Pop/iawjijA80yVd.html""}]; title_score=1.000; artist_score=0.690",found_needs_review,,,https://www.youtube.com/watch?v=TfKOFRpqSME,country,nhaccuatui|nhac_vn|shazam|allmusic|qobuz|youtube,DIFFERENT,HIGH
song_5911816fd1dbd37d,"LAVIU - Erik, Hùng Huỳnh, Dương Domic, WEAN, HURRYKNG | Anh Trai Say Hi [Performance]",Vie Channel - MUSIC,Rap Việt,youtube_description,https://www.youtube.com/watch?v=csq7xYTsJhM,"LAVIU - Erik, Hùng Huỳnh, Dương Domic, WEAN, HURRYKNG | Anh Trai Say Hi [Performance]",Vie Channel - MUSIC,1.0,medium,p VieON tại: https://click.vieon.vn/wSBG/ytapp Xem các chương trình hấp dẫn khác của Vie Channel: ►Rap Việt Full: https://bit.ly/RAPVIETSS3 ►Người Ấy Là Ai Full: https://bit.ly/NALASS5 ►Hoa Vương Full: https://bit.ly/HoaVươngFull ►The Masked Singer Vietnam Full: https://bit.ly/TMSVNSS2 Hoặc xem thêm trên hệ thống Vie,found_needs_review,,,https://www.youtube.com/watch?v=csq7xYTsJhM,alternative,qobuz,DIFFERENT,LOW
song_32bbee34004804e2,Leave Out All The Rest (Official Music Video) [4K Upgrade] - Linkin Park,Linkin Park,Âu Mỹ | Children's Music,zingmp3_title_artist_search,https://zingmp3.vn/bai-hat/Leave-Out-All-The-Rest-Twinkle-Twinkle-Little-Rock-Star/Op9czSSCEWPU.html,Leave Out All The Rest,Twinkle Twinkle Little Rock Star,0.843,low,"[{""id"":""q3564DMx4CZN"",""name"":""Âu Mỹ"",""title"":""Âu Mỹ"",""alias"":""au-my"",""link"":""/the-loai-album/Au-My/q3564DMx4CZN.html""},{""id"":""R9mw6Emi4y62"",""name"":""Children's Music"",""title"":""Children's Music"",""alias"":""children-s-music"",""link"":""/the-loai-album/Children-s-Music/R9mw6Emi4y62.html""}]; title_score=1.000; artist_score=0.372",found_needs_review,,,https://www.youtube.com/watch?v=yZIummTz9mM,rock,zingmp3,DIFFERENT,HIGH
song_f5b885f73e897008,"Lil Wuyn, 16 BrT, 16 Typh - TOKYO Cypher",Lil Wuyn Official,Rap Việt,zingmp3_title_artist_search,https://zingmp3.vn/bai-hat/TOKYO-Cypher-Lil-Wuyn-16BRT-16-Typh/G6gyCN2Aafba.html,TOKYO Cypher,"Lil Wuyn, 16BRT, 16 Typh",0.865,low,"[{""id"":""el0RHYY9aI0v"",""name"":""Việt Nam"",""title"":""Việt Nam"",""alias"":""viet-nam"",""link"":""/the-loai-album/Viet-Nam/el0RHYY9aI0v.html""},{""id"":""TqW0gmJ1dR5O"",""name"":""Rap Việt"",""title"":""Rap Việt"",""alias"":""rap-viet"",""link"":""/the-loai-album/Rap-Viet/TqW0gmJ1dR5O.html""}]; title_score=1.000; artist_score=0.462",found_needs_review,,,https://www.youtube.com/watch?v=TFmq8zuHBm4,hip hop|rap|v-pop,apple_music|zingmp3,DIFFERENT,HIGH
song_72c9f374a3236f37,Liên Khúc Tình Phiêu Lãng - Vẫn Yêu Dại Khờ,Việt Quang,V-Pop,zingmp3_title_artist_search,https://zingmp3.vn/bai-hat/Van-Yeu-Dai-Kho-Viet-Quang/J1NQ4Tm2HM5.html,Vẫn Yêu Dại Khờ,Việt Quang,1.0,medium,"[{""id"":""el0RHYY9aI0v"",""name"":""Việt Nam"",""title"":""Việt Nam"",""alias"":""viet-nam"",""link"":""/the-loai-album/Viet-Nam/el0RHYY9aI0v.html""},{""id"":""iawjijA80yVd"",""name"":""V-Pop"",""title"":""V-Pop"",""alias"":""v-pop"",""link"":""/the-loai-album/V-Pop/iawjijA80yVd.html""}]; title_score=1.000; artist_score=1.000",found_needs_review,ZW60I78W,https://zingmp3.vn/bai-hat/Lien-Khuc-Tinh-Phieu-Lang-Van-Yeu-Dai-Kho-Viet-Quang/ZW60I78W.html,,pop,apple_music,DIFFERENT,HIGH
song_2f1936b237736e52,Liều Thuốc Cho Trái Tim - Remix | Quách Tuấn Du | Phiên Bản Hay Nhất,Quách Tuấn Du,V-Pop,youtube_description,https://www.youtube.com/watch?v=PhW_Mq4MSD8,Liều Thuốc Cho Trái Tim - Remix | Quách Tuấn Du | Phiên Bản Hay Nhất,Quách Tuấn Du,1.0,medium,lại dưới bất kì hình thức nào ! Email: banquyen #quachtuandu #lieuthuocchotraitimremix #ltcttr #nhactreremix #trending,found_needs_review,,,https://www.youtube.com/watch?v=PhW_Mq4MSD8,edm việt,zingmp3,DIFFERENT,HIGH
song_2c62c5bbdf1019bb,"LK Biển Tình, Huyền Thoại Chiều Mưa, Hai Vì Sao Lạc - Phương Anh & Phương Ý (Official MV)",Phương Anh Bolero,Bolero,youtube_description,https://www.youtube.com/watch?v=X5QuWM0tDQI,"LK Biển Tình, Huyền Thoại Chiều Mưa, Hai Vì Sao Lạc - Phương Anh & Phương Ý (Official MV)",Phương Anh Bolero,1.0,medium,ì Sao Lạc - Anh Việt Thu ───────────────────── ➥Đây là kênh Youtube chính thức của ca sĩ Phương Anh Bolero. ➥Đừng quên đăng ký kênh để cập nhật những sản phẩm mới nhất nhé! ➥Đăng ký theo dõi kênh miễn phí tại: http://popsww.com/phuonganhbolero ───────────────────── ➥Connect with Phương Anh Bolero: ● Facebook: https://,found_needs_review,,,https://www.youtube.com/watch?v=X5QuWM0tDQI,rap,nhaccuatui|nhac_vn|shazam|allmusic|qobuz|youtube,DIFFERENT,HIGH
song_d9fc65db8b141f97,LK Lỡ Chuyến Đò Duyên,"Hoang Dang Khoa,Ha My",V-Pop | Nhạc Trữ Tình,zingmp3_title_artist_search,https://zingmp3.vn/bai-hat/LK-Lo-Chuyen-Do-Duyen-Hoang-Dang-Khoa-Ha-My/kOhyHzx1QVq8.html,LK Lỡ Chuyến Đò Duyên,"Hoàng Đăng Khoa, Hà My",0.994,medium,"[{""id"":""el0RHYY9aI0v"",""name"":""Việt Nam"",""title"":""Việt Nam"",""alias"":""viet-nam"",""link"":""/the-loai-album/Viet-Nam/el0RHYY9aI0v.html""},{""id"":""iawjijA80yVd"",""name"":""V-Pop"",""title"":""V-Pop"",""alias"":""v-pop"",""link"":""/the-loai-album/V-Pop/iawjijA80yVd.html""},{""id"":""brC6BYOzAGjo"",""name"":""Nhạc Trữ Tình"",""title"":""Nhạc Trữ Tình"",""alias"":""nhac-tru-tinh"",""link"":""/the-loai-album/Nhac-Tru-Tinh/brC6BYOzAGjo.html""}]; title_score=1.000; artist_score=0.976",found_needs_review,Z6EF8UCO,https://zingmp3.vn/bai-hat/LK-Lo-Chuyen-Do-Duyen-Mau-Hoa-Thanh-Pho-Det-Cao-Hoang-Nghi/Z6EF8UCO.html,,pop|rap,apple_music|nhaccuatui|nhac_vn|shazam|allmusic|qobuz|youtube,DIFFERENT,HIGH
song_748899c7a8898f03,"LK Nước Cuốn Hoa Trôi, Đồi Thông Hai Mộ 2, Lan Và Điệp 4 | Phương Anh & Phương Ý",Phương Anh Bolero,Bolero,youtube_description,https://www.youtube.com/watch?v=_QzyE78GklU,"LK Nước Cuốn Hoa Trôi, Đồi Thông Hai Mộ 2, Lan Và Điệp 4 | Phương Anh & Phương Ý",Phương Anh Bolero,1.0,medium,- Phương Anh & Phương Ý ───────────────────── ➥Đây là kênh Youtube chính thức của ca sĩ Phương Anh Bolero. ➥Đừng quên đăng ký kênh để cập nhật những sản phẩm mới nhất nhé! ➥Đăng ký theo dõi kênh miễn phí tại: http://popsww.com/phuonganhbolero ───────────────────── ➥Connect with Phương Anh Bolero: ● Facebook: https://,found_needs_review,,,https://www.youtube.com/watch?v=_QzyE78GklU,rap,nhaccuatui|nhac_vn|shazam|allmusic|qobuz|youtube,DIFFERENT,HIGH
song_a183b564787ae88b,LK Trống Cơm - Trèo Lên Quán Dốc,Thu Phương,Hòa Tấu | Nhạc Cụ Dân Tộc,zingmp3_title_artist_search,https://zingmp3.vn/bai-hat/Trong-com-Mai-Phuong/wdVMzDxdQIB2.html,Trống cơm,Mai Phương,0.818,low,"[{""id"":""MrPnzhkp4DS4"",""name"":""Hòa Tấu"",""title"":""Hòa Tấu"",""alias"":""hoa-tau"",""link"":""/the-loai-album/Hoa-Tau/MrPnzhkp4DS4.html""},{""id"":""wzrwZLVxicXQ"",""name"":""Nhạc Cụ Dân Tộc"",""title"":""Nhạc Cụ Dân Tộc"",""alias"":""nhac-cu-dan-toc"",""link"":""/the-loai-album/Nhac-Cu-Dan-Toc/wzrwZLVxicXQ.html""}]; title_score=0.857; artist_score=0.700",found_needs_review,ZW780C7B,https://zingmp3.vn/bai-hat/LK-Trong-Com-Treo-Len-Quan-Doc-Thu-Phuong/ZW780C7B.html,,rap,nhaccuatui|nhac_vn|shazam|allmusic|qobuz|youtube,DIFFERENT,HIGH
song_71cf0a6ef2d97f6c,LK Đón Xuân Này Nhớ Xuân Xưa,"Dương Hồng Loan, Lê Sang, Huỳnh Nguyễn Công Bằng",Tết,zingmp3_title_artist_search,https://zingmp3.vn/bai-hat/LK-Don-Xuan-Nay-Nho-Xuan-Xua-Duong-Hong-Loan-Le-Sang-Huynh-Nguyen-Cong-Bang/cExNkfa1JFmv.html,LK Đón Xuân Này Nhớ Xuân Xưa,"Dương Hồng Loan, Lê Sang, Huỳnh Nguyễn Công Bằng",1.0,medium,"[{""id"":""el0RHYY9aI0v"",""name"":""Việt Nam"",""title"":""Việt Nam"",""alias"":""viet-nam"",""link"":""/the-loai-album/Viet-Nam/el0RHYY9aI0v.html""},{""id"":""nQZjDX1pgofW"",""name"":""Tết"",""title"":""Tết"",""alias"":""tet"",""link"":""/the-loai-album/Tet/nQZjDX1pgofW.html""}]; title_score=1.000; artist_score=1.000",found_needs_review,Z6IB6C0I,https://zingmp3.vn/bai-hat/LK-Don-Xuan-Nay-Nho-Xuan-Xua-Duong-Hong-Loan-Le-Sang-Huynh-Nguyen-Cong-Bang/Z6IB6C0I.html,,pop|rap,apple_music|nhaccuatui|allmusic|nhac_vn|shazam|qobuz|youtube,DIFFERENT,HIGH
song_2f6804201b90c8c7,LONA ft Ricky Star - Thích hay là yêu còn chưa biết (Official MV),LONA Official,V-Pop,zingmp3_title_artist_search,https://zingmp3.vn/bai-hat/Thich-hay-la-yeu-con-chua-biet-Kieu-Loan-LONA-Ricky-Star/o0vniFqIzfvm.html,Thích hay là yêu còn chưa biết,"Kiều Loan LONA, Ricky Star",0.855,low,"[{""id"":""el0RHYY9aI0v"",""name"":""Việt Nam"",""title"":""Việt Nam"",""alias"":""viet-nam"",""link"":""/the-loai-album/Viet-Nam/el0RHYY9aI0v.html""},{""id"":""iawjijA80yVd"",""name"":""V-Pop"",""title"":""V-Pop"",""alias"":""v-pop"",""link"":""/the-loai-album/V-Pop/iawjijA80yVd.html""}]; title_score=1.000; artist_score=0.421",found_needs_review,,,https://www.youtube.com/watch?v=7ZLNTRJzHAs,pop,apple_music,DIFFERENT,HIGH
song_8385392157219a19,Loreen - Tattoo (Official Lyric Video),Loreen,Âu Mỹ | Pop,zingmp3_title_artist_search,https://zingmp3.vn/bai-hat/Tattoo-Loreen/ODjiD43f3ngw.html,Tattoo,Loreen,1.0,medium,"[{""id"":""q3564DMx4CZN"",""name"":""Âu Mỹ"",""title"":""Âu Mỹ"",""alias"":""au-my"",""link"":""/the-loai-album/Au-My/q3564DMx4CZN.html""},{""id"":""a72TM8ldqZjJ"",""name"":""Pop"",""title"":""Pop"",""alias"":""pop"",""link"":""/the-loai-album/Pop/a72TM8ldqZjJ.html""}]; title_score=1.000; artist_score=1.000",found_needs_review,,,https://www.youtube.com/watch?v=4lD0-1Uplms,country,nhaccuatui,DIFFERENT,LOW
song_88a836ba29e9cc25,Luke Combs - Beautiful Crazy (Official Video),Luke Combs,Âu Mỹ | Pop,zingmp3_title_artist_search,https://zingmp3.vn/bai-hat/Beautiful-Crazy-Luke-Combs/iuePv2NIadC9.html,Beautiful Crazy,Luke Combs,1.0,medium,"[{""id"":""q3564DMx4CZN"",""name"":""Âu Mỹ"",""title"":""Âu Mỹ"",""alias"":""au-my"",""link"":""/the-loai-album/Au-My/q3564DMx4CZN.html""},{""id"":""a72TM8ldqZjJ"",""name"":""Pop"",""title"":""Pop"",""alias"":""pop"",""link"":""/the-loai-album/Pop/a72TM8ldqZjJ.html""}]; title_score=1.000; artist_score=1.000",found_needs_review,,,https://www.youtube.com/watch?v=rItv9i6c7AY,country,apple_music|zingmp3,DIFFERENT,HIGH
song_7ea8288e669b320e,Luke Combs - Hurricane (Official Video),Luke Combs,Âu Mỹ | Pop | Folk,zingmp3_title_artist_search,https://zingmp3.vn/bai-hat/Hurricane-Luke-Combs/Xu5oVY7gu6bz.html,Hurricane,Luke Combs,1.0,medium,"[{""id"":""q3564DMx4CZN"",""name"":""Âu Mỹ"",""title"":""Âu Mỹ"",""alias"":""au-my"",""link"":""/the-loai-album/Au-My/q3564DMx4CZN.html""},{""id"":""a72TM8ldqZjJ"",""name"":""Pop"",""title"":""Pop"",""alias"":""pop"",""link"":""/the-loai-album/Pop/a72TM8ldqZjJ.html""},{""id"":""Y7S2qD6EZmzr"",""name"":""Folk"",""title"":""Folk"",""alias"":""folk"",""link"":""/the-loai-album/Folk/Y7S2qD6EZmzr.html""}]; title_score=1.000; artist_score=1.000",found_needs_review,,,https://www.youtube.com/watch?v=BixwVsiDdZM,country,apple_music|zingmp3,DIFFERENT,HIGH
song_091d8d0df0dc8280,Lynk Lee - Tát nước đầu đình ft. Binz (Audio),Lynk Lee,Nhạc Dân Ca - Quê Hương,youtube_description,https://www.youtube.com/watch?v=6vGvIqeGxPc,Lynk Lee - Tát nước đầu đình ft. Binz (Audio),Lynk Lee,1.0,medium,o em ơiiii Nhưng sao em làm thinh Nói thật là em đẹp không cần chút son phấn nà Em đẹp như là 1 bài dân ca Thật ra anh cố tình bỏ áo lại Nếu em có nhặt được thì cho anh xin nha. Lynk Lee: Hôm qua tát nước đầu đình Bỏ quên cái áo trên cành hoa sen Em được thì cho anh xin Hay là em để làm tin trong nhà Áo anh sứt chỉ đ,found_needs_review,,,https://www.youtube.com/watch?v=6vGvIqeGxPc,pop|v-pop,apple_music|zingmp3,DIFFERENT,HIGH
song_bacc2b42ccd8783b,LÀ DUYÊN KHÔNG PHẬN (HOÀNGGREEN LOFI CHILL REMIX) | CHUNG THANH DUY | VIDEO LYRICS,Chung Thanh Duy,V-Pop,zingmp3_title_artist_search,https://zingmp3.vn/bai-hat/La-Duyen-Khong-Phan-Chung-Thanh-Duy/ur9vHZKApeum.html,Là Duyên Không Phận,Chung Thanh Duy,1.0,medium,"[{""id"":""el0RHYY9aI0v"",""name"":""Việt Nam"",""title"":""Việt Nam"",""alias"":""viet-nam"",""link"":""/the-loai-album/Viet-Nam/el0RHYY9aI0v.html""},{""id"":""iawjijA80yVd"",""name"":""V-Pop"",""title"":""V-Pop"",""alias"":""v-pop"",""link"":""/the-loai-album/V-Pop/iawjijA80yVd.html""}]; title_score=1.000; artist_score=1.000",found_needs_review,,,https://www.youtube.com/watch?v=bSpoSmw_JN0,pop|folk|world|country|trữ tình,discogs,DIFFERENT,HIGH
song_08ef44568095a8bb,Lênh Đênh Phận Buồn - Phương Anh & Phương Ý | Official MV,Phương Anh Bolero,Bolero,youtube_description,https://www.youtube.com/watch?v=jryIwkcINOs,Lênh Đênh Phận Buồn - Phương Anh & Phương Ý | Official MV,Phương Anh Bolero,1.0,medium,ầu Để thôi làm khổ nhau. ───────────────────── ➥Đây là kênh Youtube chính thức của ca sĩ Phương Anh Bolero. ➥Đừng quên đăng ký kênh để cập nhật những sản phẩm mới nhất nhé! ➥Đăng ký theo dõi kênh miễn phí tại: http://popsww.com/phuonganhbolero ───────────────────── ➥Connect with Phương Anh Bolero: ● Facebook: https://,found_needs_review,,,https://www.youtube.com/watch?v=jryIwkcINOs,pop|trữ tình|tết,apple_music|zingmp3,DIFFERENT,HIGH
song_ea8fd69889ddcb7f,Lăm Tơi - Hồng Vy [Official MV],Nhạc Cách Mạng Tiền Chiến,Nhạc Cách Mạng,youtube_description,https://www.youtube.com/watch?v=5dfayjUyMaU,Lăm Tơi - Hồng Vy [Official MV],Nhạc Cách Mạng Tiền Chiến,1.0,medium,▶ Theo dõi kênh Nhạc Cách Mạng Tiền Chiến: https://goo.gl/asFAPL ----------------------------- Những Bài Hát Hay Nhất:https://goo.gl/VcdKsJ Nhạc Đỏ Trữ Tình Quê Hương:https://goo.gl/29b7nt Tình Ca Tây Bắc Hay Nhất:https://goo.gl/TTVzMq,found_needs_review,,,https://www.youtube.com/watch?v=5dfayjUyMaU,rock|country|house,nhac_vn|youtube,DIFFERENT,HIGH
song_9f67d7e3e563a211,LƯỜI YÊU | BẢO ANH (Official Music Video),Bảo Anh,V-Pop,zingmp3_title_artist_search,https://zingmp3.vn/bai-hat/Luoi-Yeu-Bao-Anh/3uG0PY3jnt4R.html,Lười Yêu,Bảo Anh,1.0,medium,"[{""id"":""el0RHYY9aI0v"",""name"":""Việt Nam"",""title"":""Việt Nam"",""alias"":""viet-nam"",""link"":""/the-loai-album/Viet-Nam/el0RHYY9aI0v.html""},{""id"":""iawjijA80yVd"",""name"":""V-Pop"",""title"":""V-Pop"",""alias"":""v-pop"",""link"":""/the-loai-album/V-Pop/iawjijA80yVd.html""}]; title_score=1.000; artist_score=1.000",found_needs_review,,,https://www.youtube.com/watch?v=fq6geXJLpIo,house,nhaccuatui,DIFFERENT,LOW
song_51ef2cf187eb4c2c,LƯỜI YÊU | BẢO ANH x BRITTANYA KARMA (DANCE VERSION),Bảo Anh,V-Pop,zingmp3_title_artist_search,https://zingmp3.vn/bai-hat/Luoi-Yeu-Bao-Anh/3uG0PY3jnt4R.html,Lười Yêu,Bảo Anh,1.0,medium,"[{""id"":""el0RHYY9aI0v"",""name"":""Việt Nam"",""title"":""Việt Nam"",""alias"":""viet-nam"",""link"":""/the-loai-album/Viet-Nam/el0RHYY9aI0v.html""},{""id"":""iawjijA80yVd"",""name"":""V-Pop"",""title"":""V-Pop"",""alias"":""v-pop"",""link"":""/the-loai-album/V-Pop/iawjijA80yVd.html""}]; title_score=1.000; artist_score=1.000",found_needs_review,,,https://www.youtube.com/watch?v=CFkOaGVTX_M,latin,shazam,DIFFERENT,LOW
song_9266efc535a1189e,Lạc Bước Trong Đời,Quang Bình,V-Pop,zingmp3_title_artist_search,https://zingmp3.vn/bai-hat/Lac-Buoc-Trong-Doi-Hoang-Chau/LqGzOWbPLfrD.html,Lạc Bước Trong Đời,Hoàng Châu,0.875,low,"[{""id"":""el0RHYY9aI0v"",""name"":""Việt Nam"",""title"":""Việt Nam"",""alias"":""viet-nam"",""link"":""/the-loai-album/Viet-Nam/el0RHYY9aI0v.html""},{""id"":""iawjijA80yVd"",""name"":""V-Pop"",""title"":""V-Pop"",""alias"":""v-pop"",""link"":""/the-loai-album/V-Pop/iawjijA80yVd.html""}]; title_score=1.000; artist_score=0.500",found_needs_review,Z79AAEOF,https://zingmp3.vn/bai-hat/Lac-Buoc-Trong-Doi-Quang-Binh/Z79AAEOF.html,,pop|country,apple_music|allmusic,DIFFERENT,HIGH
song_c0cea529ca710551,Lạc Lối,Hien Thuc,V-Pop,zingmp3_title_artist_search,https://zingmp3.vn/bai-hat/Lac-Loi-Hien-Thuc/Q29Ic71oMogg.html,Lạc Lối,Hiền Thục,1.0,medium,"[{""id"":""el0RHYY9aI0v"",""name"":""Việt Nam"",""title"":""Việt Nam"",""alias"":""viet-nam"",""link"":""/the-loai-album/Viet-Nam/el0RHYY9aI0v.html""},{""id"":""iawjijA80yVd"",""name"":""V-Pop"",""title"":""V-Pop"",""alias"":""v-pop"",""link"":""/the-loai-album/V-Pop/iawjijA80yVd.html""}]; title_score=1.000; artist_score=1.000",found_needs_review,Z7C7A69E,https://zingmp3.vn/bai-hat/BUOC-CHAN-LAC-LOI-Em-Riverany/Z7C7A69E.html,,pop,apple_music,DIFFERENT,HIGH
song_3b48470e0ce829e9,Lạc Vào Trong Mơ,SimonC Official,V-Pop,zingmp3_title_artist_search,https://zingmp3.vn/bai-hat/Lac-Vao-Trong-Mo-SimonC/urQ9tZUqqxlo.html,Lạc Vào Trong Mơ,SimonC,0.893,medium,"[{""id"":""el0RHYY9aI0v"",""name"":""Việt Nam"",""title"":""Việt Nam"",""alias"":""viet-nam"",""link"":""/the-loai-album/Viet-Nam/el0RHYY9aI0v.html""},{""id"":""iawjijA80yVd"",""name"":""V-Pop"",""title"":""V-Pop"",""alias"":""v-pop"",""link"":""/the-loai-album/V-Pop/iawjijA80yVd.html""}]; title_score=1.000; artist_score=0.571",found_needs_review,,,https://www.youtube.com/watch?v=mfFt5-NVGdQ,pop,apple_music,DIFFERENT,HIGH
song_6bf2f077f5691869,LỆ DUYÊN TÌNH - ICM x LONG NÓN LÁ | OFFICIAL MUSIC VIDEO,ICM Entertainment,V-Pop,zingmp3_title_artist_search,https://zingmp3.vn/bai-hat/Le-Duyen-Tinh-ICM-Long-Non-La/TiOChZLezcyq.html,Lệ Duyên Tình,"ICM, Long Nón Lá",0.844,low,"[{""id"":""el0RHYY9aI0v"",""name"":""Việt Nam"",""title"":""Việt Nam"",""alias"":""viet-nam"",""link"":""/the-loai-album/Viet-Nam/el0RHYY9aI0v.html""},{""id"":""iawjijA80yVd"",""name"":""V-Pop"",""title"":""V-Pop"",""alias"":""v-pop"",""link"":""/the-loai-album/V-Pop/iawjijA80yVd.html""}]; title_score=1.000; artist_score=0.375",found_needs_review,,,https://www.youtube.com/watch?v=2Jo1So7NDXE,alternative,qobuz,DIFFERENT,LOW
song_b27ffbb24717d079,Lời Anh Chưa Thể Nói (Lofi),Chuppy - Topic,V-Pop,zingmp3_title_artist_search,https://zingmp3.vn/bai-hat/Loi-Anh-Chua-The-Noi-Chuppy/V0pYPOdvNLI.html,Lời Anh Chưa Thể Nói,Chuppy,0.833,low,"[{""id"":""el0RHYY9aI0v"",""name"":""Việt Nam"",""title"":""Việt Nam"",""alias"":""viet-nam"",""link"":""/the-loai-album/Viet-Nam/el0RHYY9aI0v.html""},{""id"":""iawjijA80yVd"",""name"":""V-Pop"",""title"":""V-Pop"",""alias"":""v-pop"",""link"":""/the-loai-album/V-Pop/iawjijA80yVd.html""}]; title_score=0.889; artist_score=0.667",found_needs_review,,,https://www.youtube.com/watch?v=8ljLAac75Uo,pop|trữ tình|nhạc trẻ,apple_music|nhaccuatui|nhac_vn|allmusic|shazam|qobuz|youtube,DIFFERENT,HIGH
song_1c4e7cf0833bbe9c,Lời Chúc Cho Người Ra Đi,Nhat Tinh Anh,V-Pop,zingmp3_title_artist_search,https://zingmp3.vn/bai-hat/Loi-Chuc-Cho-Nguoi-Ra-Di-Nhat-Tinh-Anh/aojglNu1Ni6c.html,Lời Chúc Cho Người Ra Đi,Nhật Tinh Anh,1.0,medium,"[{""id"":""el0RHYY9aI0v"",""name"":""Việt Nam"",""title"":""Việt Nam"",""alias"":""viet-nam"",""link"":""/the-loai-album/Viet-Nam/el0RHYY9aI0v.html""},{""id"":""iawjijA80yVd"",""name"":""V-Pop"",""title"":""V-Pop"",""alias"":""v-pop"",""link"":""/the-loai-album/V-Pop/iawjijA80yVd.html""}]; title_score=1.000; artist_score=1.000",found_needs_review,ZW6I9OUB,https://zingmp3.vn/bai-hat/Loi-Chuc-Cho-Nguoi-Ra-Di-Nhat-Tinh-Anh/ZW6I9OUB.html,,pop|trữ tình|nhạc trẻ,apple_music|nhaccuatui|allmusic|nhac_vn|shazam|qobuz|youtube,DIFFERENT,HIGH
song_35b77cb0c3c8c82a,Lời Hứa Mùa Đông - Khánh Phương ft. Quỳnh Nga (MV OFFICIAL),Khánh Phương Tube,V-Pop,zingmp3_title_artist_search,https://zingmp3.vn/bai-hat/Loi-Hua-Mua-Dong-Khanh-Phuong/YmXfaYNdDqzS.html,Lời Hứa Mùa Đông,Khánh Phương,0.957,medium,"[{""id"":""el0RHYY9aI0v"",""name"":""Việt Nam"",""title"":""Việt Nam"",""alias"":""viet-nam"",""link"":""/the-loai-album/Viet-Nam/el0RHYY9aI0v.html""},{""id"":""iawjijA80yVd"",""name"":""V-Pop"",""title"":""V-Pop"",""alias"":""v-pop"",""link"":""/the-loai-album/V-Pop/iawjijA80yVd.html""}]; title_score=1.000; artist_score=0.828",found_needs_review,,,https://www.youtube.com/watch?v=BFdT3EHXX-M,pop|trữ tình|nhạc trẻ,apple_music|nhaccuatui|nhac_vn|shazam|allmusic|qobuz|youtube,DIFFERENT,HIGH
song_b73a517d5d500fdf,"lời tạm biệt chưa nói - GREY D & ORANGE, Kai Đinh | ‘Hương Mùa Hè’ show (tập 3)",SOULIE STUDIOS,V-Pop,zingmp3_title_artist_search,https://zingmp3.vn/bai-hat/Loi-Tam-Biet-Chua-Noi-Cover-Diijam-Studio-LinhLee/6OcXLbetcZAd.html,Lời Tạm Biệt Chưa Nói (Cover),"Diijam Studio, LinhLee",0.771,low,"[{""id"":""el0RHYY9aI0v"",""name"":""Việt Nam"",""title"":""Việt Nam"",""alias"":""viet-nam"",""link"":""/the-loai-album/Viet-Nam/el0RHYY9aI0v.html""},{""id"":""iawjijA80yVd"",""name"":""V-Pop"",""title"":""V-Pop"",""alias"":""v-pop"",""link"":""/the-loai-album/V-Pop/iawjijA80yVd.html""}]; title_score=0.875; artist_score=0.457",found_needs_review,,,https://www.youtube.com/watch?v=B9PDYlaV84w,trữ tình|nhạc trẻ,nhaccuatui|nhac_vn|shazam|allmusic|qobuz|youtube,DIFFERENT,HIGH
song_7b468c59d8ce698d,Lời Yêu,Lam Truong,V-Pop,zingmp3_title_artist_search,https://zingmp3.vn/bai-hat/Loi-Yeu-Lam-Truong/rlF8A7rKISC5.html,Lời Yêu,Lam Trường,1.0,medium,"[{""id"":""el0RHYY9aI0v"",""name"":""Việt Nam"",""title"":""Việt Nam"",""alias"":""viet-nam"",""link"":""/the-loai-album/Viet-Nam/el0RHYY9aI0v.html""},{""id"":""iawjijA80yVd"",""name"":""V-Pop"",""title"":""V-Pop"",""alias"":""v-pop"",""link"":""/the-loai-album/V-Pop/iawjijA80yVd.html""}]; title_score=1.000; artist_score=1.000",found_needs_review,Z7C6Z7I0,https://zingmp3.vn/bai-hat/LOI-YEU-CUA-GIO-HAKIMZA/Z7C6Z7I0.html,,worldwide|pop|folk|world|country|trữ tình|nhạc trẻ,apple_music|discogs|nhaccuatui|nhac_vn|shazam|allmusic|qobuz|youtube,DIFFERENT,HIGH
song_b7e3acc3dffe5abf,LỠ SAY BYE LÀ BYE | LEMESE X CHANGG | OFFICIAL MUSIC VIDEO,Fillinus,Rap Việt,youtube_description,https://www.youtube.com/watch?v=1MmQUT3TjtI,LỠ SAY BYE LÀ BYE | LEMESE X CHANGG | OFFICIAL MUSIC VIDEO,Fillinus,1.0,medium,"huyên sản xuất sản phẩm âm nhạc, tập trung thế mạnh vào các thể loại âm nhạc Pop-Ballad, R&B, Urban HipHop và Soul. Ngoài việc tự sản xuất và phát hành các sản phẩm âm nhạc cho riêng mình, Fillinus đồng thời còn cung cấp dịch vụ: 1. Music Production trọn gói cho nghệ sĩ (Sáng tác, Thu âm, Hoà âm phối khí, Mix master)",found_needs_review,,,https://www.youtube.com/watch?v=1MmQUT3TjtI,house,web_search,DIFFERENT,LOW
song_f2cba5ff52a8828e,Lỡ Yêu Rồi,Thuy Khanh,Nhạc Trữ Tình,zingmp3_title_artist_search,https://zingmp3.vn/bai-hat/Lo-Yeu-Roi-Thuy-Khanh/Xw5s6Gthv2Dq.html,Lỡ Yêu Rồi,Thúy Khanh,1.0,medium,"[{""id"":""el0RHYY9aI0v"",""name"":""Việt Nam"",""title"":""Việt Nam"",""alias"":""viet-nam"",""link"":""/the-loai-album/Viet-Nam/el0RHYY9aI0v.html""},{""id"":""brC6BYOzAGjo"",""name"":""Nhạc Trữ Tình"",""title"":""Nhạc Trữ Tình"",""alias"":""nhac-tru-tinh"",""link"":""/the-loai-album/Nhac-Tru-Tinh/brC6BYOzAGjo.html""}]; title_score=1.000; artist_score=1.000",found_needs_review,ZWZB0699,https://zingmp3.vn/bai-hat/Lo-Yeu-Roi-Thuy-Khanh/ZWZB0699.html,,pop,apple_music|discogs,DIFFERENT,HIGH
song_1b4d29c38306e670,Mademoiselle - loanh quanh (Official MV),Mademoiselle,V-Pop,zingmp3_title_artist_search,https://zingmp3.vn/bai-hat/Loanh-Quanh-Mademoiselle/w7pAcmg2V7m5.html,Loanh Quanh,Mademoiselle,1.0,medium,"[{""id"":""el0RHYY9aI0v"",""name"":""Việt Nam"",""title"":""Việt Nam"",""alias"":""viet-nam"",""link"":""/the-loai-album/Viet-Nam/el0RHYY9aI0v.html""},{""id"":""iawjijA80yVd"",""name"":""V-Pop"",""title"":""V-Pop"",""alias"":""v-pop"",""link"":""/the-loai-album/V-Pop/iawjijA80yVd.html""}]; title_score=1.000; artist_score=1.000",found_needs_review,,,https://www.youtube.com/watch?v=H1xBXtttBhw,songwriter|pop,apple_music|zingmp3,DIFFERENT,HIGH
song_66125c3d60471144,Madihu - Có em (Feat. Low G) [Official MV],Madihu,V-Pop,zingmp3_title_artist_search,https://zingmp3.vn/bai-hat/Co-Em-Madihu-Low-G/ObJzKUeeaDNV.html,Có Em,"Madihu, Low G",0.917,medium,"[{""id"":""el0RHYY9aI0v"",""name"":""Việt Nam"",""title"":""Việt Nam"",""alias"":""viet-nam"",""link"":""/the-loai-album/Viet-Nam/el0RHYY9aI0v.html""},{""id"":""iawjijA80yVd"",""name"":""V-Pop"",""title"":""V-Pop"",""alias"":""v-pop"",""link"":""/the-loai-album/V-Pop/iawjijA80yVd.html""}]; title_score=1.000; artist_score=0.667",found_needs_review,,,https://www.youtube.com/watch?v=DcCISK3sCYg,indie,nhaccuatui|nhac_vn|shazam|allmusic|qobuz|youtube,DIFFERENT,HIGH
song_2ea27d77e562e1c3,Marilyn Manson - Sweet Dreams (Are Made Of This) (Alt. Version),Marilyn Manson,Rock Việt,youtube_description,https://www.youtube.com/watch?v=QUvVdTlA23w,Marilyn Manson - Sweet Dreams (Are Made Of This) (Alt. Version),Marilyn Manson,1.0,medium,arilynmanson https://www.youtube.com/@marilynmanson #MarilynManson #SweetDreams #Metal #MetalMusic #Rock,found_needs_review,,,https://www.youtube.com/watch?v=QUvVdTlA23w,hard rock|pop|alternative|rock|electronic|alternative rock|industrial,apple_music|zingmp3|discogs,DIFFERENT,HIGH
song_6a8f727830ba8ba1,Mashup V-pop 2015 (30 songs) | Rum ft Quang Hùng MasterD (Selfie MV),Rum,V-Pop,youtube_description,https://www.youtube.com/watch?v=eymezvWJkAo,Mashup V-pop 2015 (30 songs) | Rum ft Quang Hùng MasterD (Selfie MV),Rum,1.0,medium,Mashup V-pop 2015 (30 songs) | Rum ft Quang Hùng MasterD (Selfie MV) Record – Mix: Rum Beat – Master : Quang Hùng From HowFEEL Production & SoonRecord Follow Rum: https://www.instagram.com/rumrumne https://www.facebook.com/r,found_needs_review,,,https://www.youtube.com/watch?v=eymezvWJkAo,instrumental|nhạc trẻ,nhaccuatui|nhac_vn|shazam|allmusic|qobuz|youtube,DIFFERENT,HIGH
song_938dd0b3b76284e9,"MFREE, GXXFY, SAWTY - I'M THE ONE (Official Visualizer)",SpaceSpeakers Label,Rap Việt,youtube_description,https://www.youtube.com/watch?v=xFqVkbL3gdE,"MFREE, GXXFY, SAWTY - I'M THE ONE (Official Visualizer)",SpaceSpeakers Label,1.0,medium,"thời, 55 RADAR là nơi dò tìm, khai phá và hỗ trợ phát triển các tài năng trẻ thuộc nhiều dòng nhạc Hiphop, R&B, Pop,... ➥ Follow MFREE: Facebook : https://www.facebook.com/darealMfree?mibextid=LQQJ4d Spotify : https://open.spotify.com/artist/3Gx0fp4mXr6YU4DONMHqB8?si=l-n8EA3rRnSVXSHVjDly_A YouTube : https://www.you",found_needs_review,,,https://www.youtube.com/watch?v=xFqVkbL3gdE,pop,nhaccuatui,DIFFERENT,LOW
song_3415002cbfea943d,MLee - Tình Yêu Dài Lâu (Endless Love) - Official MV,MLee Official,V-Pop,zingmp3_title_artist_search,https://zingmp3.vn/bai-hat/Tinh-Yeu-Dai-Lau-MLee/r8ziBL8EStOz.html,Tình Yêu Dài Lâu,MLee,0.868,low,"[{""id"":""el0RHYY9aI0v"",""name"":""Việt Nam"",""title"":""Việt Nam"",""alias"":""viet-nam"",""link"":""/the-loai-album/Viet-Nam/el0RHYY9aI0v.html""},{""id"":""iawjijA80yVd"",""name"":""V-Pop"",""title"":""V-Pop"",""alias"":""v-pop"",""link"":""/the-loai-album/V-Pop/iawjijA80yVd.html""}]; title_score=1.000; artist_score=0.471",found_needs_review,,,https://www.youtube.com/watch?v=qJiNlKjyU8w,soul,apple_music,DIFFERENT,HIGH
song_c37230c23c82faf9,MLEM MLEM | MIN X JUSTATEE X YUNO BIGBOI | OFFICIAL MUSIC VIDEO,MIN OFFICIAL,V-Pop,zingmp3_title_artist_search,https://zingmp3.vn/bai-hat/MLEM-MLEM-MIN-JustaTee-Yuno-Bigboi/UInuROQsssCU.html,MLEM MLEM,"MIN, JustaTee, Yuno Bigboi",0.847,low,"[{""id"":""el0RHYY9aI0v"",""name"":""Việt Nam"",""title"":""Việt Nam"",""alias"":""viet-nam"",""link"":""/the-loai-album/Viet-Nam/el0RHYY9aI0v.html""},{""id"":""iawjijA80yVd"",""name"":""V-Pop"",""title"":""V-Pop"",""alias"":""v-pop"",""link"":""/the-loai-album/V-Pop/iawjijA80yVd.html""}]; title_score=1.000; artist_score=0.389",found_needs_review,,,https://www.youtube.com/watch?v=S7f24xceqSs,country,web_search,DIFFERENT,LOW
song_0812c34742f8be4b,MONO - 'Chăm Hoa' (Official Music Video),Mono Official,V-Pop,zingmp3_title_artist_search,https://zingmp3.vn/bai-hat/Cham-Hoa-MONO/tZIoh6WqDwAH.html,Chăm Hoa,MONO,0.868,low,"[{""id"":""el0RHYY9aI0v"",""name"":""Việt Nam"",""title"":""Việt Nam"",""alias"":""viet-nam"",""link"":""/the-loai-album/Viet-Nam/el0RHYY9aI0v.html""},{""id"":""iawjijA80yVd"",""name"":""V-Pop"",""title"":""V-Pop"",""alias"":""v-pop"",""link"":""/the-loai-album/V-Pop/iawjijA80yVd.html""}]; title_score=1.000; artist_score=0.471",found_needs_review,,,https://www.youtube.com/watch?v=WCm2elbTEZQ,pop,apple_music|zingmp3,DIFFERENT,HIGH
song_55bce5e7fe23bb2f,MONO - ‘Em Xinh’ (Official Music Video),Mono Official,V-Pop,zingmp3_title_artist_search,https://zingmp3.vn/bai-hat/Em-Xinh-MONO-Onionn/7GVIEKQ7OAuU.html,Em Xinh,"MONO, Onionn",0.896,medium,"[{""id"":""el0RHYY9aI0v"",""name"":""Việt Nam"",""title"":""Việt Nam"",""alias"":""viet-nam"",""link"":""/the-loai-album/Viet-Nam/el0RHYY9aI0v.html""},{""id"":""iawjijA80yVd"",""name"":""V-Pop"",""title"":""V-Pop"",""alias"":""v-pop"",""link"":""/the-loai-album/V-Pop/iawjijA80yVd.html""}]; title_score=1.000; artist_score=0.583",found_needs_review,,,https://www.youtube.com/watch?v=rYc1UbgbMIY,pop|latin,apple_music|zingmp3|youtube,DIFFERENT,HIGH
song_01e5c133c9727b3d,MONO - Waiting For You (Official Music Video),Mono Official,V-Pop,zingmp3_title_artist_search,https://zingmp3.vn/bai-hat/Waiting-For-You-MONO-Onionn/BQfYy9h2OKFO.html,Waiting For You,"MONO, Onionn",0.896,medium,"[{""id"":""el0RHYY9aI0v"",""name"":""Việt Nam"",""title"":""Việt Nam"",""alias"":""viet-nam"",""link"":""/the-loai-album/Viet-Nam/el0RHYY9aI0v.html""},{""id"":""iawjijA80yVd"",""name"":""V-Pop"",""title"":""V-Pop"",""alias"":""v-pop"",""link"":""/the-loai-album/V-Pop/iawjijA80yVd.html""}]; title_score=1.000; artist_score=0.583",found_needs_review,,,https://www.youtube.com/watch?v=okz5RIZRT0U,pop,zingmp3,DIFFERENT,HIGH
song_ca2ebed5fdfc4626,Motal × Royalty Funk,𝙇𝙪𝙙𝙤𝙬𝙣,V-Pop,youtube_description,https://www.youtube.com/watch?v=O2BPD63vqMQ,Motal × Royalty Funk,𝙇𝙪𝙙𝙤𝙬𝙣,1.0,medium,"#nhachaymoingay #phonk #brazilianfunk #flstudio #nhacremix #nhactre #nhactreremix #avee_player #phonkmusic #xuhuong 👉Đây là một kênh phi lợi nhuận, vì vậy tôi không kiếm được tiền từ những video này. Những video này được thiết kế đặc biệt cho mục đích giải trí. Không có ý định",found_needs_review,,,https://www.youtube.com/watch?v=O2BPD63vqMQ,instrumental,qobuz,DIFFERENT,LOW
song_c068b6f8509c30aa,Muốn (Wanna) - Miu Lê | MV Official,Miu Lê Official,EDM Việt,zingmp3_title_artist_search,https://zingmp3.vn/bai-hat/Muon-Miu-Le/JCR7faAodiWG.html,Muốn,Miu Lê,0.893,medium,"[{""id"":""el0RHYY9aI0v"",""name"":""Việt Nam"",""title"":""Việt Nam"",""alias"":""viet-nam"",""link"":""/the-loai-album/Viet-Nam/el0RHYY9aI0v.html""},{""id"":""2kaEVD3AzGsv"",""name"":""EDM Việt"",""title"":""EDM Việt"",""alias"":""edm-viet"",""link"":""/the-loai-album/EDM-Viet/2kaEVD3AzGsv.html""}]; title_score=1.000; artist_score=0.571",found_needs_review,,,https://www.youtube.com/watch?v=pScjVqPVPx0,v-pop,zingmp3,DIFFERENT,HIGH
song_095675bc51056dd6,MUỘN PHIỀN – PHƯƠNG LY ft. LOW G | OFFICIAL MV,Phuong Ly Official,Rap Việt,zingmp3_title_artist_search,https://zingmp3.vn/bai-hat/Muon-Phien-Phuong-Ly-Low-G-Vstra-TGSN-Tyronee/79gGBEAPHRHe.html,Muộn Phiền,Nhiều nghệ sĩ,0.847,low,"[{""id"":""el0RHYY9aI0v"",""name"":""Việt Nam"",""title"":""Việt Nam"",""alias"":""viet-nam"",""link"":""/the-loai-album/Viet-Nam/el0RHYY9aI0v.html""},{""id"":""TqW0gmJ1dR5O"",""name"":""Rap Việt"",""title"":""Rap Việt"",""alias"":""rap-viet"",""link"":""/the-loai-album/Rap-Viet/TqW0gmJ1dR5O.html""}]; title_score=1.000; artist_score=0.387",found_needs_review,,,https://www.youtube.com/watch?v=h4WX3B3hj4k,hip hop|rap|ballad,apple_music|nhaccuatui|nhac_vn|allmusic|shazam|qobuz|youtube,DIFFERENT,HIGH
song_ba7f18e8f81c6571,MV TA HỨA SẼ NHẬN RA - LÊ CÁT TRỌNG LÝ (NHẠC PHIM TẤM CÁM: CHUYỆN CHƯA KỂ),Veronica Ngo,Nhạc Phim,youtube_description,https://www.youtube.com/watch?v=VDO5QlgD-dc,MV TA HỨA SẼ NHẬN RA - LÊ CÁT TRỌNG LÝ (NHẠC PHIM TẤM CÁM: CHUYỆN CHƯA KỂ),Veronica Ngo,1.0,medium,"h Lộc, NSND Ngọc Giàu, diễn viên Hiếu Hiền, Isaac, Will, S.T, Jun.... BÀI HÁT: TA HỨA SẼ NHẬN RA - NHẠC PHIM TẤM CÁM: CHUYỆN CHƯA KỂ. SÁNG TÁC VÀ TRÌNH BÀY: LÊ CÁT TRỌNG LÝ. SẢN XUẤT: THANH TÚ. MUSIC VIDEO BY DUY JOSEPH. Lời bài hát Ta hứa sẽ nhận ra. Xuân qua rồi Thu Năm thay nhau ngày đêm ta chưa thấy yên bình.",found_needs_review,,,https://www.youtube.com/watch?v=VDO5QlgD-dc,pop|nhạc trẻ,apple_music|nhaccuatui|allmusic|shazam|nhac_vn|qobuz|youtube,DIFFERENT,HIGH
song_629ef03e35406677,MY SUNSHINE | ĐÔNG NHI ft. HELLO YELLOW | OFFICIAL MV,Sunsilk Vietnam,Hoa Ngữ,zingmp3_title_artist_search,https://zingmp3.vn/bai-hat/My-Sunshine-Truong-Kiet/5idtxdit3CYD.html,My Sunshine,Trương Kiệt  / 張杰,0.865,low,"[{""id"":""tHnzRYRQWeuh"",""name"":""Hoa Ngữ"",""title"":""Hoa Ngữ"",""alias"":""hoa-ngu"",""link"":""/the-loai-album/Hoa-Ngu/tHnzRYRQWeuh.html""}]; title_score=1.000; artist_score=0.462",found_needs_review,,,https://www.youtube.com/watch?v=xA4-milAeqs,alternative,web_search,DIFFERENT,LOW
song_6dfd7f26a792d5ff,Myles Smith - Solo (Official Music Video),Myles Smith,Âu Mỹ | Folk | Indie | Pop | Rock,zingmp3_title_artist_search,https://zingmp3.vn/bai-hat/Solo-Myles-Smith/MAkaMhB7TfG.html,Solo,Myles Smith,1.0,medium,"[{""id"":""q3564DMx4CZN"",""name"":""Âu Mỹ"",""title"":""Âu Mỹ"",""alias"":""au-my"",""link"":""/the-loai-album/Au-My/q3564DMx4CZN.html""},{""id"":""Y7S2qD6EZmzr"",""name"":""Folk"",""title"":""Folk"",""alias"":""folk"",""link"":""/the-loai-album/Folk/Y7S2qD6EZmzr.html""},{""id"":""YMLEVxRk1wv"",""name"":""Indie"",""title"":""Indie"",""alias"":""indie"",""link"":""/the-loai-album/Indie/YMLEVxRk1wv.html""},{""id"":""a72TM8ldqZjJ"",""name"":""Pop"",""title"":""Pop"",""alias"":""pop"",""link"":""/the-loai-album/Pop/a72TM8ldqZjJ.html""},{""id"":""RNRFSWbGG5rD"",""name"":""Rock"",""title"":""Rock"",""alias"":""rock"",""link"":""/the-loai-album/Rock/RNRFSWbGG5rD.html""}]; title_score=1.000; artist_score=1.000",found_needs_review,,,https://www.youtube.com/watch?v=Bk8IQIv7MuQ,songwriter|country,apple_music|zingmp3,DIFFERENT,HIGH
song_a0555440691e4343,Myles Smith - Stargazing (Lyric Video),Myles Smith,Âu Mỹ | Folk | Indie | Pop,zingmp3_title_artist_search,https://zingmp3.vn/bai-hat/Stargazing-Myles-Smith/mRxuYQDD5L3E.html,Stargazing,Myles Smith,1.0,medium,"[{""id"":""q3564DMx4CZN"",""name"":""Âu Mỹ"",""title"":""Âu Mỹ"",""alias"":""au-my"",""link"":""/the-loai-album/Au-My/q3564DMx4CZN.html""},{""id"":""Y7S2qD6EZmzr"",""name"":""Folk"",""title"":""Folk"",""alias"":""folk"",""link"":""/the-loai-album/Folk/Y7S2qD6EZmzr.html""},{""id"":""YMLEVxRk1wv"",""name"":""Indie"",""title"":""Indie"",""alias"":""indie"",""link"":""/the-loai-album/Indie/YMLEVxRk1wv.html""},{""id"":""a72TM8ldqZjJ"",""name"":""Pop"",""title"":""Pop"",""alias"":""pop"",""link"":""/the-loai-album/Pop/a72TM8ldqZjJ.html""}]; title_score=1.000; artist_score=1.000",found_needs_review,,,https://www.youtube.com/watch?v=tKml80alH3Y,songwriter|country,apple_music|zingmp3,DIFFERENT,HIGH
song_e321a412a5a78e61,"MYLINA, Cầm, 4GOD - 'ơ anh mắng em à?' | Official MV",MYLINA,R&B Việt,zingmp3_title_artist_search,https://zingmp3.vn/bai-hat/o-anh-mang-em-a-MYLINA-Cam-4GOD/e72Cii9JLSki.html,ơ anh mắng em à?,"MYLINA, Cầm, 4GOD",0.893,medium,"[{""id"":""el0RHYY9aI0v"",""name"":""Việt Nam"",""title"":""Việt Nam"",""alias"":""viet-nam"",""link"":""/the-loai-album/Viet-Nam/el0RHYY9aI0v.html""},{""id"":""Qvf5V6XIXLP3"",""name"":""R&B Việt"",""title"":""R&B Việt"",""alias"":""r-b-viet"",""link"":""/the-loai-album/R-B-Viet/Qvf5V6XIXLP3.html""}]; title_score=1.000; artist_score=0.571",found_needs_review,,,https://www.youtube.com/watch?v=v515KUfKlVA,soul|b việt,apple_music|zingmp3,DIFFERENT,HIGH
song_ce29ff02c811d09d,Mùa Hoa Năm Ấy - Hồ Quỳnh Hương | Official Music Video,Hồ Quỳnh Hương,R&B Việt,zingmp3_title_artist_search,https://zingmp3.vn/bai-hat/Mua-Hoa-Nam-Ay-Ho-Quynh-Huong/6qkxTtvBx79R.html,Mùa Hoa Năm Ấy,Hồ Quỳnh Hương,1.0,medium,"[{""id"":""el0RHYY9aI0v"",""name"":""Việt Nam"",""title"":""Việt Nam"",""alias"":""viet-nam"",""link"":""/the-loai-album/Viet-Nam/el0RHYY9aI0v.html""},{""id"":""Qvf5V6XIXLP3"",""name"":""R&B Việt"",""title"":""R&B Việt"",""alias"":""r-b-viet"",""link"":""/the-loai-album/R-B-Viet/Qvf5V6XIXLP3.html""}]; title_score=1.000; artist_score=1.000",found_needs_review,,,https://www.youtube.com/watch?v=A7LlLYgK2vs,soul|b việt|folk|world|country|trữ tình,apple_music|zingmp3|discogs,DIFFERENT,HIGH
song_03898ed0aa838619,Mùa Xuân Xôn Xao,"Dạ Thảo My, Long Hồ, Star Online",Nhạc Trữ Tình,zingmp3_title_artist_search,https://zingmp3.vn/bai-hat/Mua-Xuan-Xon-Xao-Da-Thao-My-Long-Ho-Star-Online/d7FfRAkIbn3U.html,Mùa Xuân Xôn Xao,"Dạ Thảo My, Long Hồ, Star Online",1.0,medium,"[{""id"":""el0RHYY9aI0v"",""name"":""Việt Nam"",""title"":""Việt Nam"",""alias"":""viet-nam"",""link"":""/the-loai-album/Viet-Nam/el0RHYY9aI0v.html""},{""id"":""brC6BYOzAGjo"",""name"":""Nhạc Trữ Tình"",""title"":""Nhạc Trữ Tình"",""alias"":""nhac-tru-tinh"",""link"":""/the-loai-album/Nhac-Tru-Tinh/brC6BYOzAGjo.html""}]; title_score=1.000; artist_score=1.000",found_needs_review,ZW7OCBDB,https://zingmp3.vn/bai-hat/Mua-Xuan-Xon-Xao-Long-Ho-Da-Thao-My/ZW7OCBDB.html,,pop,apple_music,DIFFERENT,HIGH
song_2e2c11dadb434556,Mùa Đông Không Còn Em,"Vương Bảo Nam, Star Online",V-Pop,zingmp3_title_artist_search,https://zingmp3.vn/bai-hat/Mua-Dong-Khong-Con-Em-Vuong-Bao-Nam/sUy1wxHZNyhd.html,Mùa Đông Không Còn Em,Vương Bảo Nam,0.921,medium,"[{""id"":""el0RHYY9aI0v"",""name"":""Việt Nam"",""title"":""Việt Nam"",""alias"":""viet-nam"",""link"":""/the-loai-album/Viet-Nam/el0RHYY9aI0v.html""},{""id"":""iawjijA80yVd"",""name"":""V-Pop"",""title"":""V-Pop"",""alias"":""v-pop"",""link"":""/the-loai-album/V-Pop/iawjijA80yVd.html""}]; title_score=1.000; artist_score=0.684",found_needs_review,Z6ICZ90C,https://zingmp3.vn/bai-hat/Mua-Dong-Khong-Con-Em-Vuong-Bao-Nam-Star-Online/Z6ICZ90C.html,,pop,apple_music,DIFFERENT,HIGH
song_1629caa250df3cf2,Mùa Đông Tuyệt Vọng,Ly Hai,V-Pop,zingmp3_title_artist_search,https://zingmp3.vn/bai-hat/Mua-Dong-Tuyet-Vong-Ly-Hai/gWi0pGiWoDFc.html,Mùa Đông Tuyệt Vọng,Lý Hải,1.0,medium,"[{""id"":""el0RHYY9aI0v"",""name"":""Việt Nam"",""title"":""Việt Nam"",""alias"":""viet-nam"",""link"":""/the-loai-album/Viet-Nam/el0RHYY9aI0v.html""},{""id"":""iawjijA80yVd"",""name"":""V-Pop"",""title"":""V-Pop"",""alias"":""v-pop"",""link"":""/the-loai-album/V-Pop/iawjijA80yVd.html""}]; title_score=1.000; artist_score=1.000",found_needs_review,ZWZBBZZ9,https://zingmp3.vn/bai-hat/Mua-Dong-Tuyet-Vong-Ly-Hai/ZWZBBZZ9.html,,house|dance|pop,apple_music|youtube,DIFFERENT,HIGH
song_0f1e0cfe2045299d,Mơ Về Nơi Xa Lắm,Thu Phuong,V-Pop,zingmp3_title_artist_search,https://zingmp3.vn/bai-hat/Mo-Ve-Noi-Xa-Lam-Phu-Quang-Dam-Vinh-Hung/a7GwpUfVTdG.html,Mơ Về Nơi Xa Lắm,"Phú Quang, Đàm Vĩnh Hưng",0.859,low,"[{""id"":""el0RHYY9aI0v"",""name"":""Việt Nam"",""title"":""Việt Nam"",""alias"":""viet-nam"",""link"":""/the-loai-album/Viet-Nam/el0RHYY9aI0v.html""},{""id"":""iawjijA80yVd"",""name"":""V-Pop"",""title"":""V-Pop"",""alias"":""v-pop"",""link"":""/the-loai-album/V-Pop/iawjijA80yVd.html""}]; title_score=1.000; artist_score=0.438",found_needs_review,ZWZ98967,https://zingmp3.vn/bai-hat/Mo-Ve-Noi-Xa-Lam-Thu-Phuong/ZWZ98967.html,,pop,apple_music|discogs,DIFFERENT,HIGH
song_988644b38f33ee46,Mưa Sao Băng - Ngô Kiến Huy [OFFICIAL MV],Bến Thành Audio Video,V-Pop,youtube_description,https://www.youtube.com/watch?v=tYhGFHKdGyI,Mưa Sao Băng - Ngô Kiến Huy [OFFICIAL MV],Bến Thành Audio Video,1.0,medium,Mưa Sao Băng - Ngô Kiến Huy [OFFICIAL MV] Tuyển Tập nhạc trẻ hay nhất: https://goo.gl/1qVwjq Đăng ký để xem những video mới cập nhật: https://goo.gl/Cu2fmx --------------------- Bến Thành Audio Video - Trung Tâm sản xuất Âm nhạc chất lượng hàng đầu Việt Nam.,found_needs_review,,,https://www.youtube.com/watch?v=tYhGFHKdGyI,pop,apple_music,DIFFERENT,HIGH
song_ad337a9976bcb25e,Mấy nhịp cầu tre - Trình bày: Đình Văn & Phương Dung,Thế Định Nguyễn,Nhạc Trữ Tình,zingmp3_title_artist_search,https://zingmp3.vn/bai-hat/May-Nhip-Cau-Tre-The-Hoan-Ngoc-Anh/nSqZOoV0Cs7.html,Mấy Nhịp Cầu Tre,"Thế Hoàn, Ngọc Anh",0.895,medium,"[{""id"":""el0RHYY9aI0v"",""name"":""Việt Nam"",""title"":""Việt Nam"",""alias"":""viet-nam"",""link"":""/the-loai-album/Viet-Nam/el0RHYY9aI0v.html""},{""id"":""brC6BYOzAGjo"",""name"":""Nhạc Trữ Tình"",""title"":""Nhạc Trữ Tình"",""alias"":""nhac-tru-tinh"",""link"":""/the-loai-album/Nhac-Tru-Tinh/brC6BYOzAGjo.html""}]; title_score=1.000; artist_score=0.581",found_needs_review,,,https://www.youtube.com/watch?v=r7168WqE3eE,pop,apple_music,DIFFERENT,HIGH
song_d68f9ea056d27309,Mặt Trời Của Em,Phuong Ly Official,R&B Việt,zingmp3_title_artist_search,https://zingmp3.vn/bai-hat/Mat-Troi-Cua-Em-Phuong-Ly-JustaTee/UtBUCfY3FNOJ.html,Mặt Trời Của Em,"Phương Ly, JustaTee",0.903,medium,"[{""id"":""el0RHYY9aI0v"",""name"":""Việt Nam"",""title"":""Việt Nam"",""alias"":""viet-nam"",""link"":""/the-loai-album/Viet-Nam/el0RHYY9aI0v.html""},{""id"":""Qvf5V6XIXLP3"",""name"":""R&B Việt"",""title"":""R&B Việt"",""alias"":""r-b-viet"",""link"":""/the-loai-album/R-B-Viet/Qvf5V6XIXLP3.html""}]; title_score=1.000; artist_score=0.611",found_needs_review,,,https://www.youtube.com/watch?v=Kweskg7qn3g,pop|b việt|rock|funk|soul|folk|world|country|garage rock|psychedelic|trữ tình,apple_music|zingmp3|discogs,DIFFERENT,HIGH
song_a24f0eb4244fa544,Mẹ Ơi Con Yêu Mẹ,Be Bao Ngu,Nhạc Thiếu Nhi,zingmp3_title_artist_search,https://zingmp3.vn/bai-hat/Me-Oi-Con-Rat-Yeu-Me-Be-Hien-Thong/Agl5NiKyqJZO.html,Mẹ Ơi Con Rất Yêu Mẹ,Bé Hiển Thông,0.797,low,"[{""id"":""el0RHYY9aI0v"",""name"":""Việt Nam"",""title"":""Việt Nam"",""alias"":""viet-nam"",""link"":""/the-loai-album/Viet-Nam/el0RHYY9aI0v.html""},{""id"":""mdfK2cQu8FhQ"",""name"":""Nhạc Thiếu Nhi"",""title"":""Nhạc Thiếu Nhi"",""alias"":""nhac-thieu-nhi"",""link"":""/the-loai-album/Nhac-Thieu-Nhi/mdfK2cQu8FhQ.html""}]; title_score=0.889; artist_score=0.522",found_needs_review,ZW7WDCA7,https://zingmp3.vn/bai-hat/Me-Oi-Con-Yeu-Me-Be-Bao-Ngu/ZW7WDCA7.html,,pop|folk|world|country|stage|screen|trữ tình,apple_music|discogs|nhaccuatui,DIFFERENT,HIGH
song_36897ff55051e1e7,MẸ ƠI! - Myra Trần x Danh Ca Hương Lan x Phạm Hồng Phước | Official Music Video,Myra Trần Official,Nhạc Dân Ca - Quê Hương | V-Pop,youtube_description,https://www.youtube.com/watch?v=roauR4JsR9E,MẸ ƠI! - Myra Trần x Danh Ca Hương Lan x Phạm Hồng Phước | Official Music Video,Myra Trần Official,1.0,medium,"n “Dạ Cổ Hoài Lang” & nhạc cụ đàn bầu. Với dự án mới này, ca khúc là sự hòa trộn độc đáo giữa dòng nhạc trẻ Pop & dân ca, hiện đại nhưng vẫn giữ những giá trị văn hóa cốt lõi, tôn vinh bản sắc văn hóa dân tộc thông qua những đặc điểm riêng trong âm nhạc. Điểm đặc biệt trong bài, đoạn dân ca phải làm sao được phát tri",found_needs_review,,,https://www.youtube.com/watch?v=roauR4JsR9E,pop,apple_music,DIFFERENT,HIGH
song_c9924ec609965c2d,Một Lần Thứ Tha,Lam Hung,V-Pop,zingmp3_title_artist_search,https://zingmp3.vn/bai-hat/Xin-Mot-Lan-Thu-Tha-Lam-Hung/MBNphUXDAts5.html,Xin Một Lần Thứ Tha,Lâm Hùng,0.912,medium,"[{""id"":""el0RHYY9aI0v"",""name"":""Việt Nam"",""title"":""Việt Nam"",""alias"":""viet-nam"",""link"":""/the-loai-album/Viet-Nam/el0RHYY9aI0v.html""},{""id"":""iawjijA80yVd"",""name"":""V-Pop"",""title"":""V-Pop"",""alias"":""v-pop"",""link"":""/the-loai-album/V-Pop/iawjijA80yVd.html""}]; title_score=0.882; artist_score=1.000",found_needs_review,ZWZCWWII,https://zingmp3.vn/bai-hat/Mot-Lan-Thu-Tha-Lam-Hung/ZWZCWWII.html,,pop|folk|world|country|stage|screen|trữ tình,apple_music|discogs|musicbrainz,DIFFERENT,HIGH
song_687b16c79189cd59,MỘT MÌNH CÓ BUỒN KHÔNG | THIỀU BẢO TRÂM (ft. Lou Hoàng) | OFFICIAL M/V,Thiều Bảo Trâm Official,V-Pop,zingmp3_title_artist_search,https://zingmp3.vn/bai-hat/Mot-Minh-Co-Buon-Khong-Thieu-Bao-Tram-Lou-Hoang/VlMHVqZ2PqxP.html,Một Mình Có Buồn Không,"Thiều Bảo Trâm, Lou Hoàng",0.931,medium,"[{""id"":""el0RHYY9aI0v"",""name"":""Việt Nam"",""title"":""Việt Nam"",""alias"":""viet-nam"",""link"":""/the-loai-album/Viet-Nam/el0RHYY9aI0v.html""},{""id"":""iawjijA80yVd"",""name"":""V-Pop"",""title"":""V-Pop"",""alias"":""v-pop"",""link"":""/the-loai-album/V-Pop/iawjijA80yVd.html""}]; title_score=1.000; artist_score=0.723",found_needs_review,,,https://www.youtube.com/watch?v=sx6AymaJRGs,folk|world|country,discogs,DIFFERENT,HIGH
song_16f60997ba76e013,Một Ngày Mùa Đông,Various Artists,V-Pop,zingmp3_title_artist_search,https://zingmp3.vn/bai-hat/Mot-Ngay-Mua-Dong-Bao-Anh/qMba0JIbUIGG.html,Một Ngày Mùa Đông,Bảo Anh,0.841,low,"[{""id"":""el0RHYY9aI0v"",""name"":""Việt Nam"",""title"":""Việt Nam"",""alias"":""viet-nam"",""link"":""/the-loai-album/Viet-Nam/el0RHYY9aI0v.html""},{""id"":""iawjijA80yVd"",""name"":""V-Pop"",""title"":""V-Pop"",""alias"":""v-pop"",""link"":""/the-loai-album/V-Pop/iawjijA80yVd.html""}]; title_score=1.000; artist_score=0.364",found_needs_review,ZW60FEIU,https://zingmp3.vn/bai-hat/Mot-Ngay-Mua-Dong-Minh-Tuyet/ZW60FEIU.html,,pop,apple_music,DIFFERENT,HIGH
song_3b9d29276741bb45,Mỹ Nhân (Orinn Remix) – Đinh Đại Vũ | Nhạc Trẻ Remix EDM Tiktok Gây Nghiện Hay Nhất,Orinn Mix,V-Pop,youtube_description,https://www.youtube.com/watch?v=ckBc_1XnXhA,Mỹ Nhân (Orinn Remix) – Đinh Đại Vũ | Nhạc Trẻ Remix EDM Tiktok Gây Nghiện Hay Nhất,Orinn Mix,1.0,medium,Mỹ Nhân (Orinn Remix) – Đinh Đại Vũ | Nhạc Trẻ Remix EDM Tiktok Gây Nghiện Hay Nhất ▶Nghe nhiều hơn tại đây: https://dini.to/Deephouse ▶ Link Spotify: https://dme.fan/Remix/spotify ▶ Link Karaoke: http://bit.ly/MyNhanKaraoke ► Nghe Playlist Nhạc Tại: https,found_needs_review,,,https://www.youtube.com/watch?v=ckBc_1XnXhA,indie,allmusic,DIFFERENT,LOW
song_10a1df0ffea9150d,MỸ TÂM - ĐÚNG CŨNG THÀNH SAI | OFFICIAL MUSIC VIDEO,My Tam,Nhạc Tôn Giáo,youtube_description,https://www.youtube.com/watch?v=5_ozB0ImkYA,MỸ TÂM - ĐÚNG CŨNG THÀNH SAI | OFFICIAL MUSIC VIDEO,My Tam,1.0,medium,"shion, KENZO, BON MUA FASHION, MOSCHINO, PANDA, RIN BY CHUNG THANH PHONG, NTK LƯƠNG NGHỆ KỲ, NTK VO THANH CAN, NTK LÊ LONG, NTK TU TRUNG HIEU, NTK HOÀNG TONY, ADAM STORE. - Accessories: CHOPARD, HERMÈS, YSL, DIOR, LINHTRUCBUISPABAG, RIRI.WAREHOUSE, KHOEN STORE, NGÔ MẠNH ĐÔNG ĐÔNG, JUSTYLE. - Shoes: CASADEI, STUART WEIT",found_needs_review,,,https://www.youtube.com/watch?v=5_ozB0ImkYA,pop|v-pop|tết|folk|world|country,apple_music|zingmp3|discogs,DIFFERENT,HIGH
song_23364c7adbc9936a,Nger a.k.a MCK - SUY  | Official Lyric Video,MCK // Nger,Rap Việt,youtube_description,https://www.youtube.com/watch?v=q3HSr-Hfbag,Nger a.k.a MCK - SUY  | Official Lyric Video,MCK // Nger,1.0,medium,CDSL. Xin vui lòng liên hệ trước khi sử dụng cũng như re-upload dưới mọi hình thức. #Suy #MCK #MCKRapViệt #nger #rapviet #chungketrapviet #viechannel,found_needs_review,,,https://www.youtube.com/watch?v=q3HSr-Hfbag,alternative,nhaccuatui,DIFFERENT,LOW
song_7284a72e8dcbce6b,Nghi Ngờ - Ngô Kiến Huy ft Ninh Dương Lan Ngọc - event Dencos Luxury (bản đẹp),Ngô Kiến Huy,V-Pop,youtube_description,https://www.youtube.com/watch?v=G62Wq9URCsM,Nghi Ngờ - Ngô Kiến Huy ft Ninh Dương Lan Ngọc - event Dencos Luxury (bản đẹp),Ngô Kiến Huy,1.0,medium,#ngokienhuy #nghingo #ninhduonglanngoc #songca #vpop Nghi Ngờ - Ngô Kiến Huy ft Ninh Dương Lan Ngọc - event Dencos Luxury (bản đẹp) Mọi người bấm đăng ký kênh và bấm chuông để nhận thông báo video mới nhất của BẮP nha. ► Click đăng ký kênh: http://popsww.com/ngokie,found_needs_review,,,https://www.youtube.com/watch?v=G62Wq9URCsM,b việt,zingmp3,DIFFERENT,HIGH
song_43aeeabdac4d3325,Nguyễn Trần Trung Quân – Trong Trí Nhớ Của Anh (Official Music Video),Nguyễn Trần Trung Quân,V-Pop,zingmp3_title_artist_search,https://zingmp3.vn/bai-hat/Trong-Tri-Nho-Cua-Anh-Nguyen-Tran-Trung-Quan/TJsLr1LqRWuQ.html,Trong Trí Nhớ Của Anh,Nguyễn Trần Trung Quân,1.0,medium,"[{""id"":""el0RHYY9aI0v"",""name"":""Việt Nam"",""title"":""Việt Nam"",""alias"":""viet-nam"",""link"":""/the-loai-album/Viet-Nam/el0RHYY9aI0v.html""},{""id"":""iawjijA80yVd"",""name"":""V-Pop"",""title"":""V-Pop"",""alias"":""v-pop"",""link"":""/the-loai-album/V-Pop/iawjijA80yVd.html""}]; title_score=1.000; artist_score=1.000",found_needs_review,,,https://www.youtube.com/watch?v=S3YvgwfxJ68,pop|alternative,apple_music|allmusic,DIFFERENT,HIGH
song_50043a504ba1d30c,Ngàn Năm Tình Vẫn Đẹp - Phương Anh | Official MV,Phương Anh Bolero,Bolero,youtube_description,https://www.youtube.com/watch?v=QXNY-O0PScA,Ngàn Năm Tình Vẫn Đẹp - Phương Anh | Official MV,Phương Anh Bolero,1.0,medium,hớ Ngàn năm vẫn còn đẹp. ───────────────────── ➥Đây là kênh Youtube chính thức của ca sĩ Phương Anh Bolero. ➥Đừng quên đăng ký kênh để cập nhật những sản phẩm mới nhất nhé! ➥Đăng ký theo dõi kênh miễn phí tại: http://popsww.com/phuonganhbolero ───────────────────── ➥Connect with Phương Anh Bolero: ● Facebook: https://,found_needs_review,,,https://www.youtube.com/watch?v=QXNY-O0PScA,pop|trữ tình|alternative,apple_music|zingmp3|qobuz,DIFFERENT,HIGH
song_3cee35eeb9cc3245,Ngày Chưa Giông Bão,BÙI LAN HƯƠNG,Nhạc Phim,youtube_description,https://www.youtube.com/watch?v=vB3uwdZxab0,Ngày Chưa Giông Bão,BÙI LAN HƯƠNG,1.0,medium,"uTube by Yin Yang Media Ngày Chưa Giông Bão · Bùi Lan Hương Người Bất Tử (Original Motion Picture Soundtrack) ℗ 2018 Yin Yang Media Co., Ltd. Composer, Lyricist: Phan Mạnh Quỳnh Auto-generated by YouTube.",found_needs_review,,,https://www.youtube.com/watch?v=vB3uwdZxab0,pop|v-pop|folk|world|country|stage|screen|trữ tình|karaoke,apple_music|zingmp3|discogs,DIFFERENT,HIGH
song_4f9e3f464b07887a,Ngã Tư Đường - Hồ Quang Hiếu | Official MV,Hồ Quang Hiếu TV,V-Pop,zingmp3_title_artist_search,https://zingmp3.vn/bai-hat/Nga-Tu-Duong-Ho-Quang-Hieu/iCNC3B0nfqso.html,Ngã Tư Đường,Hồ Quang Hiếu,0.974,medium,"[{""id"":""el0RHYY9aI0v"",""name"":""Việt Nam"",""title"":""Việt Nam"",""alias"":""viet-nam"",""link"":""/the-loai-album/Viet-Nam/el0RHYY9aI0v.html""},{""id"":""iawjijA80yVd"",""name"":""V-Pop"",""title"":""V-Pop"",""alias"":""v-pop"",""link"":""/the-loai-album/V-Pop/iawjijA80yVd.html""}]; title_score=1.000; artist_score=0.897",found_needs_review,,,https://www.youtube.com/watch?v=MkKrPqYtkG0,soul|nhạc phim,apple_music|zingmp3,DIFFERENT,HIGH
song_51cc08af4ec7193a,NGÕ CHẠM - BIGDADDY x EMILY | OFFICIAL MUSIC VIDEO,BIGDADDY x EMILY,Rap Việt,zingmp3_title_artist_search,https://zingmp3.vn/bai-hat/Ngo-Cham-BigDaddy-Emily/TDbbskTPTZXT.html,Ngõ Chạm,"BigDaddy, Emily",0.983,medium,"[{""id"":""el0RHYY9aI0v"",""name"":""Việt Nam"",""title"":""Việt Nam"",""alias"":""viet-nam"",""link"":""/the-loai-album/Viet-Nam/el0RHYY9aI0v.html""},{""id"":""TqW0gmJ1dR5O"",""name"":""Rap Việt"",""title"":""Rap Việt"",""alias"":""rap-viet"",""link"":""/the-loai-album/Rap-Viet/TqW0gmJ1dR5O.html""}]; title_score=1.000; artist_score=0.933",found_needs_review,,,https://www.youtube.com/watch?v=lkzhGTwzDjc,hip hop|rap,apple_music,DIFFERENT,HIGH
song_c228759e031efaac,Người Khác (piano RnB) - Phan Mạnh Quỳnh [OFFICIAL MV],Phan Mạnh Quỳnh Official,V-Pop,zingmp3_title_artist_search,https://zingmp3.vn/bai-hat/Nguoi-Khac-20-CARATS-Phan-Manh-Quynh/eFGMoPNBTTNE.html,Người Khác,"20 CARATS, Phan Mạnh Quỳnh",0.903,medium,"[{""id"":""el0RHYY9aI0v"",""name"":""Việt Nam"",""title"":""Việt Nam"",""alias"":""viet-nam"",""link"":""/the-loai-album/Viet-Nam/el0RHYY9aI0v.html""},{""id"":""iawjijA80yVd"",""name"":""V-Pop"",""title"":""V-Pop"",""alias"":""v-pop"",""link"":""/the-loai-album/V-Pop/iawjijA80yVd.html""}]; title_score=1.000; artist_score=0.612",found_needs_review,,,https://www.youtube.com/watch?v=4mdyqwP4Dq0,pop,apple_music,DIFFERENT,HIGH
song_cc17e1e6c5605b98,Người Tình Và Quê Hương - Phương Anh (Official 4K MV),Phương Anh Bolero,Bolero,youtube_description,https://www.youtube.com/watch?v=JOENtcJYtJE,Người Tình Và Quê Hương - Phương Anh (Official 4K MV),Phương Anh Bolero,1.0,medium,h kia sẽ dừng lại ở đây. ───────────────────── ➥Đây là kênh Youtube chính thức của ca sĩ Phương Anh Bolero. ➥Đừng quên đăng ký kênh để cập nhật những sản phẩm mới nhất nhé! ➥Đăng ký theo dõi kênh miễn phí tại: http://popsww.com/phuonganhbolero ───────────────────── ➥Connect with Phương Anh Bolero: ● Facebook: https://,found_needs_review,,,https://www.youtube.com/watch?v=JOENtcJYtJE,traditional folk,apple_music,DIFFERENT,HIGH
song_8d0fcab97f9ce303,Ngốc | Hương Tràm | Yeah1 Superstar (Offical MV) | Nhạc trẻ hay mới nhất 2017,YEAH1 MUSIC,V-Pop,youtube_description,https://www.youtube.com/watch?v=zsqlxq85SXw,Ngốc | Hương Tràm | Yeah1 Superstar (Offical MV) | Nhạc trẻ hay mới nhất 2017,YEAH1 MUSIC,1.0,medium,Ngốc | Hương Tràm | Yeah1 Superstar (Offical MV) | Nhạc trẻ hay mới nhất 2017 Tên bài hát: Ngốc Trình bày: Hương Tràm Sáng tác: Khắc Việt Sản xuất âm nhạc: Khắc Việt ------------------------------------------- YEAH1 MUSIC - kênh giải trí âm nhạc lớn nhất dành cho giới,found_needs_review,,,https://www.youtube.com/watch?v=zsqlxq85SXw,j-pop|pop|house,nhaccuatui|nhac_vn,DIFFERENT,HIGH
song_c4cac5dfcedab092,Như Lời Đồn | Bảo Anh (Official MV) (#NLD),Bảo Anh,Dance Việt,zingmp3_title_artist_search,https://zingmp3.vn/bai-hat/Nhu-Loi-Don-Bao-Anh/ol5OLhFz7GsO.html,Như Lời Đồn,Bảo Anh,1.0,medium,"[{""id"":""el0RHYY9aI0v"",""name"":""Việt Nam"",""title"":""Việt Nam"",""alias"":""viet-nam"",""link"":""/the-loai-album/Viet-Nam/el0RHYY9aI0v.html""},{""id"":""70R9PC5gb3Sr"",""name"":""Dance Việt"",""title"":""Dance Việt"",""alias"":""dance-viet"",""link"":""/the-loai-album/Dance-Viet/70R9PC5gb3Sr.html""}]; title_score=1.000; artist_score=1.000",found_needs_review,,,https://www.youtube.com/watch?v=-tEH-bLsv34,trữ tình|bolero,nhaccuatui|shazam|nhac_vn|allmusic|qobuz|youtube,DIFFERENT,HIGH
song_9a578a3d21edfffa,Như Ngày Hôm Qua - Sơn Tùng M-TP「Lyrics」,NTT Music,V-Pop,zingmp3_title_artist_search,https://zingmp3.vn/bai-hat/Nhu-Ngay-Hom-Qua-Son-Tung-M-TP/tpaJ90h7TBhw.html,Như Ngày Hôm Qua,Sơn Tùng M-TP,0.841,low,"[{""id"":""el0RHYY9aI0v"",""name"":""Việt Nam"",""title"":""Việt Nam"",""alias"":""viet-nam"",""link"":""/the-loai-album/Viet-Nam/el0RHYY9aI0v.html""},{""id"":""iawjijA80yVd"",""name"":""V-Pop"",""title"":""V-Pop"",""alias"":""v-pop"",""link"":""/the-loai-album/V-Pop/iawjijA80yVd.html""}]; title_score=1.000; artist_score=0.364",found_needs_review,,,https://www.youtube.com/watch?v=ozKGi-4iipw,pop|trữ tình|bolero,apple_music|nhaccuatui|nhac_vn|shazam|allmusic|qobuz|youtube,DIFFERENT,HIGH
song_1a50b2bae358f2d1,Như Vậy Mãi Thôi (Valentine 2016) | Official MV | Noo Phước Thịnh,Noo Phước Thịnh,V-Pop,zingmp3_title_artist_search,https://zingmp3.vn/bai-hat/Nhu-Vay-Mai-Thoi-Noo-Phuoc-Thinh/XaPoB1pNeNhi.html,Như Vậy Mãi Thôi,Noo Phước Thịnh,1.0,medium,"[{""id"":""el0RHYY9aI0v"",""name"":""Việt Nam"",""title"":""Việt Nam"",""alias"":""viet-nam"",""link"":""/the-loai-album/Viet-Nam/el0RHYY9aI0v.html""},{""id"":""iawjijA80yVd"",""name"":""V-Pop"",""title"":""V-Pop"",""alias"":""v-pop"",""link"":""/the-loai-album/V-Pop/iawjijA80yVd.html""}]; title_score=1.000; artist_score=1.000",found_needs_review,,,https://www.youtube.com/watch?v=HlKAczUCGFU,pop|trữ tình|bolero,apple_music|nhaccuatui|nhac_vn|shazam|allmusic|qobuz|youtube,DIFFERENT,HIGH
song_5ec83d861a0b9550,Nhắn nhủ | Ronboogz (Lyrics video),Ronboogz,V-Pop,zingmp3_title_artist_search,https://zingmp3.vn/bai-hat/nhan-nhu-Ronboogz/Sj9b7XopPdmD.html,nhắn nhủ,Ronboogz,1.0,medium,"[{""id"":""el0RHYY9aI0v"",""name"":""Việt Nam"",""title"":""Việt Nam"",""alias"":""viet-nam"",""link"":""/the-loai-album/Viet-Nam/el0RHYY9aI0v.html""},{""id"":""iawjijA80yVd"",""name"":""V-Pop"",""title"":""V-Pop"",""alias"":""v-pop"",""link"":""/the-loai-album/V-Pop/iawjijA80yVd.html""}]; title_score=1.000; artist_score=1.000",found_needs_review,,,https://www.youtube.com/watch?v=vfKiaXKO44M,alternative,allmusic,DIFFERENT,LOW
song_d2cebe79094b9e80,Nhẹ Nhàng - Tuấn Hưng [ MV Official ],Tuấn Hưng,V-Pop,youtube_description,https://www.youtube.com/watch?v=CcvnuIxJcjo,Nhẹ Nhàng - Tuấn Hưng [ MV Official ],Tuấn Hưng,1.0,medium,Hưng - https://www.youtube.com/user/CasiTuanHungSACVIET?sub_confirmation=1 Tuấn Hưng là một ca sĩ nhạc trẻ của Việt Nam. Anh được công chúng biết đến qua vai trò là thành viên của nhóm nhạc Quả dưa hấu - nhóm nhạc nổi tiếng của Hà Nội vào những năm cuối thế kỉ 20. Tuấn Hưng còn là một ca sĩ solo với các ca khúc nổi t,found_needs_review,,,https://www.youtube.com/watch?v=CcvnuIxJcjo,pop,apple_music,DIFFERENT,HIGH
song_30f19029b153ea13,"NHỮNG CON SÔNG NGÓN TAY - HÀ TRẦN | OFFICIAL MV (OST phim MAI, Đạo Diễn Trấn Thành)",TRẤN THÀNH TOWN,Nhạc Phim,youtube_description,https://www.youtube.com/watch?v=ZV6xPL_te_g,"NHỮNG CON SÔNG NGÓN TAY - HÀ TRẦN | OFFICIAL MV (OST phim MAI, Đạo Diễn Trấn Thành)",TRẤN THÀNH TOWN,1.0,medium,"NHỮNG CON SÔNG NGÓN TAY - HÀ TRẦN | OFFICIAL MV (OST phim MAI, Đạo Diễn Trấn Thành) Nhạc: Trần Đức Minh Thơ: Phan Lê Hà 🌼Một câu chuyện tình yêu, bộ phim của đạo diễn Trấn Thành 🎟️MAI - ĐANG CHIẾU TẠI CÁC RẠP #PhimMai #TranThanh #Tet2024 -----------------------------",found_needs_review,,,https://www.youtube.com/watch?v=ZV6xPL_te_g,pop|v-pop,apple_music|zingmp3,DIFFERENT,HIGH
song_d0a0309c69cd06eb,Những Đêm Lạnh Giá,Kim Tuyến,Nhạc Trữ Tình,zingmp3_title_artist_search,https://zingmp3.vn/bai-hat/Nhung-Dem-Lanh-Gia-Dong-Truong/SEdx72fNIOpn.html,Những Đêm Lạnh Giá,Đông Trường,0.855,low,"[{""id"":""el0RHYY9aI0v"",""name"":""Việt Nam"",""title"":""Việt Nam"",""alias"":""viet-nam"",""link"":""/the-loai-album/Viet-Nam/el0RHYY9aI0v.html""},{""id"":""brC6BYOzAGjo"",""name"":""Nhạc Trữ Tình"",""title"":""Nhạc Trữ Tình"",""alias"":""nhac-tru-tinh"",""link"":""/the-loai-album/Nhac-Tru-Tinh/brC6BYOzAGjo.html""}]; title_score=1.000; artist_score=0.421",found_needs_review,Z6BU0ZBD,https://zingmp3.vn/bai-hat/Nhung-Dem-Lanh-Gia-Kim-Tuyen/Z6BU0ZBD.html,,pop,apple_music,DIFFERENT,HIGH
song_2ec6b58b228da708,Nickelback - How You Remind Me,Nickelback,Âu Mỹ | Rap / Hip Hop,zingmp3_title_artist_search,https://zingmp3.vn/bai-hat/NiCKELBACK-CHLOBOCOP/DXZXM87SS5RG.html,NiCKELBACK,CHLOBOCOP,0.855,low,"[{""id"":""q3564DMx4CZN"",""name"":""Âu Mỹ"",""title"":""Âu Mỹ"",""alias"":""au-my"",""link"":""/the-loai-album/Au-My/q3564DMx4CZN.html""},{""id"":""XS3QXI9JwoS"",""name"":""Rap / Hip Hop"",""title"":""Rap / Hip Hop"",""alias"":""rap-hip-hop"",""link"":""/the-loai-album/Rap-Hip-Hop/XS3QXI9JwoS.html""}]; title_score=1.000; artist_score=0.421",found_needs_review,,,https://www.youtube.com/watch?v=1cQh1ccqu8M,rock|alternative rock|grunge,apple_music|discogs,DIFFERENT,HIGH
song_5d195eef1d9283ea,Nickelback - Rockstar [OFFICIAL VIDEO],Roadrunner Records,Âu Mỹ | Rap / Hip Hop,zingmp3_title_artist_search,https://zingmp3.vn/bai-hat/ROCKSTAR-Fresh-Records-jenario-mc-Abaddie/RGdinLhMnaRU.html,ROCKSTAR,"Fresh Records, jenario mc, Abaddie",0.85,low,"[{""id"":""q3564DMx4CZN"",""name"":""Âu Mỹ"",""title"":""Âu Mỹ"",""alias"":""au-my"",""link"":""/the-loai-album/Au-My/q3564DMx4CZN.html""},{""id"":""XS3QXI9JwoS"",""name"":""Rap / Hip Hop"",""title"":""Rap / Hip Hop"",""alias"":""rap-hip-hop"",""link"":""/the-loai-album/Rap-Hip-Hop/XS3QXI9JwoS.html""}]; title_score=1.000; artist_score=0.400",found_needs_review,,,https://www.youtube.com/watch?v=DmeUuoxyt_E,pop|rock|alternative rock|arena rock|hard rock,zingmp3|discogs,DIFFERENT,HIGH
song_7dbe49ff7077bfc0,NIỀM TIN TRONG TA | MINH HẰNG - VÕ HOÀNG YẾN - TEAM MINH HẰNG THE FACE | OFFICIAL MUSIC VIDEO,Minh Hằng Official,V-Pop,zingmp3_title_artist_search,https://zingmp3.vn/bai-hat/Niem-Tin-Trong-Ta-Minh-Hang/ghVXXKiAeax7.html,Niem Tin Trong Ta,Minh Hằng,0.917,medium,"[{""id"":""el0RHYY9aI0v"",""name"":""Việt Nam"",""title"":""Việt Nam"",""alias"":""viet-nam"",""link"":""/the-loai-album/Viet-Nam/el0RHYY9aI0v.html""},{""id"":""iawjijA80yVd"",""name"":""V-Pop"",""title"":""V-Pop"",""alias"":""v-pop"",""link"":""/the-loai-album/V-Pop/iawjijA80yVd.html""}]; title_score=1.000; artist_score=0.667",found_needs_review,,,https://www.youtube.com/watch?v=EJ3trhhKBVw,pop,web_search,DIFFERENT,LOW
song_42835555a6f4d0e2,[No Copyright Music] Fumont - Faces [Electronic],BreakingCopyright — Royalty Free Music,EDM Việt,youtube_description,https://www.youtube.com/watch?v=yZ8uDJ1LIj4,[No Copyright Music] Fumont - Faces [Electronic],BreakingCopyright — Royalty Free Music,1.0,medium,ont-faces - - - - - - - - - - - - - - - - - - - - - - - - - - - - - - - - - - 🔊 Similar music: • Electronic music playlist: https://www.youtube.com/playlist?list=PLfP6i5T0-DkJidyXq46NWJf7QBkEu8gKt • Instrumental music playlist: https://www.youtube.com/playlist?list=PLfP6i5T0-DkJPT4dkMAr0PwRq1m25UtoO • Background m,found_needs_review,,,https://www.youtube.com/watch?v=yZ8uDJ1LIj4,pop|dance-pop,nhaccuatui|nhac_vn|shazam|allmusic|qobuz|youtube,DIFFERENT,HIGH
song_1925deb16caad4fe,[No Copyright Music] WOWA - Just Cool [Hip Hop Beat],BreakingCopyright — Royalty Free Music,Rap Việt,youtube_description,https://www.youtube.com/watch?v=tdYL5ZITbGg,[No Copyright Music] WOWA - Just Cool [Hip Hop Beat],BreakingCopyright — Royalty Free Music,1.0,medium,[No Copyright Music] WOWA - Just Cool [Hip Hop Beat] • Subscribe now: https://goo.gl/ZlUPcl ––– 〉Song info: Genre: Hip hop Name: Just Cool Artists: WOWA Free download: https://soundcloud.com/wowamusik/just-cool-cc0-free-download-use-urban-wowame Features:,found_needs_review,,,https://www.youtube.com/watch?v=tdYL5ZITbGg,pop|dance-pop,nhaccuatui|shazam|nhac_vn|allmusic|qobuz|youtube,DIFFERENT,HIGH
song_e24ed9979661d286,[Non Copyrighted Music] Altro & Galactic Eye - Away [Electronic],BreakingCopyright — Royalty Free Music,EDM Việt,youtube_description,https://www.youtube.com/watch?v=ch9DJIslcb8,[Non Copyrighted Music] Altro & Galactic Eye - Away [Electronic],BreakingCopyright — Royalty Free Music,1.0,medium,-eye-away - - - - - - - - - - - - - - - - - - - - - - - - - - - - - - - - - - 🔊 Similar music: • Electronic music playlist: https://www.youtube.com/playlist?list=PLfP6i5T0-DkJidyXq46NWJf7QBkEu8gKt • Instrumental music playlist: https://www.youtube.com/playlist?list=PLfP6i5T0-DkJPT4dkMAr0PwRq1m25UtoO • Background m,found_needs_review,,,https://www.youtube.com/watch?v=ch9DJIslcb8,country,nhaccuatui|nhac_vn|shazam|allmusic|qobuz|youtube,DIFFERENT,HIGH
song_3d4fd6548afa662b,[Non Copyrighted Music] Cjbeards - Winter Breeze [Electronic],BreakingCopyright — Royalty Free Music,EDM Việt,youtube_description,https://www.youtube.com/watch?v=iv1gitOQORs,[Non Copyrighted Music] Cjbeards - Winter Breeze [Electronic],BreakingCopyright — Royalty Free Music,1.0,medium,er-breeze - - - - - - - - - - - - - - - - - - - - - - - - - - - - - - - - - - 🔊 Similar music: • Electronic music playlist: https://www.youtube.com/playlist?list=PLfP6i5T0-DkJidyXq46NWJf7QBkEu8gKt • Instrumental music playlist: https://www.youtube.com/playlist?list=PLfP6i5T0-DkJPT4dkMAr0PwRq1m25UtoO • Background m,found_needs_review,,,https://www.youtube.com/watch?v=iv1gitOQORs,country,nhaccuatui|nhac_vn|shazam|allmusic|qobuz|youtube,DIFFERENT,HIGH
song_100438dba41a7e71,[Non Copyrighted Music] Electro-Light - Symbolism (Mi77er Remix) [Electronic],BreakingCopyright — Royalty Free Music,EDM Việt,youtube_description,https://www.youtube.com/watch?v=HLXm2IV1pdk,[Non Copyrighted Music] Electro-Light - Symbolism (Mi77er Remix) [Electronic],BreakingCopyright — Royalty Free Music,1.0,medium,7er-remix - - - - - - - - - - - - - - - - - - - - - - - - - - - - - - - - - - 🔊 Similar music: • Electronic music playlist: https://www.youtube.com/playlist?list=PLfP6i5T0-DkJidyXq46NWJf7QBkEu8gKt • Instrumental music playlist: https://www.youtube.com/playlist?list=PLfP6i5T0-DkJPT4dkMAr0PwRq1m25UtoO • Background m,found_needs_review,,,https://www.youtube.com/watch?v=HLXm2IV1pdk,country,nhaccuatui|shazam|nhac_vn|allmusic|qobuz|youtube,DIFFERENT,HIGH
song_22c93cd094707ce7,[Non Copyrighted Music] @JoakimKarud - Great Days [R&B],BreakingCopyright — Royalty Free Music,Nhạc Phim,youtube_description,https://www.youtube.com/watch?v=_bipJ2xFNoY,[Non Copyrighted Music] @JoakimKarud - Great Days [R&B],BreakingCopyright — Royalty Free Music,1.0,medium,reat-days - - - - - - - - - - - - - - - - - - - - - - - - - - - - - - - - - - 🔊 Similar music: • Soundtrack music playlist: https://www.youtube.com/playlist?list=PLfP6i5T0-DkJrnqw3dPu-FDPAXcCaz8X- • Instrumental music playlist: https://www.youtube.com/playlist?list=PLfP6i5T0-DkJPT4dkMAr0PwRq1m25UtoO • Background m,found_needs_review,,,https://www.youtube.com/watch?v=_bipJ2xFNoY,country,nhaccuatui|nhac_vn|shazam|allmusic|qobuz|youtube,DIFFERENT,HIGH
song_9c9b96cb14f9b151,*NSYNC - Bye Bye Bye (Lyrics) (Deadpool 3 Soundtrack),7clouds,Nhạc Phim,youtube_description,https://www.youtube.com/watch?v=2ydCvkxuNm4,*NSYNC - Bye Bye Bye (Lyrics) (Deadpool 3 Soundtrack),7clouds,1.0,medium,7clouds playlist on Spotify : http://spoti.fi/2SJsUcZ ​🎧 *NSYNC - Bye Bye Bye (Lyrics) (Deadpool 3 Soundtrack) ⏬ Download / Stream: 🔔 Turn on notifications to stay updated with new uploads! ❤️ Follow our Spotify playlists: http://bit.ly/7cloudsSpotify 💪 Workout Music: http://workout.7clouds.link 🎮 Gaming Music: http,found_needs_review,,,https://www.youtube.com/watch?v=2ydCvkxuNm4,pop,apple_music,DIFFERENT,HIGH
song_5979b0e0554898a1,Nàng Thơ - Hoàng Dũng / OFFICIAL,Chang,V-Pop,zingmp3_title_artist_search,https://zingmp3.vn/bai-hat/Nang-Tho-Hoang-Dung/ZqfoKtrd1H7M.html,Nàng Thơ,Hoàng Dũng,0.883,medium,"[{""id"":""el0RHYY9aI0v"",""name"":""Việt Nam"",""title"":""Việt Nam"",""alias"":""viet-nam"",""link"":""/the-loai-album/Viet-Nam/el0RHYY9aI0v.html""},{""id"":""iawjijA80yVd"",""name"":""V-Pop"",""title"":""V-Pop"",""alias"":""v-pop"",""link"":""/the-loai-album/V-Pop/iawjijA80yVd.html""}]; title_score=1.000; artist_score=0.533",found_needs_review,,,https://www.youtube.com/watch?v=e89-sUH-_Is,pop|trữ tình,apple_music|zingmp3,DIFFERENT,HIGH
song_1c1708bd642a2aec,Nàng Thơ Xứ Huế,Forest Studio - Topic,Nhạc Trữ Tình,zingmp3_title_artist_search,https://zingmp3.vn/bai-hat/Nang-Tho-Xu-Hue-So-Dien-Cuoc-Doi/kqFYCdFmTxjA.html,Nàng Thơ Xứ Huế,Sô Diễn Cuộc Đời,0.868,low,"[{""id"":""el0RHYY9aI0v"",""name"":""Việt Nam"",""title"":""Việt Nam"",""alias"":""viet-nam"",""link"":""/the-loai-album/Viet-Nam/el0RHYY9aI0v.html""},{""id"":""brC6BYOzAGjo"",""name"":""Nhạc Trữ Tình"",""title"":""Nhạc Trữ Tình"",""alias"":""nhac-tru-tinh"",""link"":""/the-loai-album/Nhac-Tru-Tinh/brC6BYOzAGjo.html""}]; title_score=1.000; artist_score=0.471",found_needs_review,,,https://www.youtube.com/watch?v=IKjaFvg-RE4,pop|v-pop,apple_music|zingmp3,DIFFERENT,HIGH
song_57c2943ca91a1ee2,Níu Duyên (Orinn Remix) - Lê Bảo Bình | Nhạc Trẻ Remix Căng Cực Gây Nghiện Hay Nhất 2020,Orinn Mix,V-Pop,youtube_description,https://www.youtube.com/watch?v=BB4vGtNnzwk,Níu Duyên (Orinn Remix) - Lê Bảo Bình | Nhạc Trẻ Remix Căng Cực Gây Nghiện Hay Nhất 2020,Orinn Mix,1.0,medium,ORINN REMIX: Níu Duyên (Orinn Remix) - Lê Bảo Bình | Nhạc Trẻ Remix Căng Cực Gây Nghiện Hay Nhất 2020 #niuduyenremix #lebaobinh #orinnremix ► Website: https://daoentertainment.com/ ► Nghe Playlist Nhạc Tại: https://dini.to/playlistremix ► Đăng Kí Theo Dõi Youtube Orinn t,found_needs_review,,,https://www.youtube.com/watch?v=BB4vGtNnzwk,soul,nhaccuatui,DIFFERENT,LOW
song_b4a450113bf4aaa3,Nói Chia Tay Thật Khó | Thùy Chi ft. Trấn Thành | Official MV Lyrics,THÙY CHI OFFICIAL,V-Pop,zingmp3_title_artist_search,https://zingmp3.vn/bai-hat/Noi-Chia-Tay-That-Kho-Thuy-Chi/Xw4Iuw6zaxc3.html,Nói Chia Tay Thật Khó,Thùy Chi,0.91,medium,"[{""id"":""el0RHYY9aI0v"",""name"":""Việt Nam"",""title"":""Việt Nam"",""alias"":""viet-nam"",""link"":""/the-loai-album/Viet-Nam/el0RHYY9aI0v.html""},{""id"":""iawjijA80yVd"",""name"":""V-Pop"",""title"":""V-Pop"",""alias"":""v-pop"",""link"":""/the-loai-album/V-Pop/iawjijA80yVd.html""}]; title_score=1.000; artist_score=0.640",found_needs_review,,,https://www.youtube.com/watch?v=wZJ6Mcra0C4,pop|folk|world|country|ballad|trữ tình,discogs,DIFFERENT,HIGH
song_51d7cddbf9d06892,Năm Tháng Vội Vã,Hiền Thục,Radio Online,zingmp3_title_artist_search,https://zingmp3.vn/bai-hat/NAM-THANG-VOI-VA-Lieu-Ha-Trinh/7U2JzBjm0ddz.html,NĂM THÁNG VỘI VÃ,Liêu Hà Trinh,0.864,low,"[{""id"":""el0RHYY9aI0v"",""name"":""Việt Nam"",""title"":""Việt Nam"",""alias"":""viet-nam"",""link"":""/the-loai-album/Viet-Nam/el0RHYY9aI0v.html""},{""id"":""vSJ0Qp3zpjwx"",""name"":""Radio Online"",""title"":""Radio Online"",""alias"":""radio-online"",""link"":""/the-loai-album/Radio-Online/vSJ0Qp3zpjwx.html""}]; title_score=1.000; artist_score=0.455",found_needs_review,,,https://www.youtube.com/watch?v=okogYl5bTQk,pop|v-pop|folk|world|country,apple_music|zingmp3|discogs,DIFFERENT,HIGH
song_00a0ef5753cd9e4c,Nơi Mình Dừng Chân - Mỹ Tâm (OST Chị Trợ Lý Của Anh) | OFFICIAL MUSIC VIDEO 4K,My Tam,Nhạc Phim,youtube_description,https://www.youtube.com/watch?v=r7HA_9rKIMI,Nơi Mình Dừng Chân - Mỹ Tâm (OST Chị Trợ Lý Của Anh) | OFFICIAL MUSIC VIDEO 4K,My Tam,1.0,medium,"Ca khúc ""Nơi Mình Dừng Chân"", nhạc phim ""Chị Trợ Lý Của Anh"", do Mỹ Tâm thể hiện. Bản quyền thuộc về MT Entertainment. #mytam #chitrolycuaanh #noiminhdungchan Phim điện ảnh ""Chị Trợ Lý Của Anh"" đang được chiếu tại các rạp trên toàn quốc. - Compose",found_needs_review,,,https://www.youtube.com/watch?v=r7HA_9rKIMI,pop,apple_music,DIFFERENT,HIGH
song_0b3fa6083c0237ac,Nơi Mình Dừng Chân (Pop Ver.) - Mỹ Tâm (OST Chị Trợ Lý Của Anh),My Tam,Nhạc Phim,youtube_description,https://www.youtube.com/watch?v=zjxM-mllgyI,Nơi Mình Dừng Chân (Pop Ver.) - Mỹ Tâm (OST Chị Trợ Lý Của Anh),My Tam,1.0,medium,"Ca khúc ""Nơi Mình Dừng Chân"", nhạc phim ""Chị Trợ Lý Của Anh"", do Mỹ Tâm thể hiện. Bản quyền thuộc về MT Entertainment. #mytam #chitrolycuaanh #noiminhdungchan Phim điện ảnh ""Chị Trợ Lý Của Anh"" đang được chiếu tại các rạp trên toàn quốc. - Compose",found_needs_review,,,https://www.youtube.com/watch?v=zjxM-mllgyI,pop,apple_music,DIFFERENT,HIGH
song_1553ea3aea9832a6,Nơi Ta Chờ Em (Em Chưa 18 Original Soundtrack),Will - Topic,Nhạc Phim,youtube_description,https://www.youtube.com/watch?v=940B8i0t2cU,Nơi Ta Chờ Em (Em Chưa 18 Original Soundtrack),Will - Topic,1.0,medium,Provided to YouTube by The Orchard Enterprises Nơi Ta Chờ Em (Em Chưa 18 Original Soundtrack) · Will · Rhymastic Nơi Ta Chờ Em (Em Chưa 18 Original Soundtrack) ℗ 2020 Will Released on: 2020-01-01 Music Publisher: Zing MP3 Auto-generated by YouTube.,found_needs_review,,,https://www.youtube.com/watch?v=940B8i0t2cU,pop,apple_music,DIFFERENT,HIGH
song_a1b59a0c64c7b83e,Nơi Tình Yêu Kết Thúc [ lyric video ] - Bùi Anh Tuấn,Egg,Nhạc Phim,youtube_description,https://www.youtube.com/watch?v=4S0jwsH7WYw,Nơi Tình Yêu Kết Thúc [ lyric video ] - Bùi Anh Tuấn,Egg,1.0,medium,Nơi Tình Yêu Kết Thúc Sáng tác: Tiến Minh #noitinhyeuketthuc #buianhtuan #egg #nhacphim #giotnuocroi Video by Egg ★ FOLLOW Egg ▶▶ Youtube: http://bit.ly/2AefBoy --------------------------- 🔔 Note: * Egg đơn giản là muốn chia sẻ các bài hát mà có thể bạn chưa bao giờ nghe. * Nếu có bất cứ thắc mắc,found_needs_review,,,https://www.youtube.com/watch?v=4S0jwsH7WYw,pop,apple_music,DIFFERENT,HIGH
song_5df4183e2f7ee839,Nến Và Hoa,Rhymastic Official,Rap Việt,zingmp3_title_artist_search,https://zingmp3.vn/bai-hat/Nen-Va-Hoa-Rhymastic/azbdZLvjrx9c.html,Nến Và Hoa,Rhymastic,0.917,medium,"[{""id"":""el0RHYY9aI0v"",""name"":""Việt Nam"",""title"":""Việt Nam"",""alias"":""viet-nam"",""link"":""/the-loai-album/Viet-Nam/el0RHYY9aI0v.html""},{""id"":""TqW0gmJ1dR5O"",""name"":""Rap Việt"",""title"":""Rap Việt"",""alias"":""rap-viet"",""link"":""/the-loai-album/Rap-Viet/TqW0gmJ1dR5O.html""}]; title_score=1.000; artist_score=0.667",found_needs_review,,,https://www.youtube.com/watch?v=WnvUDdie1mc,hip hop|rap|dance việt|#rapper #love #chill,apple_music|zingmp3|musicbrainz,DIFFERENT,HIGH
song_88faae2b3f430366,Nụ Hôn Biệt Ly,Ung Hoang Phuc,V-Pop,zingmp3_title_artist_search,https://zingmp3.vn/bai-hat/Nu-Hon-Biet-Ly-Ho-Quang-Hieu/JBTK9mZt7u78.html,Nụ Hôn Biệt Ly,Hồ Quang Hiếu,0.861,low,"[{""id"":""el0RHYY9aI0v"",""name"":""Việt Nam"",""title"":""Việt Nam"",""alias"":""viet-nam"",""link"":""/the-loai-album/Viet-Nam/el0RHYY9aI0v.html""},{""id"":""iawjijA80yVd"",""name"":""V-Pop"",""title"":""V-Pop"",""alias"":""v-pop"",""link"":""/the-loai-album/V-Pop/iawjijA80yVd.html""}]; title_score=1.000; artist_score=0.444",found_needs_review,ZWZAOEEU,https://zingmp3.vn/bai-hat/Nu-Hon-Biet-Ly-Ung-Hoang-Phuc/ZWZAOEEU.html,,pop,apple_music,DIFFERENT,HIGH
song_daf9ec6dc61c27be,Oasis - Don't Look Back In Anger (Official Video),Oasis,Hàn Quốc | Dance Pop,zingmp3_title_artist_search,https://zingmp3.vn/bai-hat/Oasis-BEAST/5Dp9jPPMZ8pz.html,Oasis,BEAST,0.85,low,"[{""id"":""XwxeLj1drHUZ"",""name"":""Hàn Quốc"",""title"":""Hàn Quốc"",""alias"":""han-quoc"",""link"":""/the-loai-album/Han-Quoc/XwxeLj1drHUZ.html""},{""id"":""r9ZxUerxo8dF"",""name"":""Dance Pop"",""title"":""Dance Pop"",""alias"":""dance-pop"",""link"":""/the-loai-album/Dance-Pop/r9ZxUerxo8dF.html""}]; title_score=1.000; artist_score=0.400",found_needs_review,,,https://www.youtube.com/watch?v=r8OipmKFDeM,indie rock|rock|roll|britpop|alternative,apple_music|discogs|qobuz,DIFFERENT,HIGH
song_f3db61eb2d15088e,[OFFICIAL MV] EM TAO HIP HOP - Jombie Ft Lục Lăng & Endless,G5R SQUAD Official,Rap Việt,youtube_description,https://www.youtube.com/watch?v=vzd253ngu1w,[OFFICIAL MV] EM TAO HIP HOP - Jombie Ft Lục Lăng & Endless,G5R SQUAD Official,1.0,medium,EM TAO HIP HOP - Jombie Ft Lục Lăng & Endless Link Soud : https://soundcloud.com/g5r-squad/g5raudio-em-tao- hiphop-jombie-ft-luc-lang-endless Prod. By Quinzy Souza QT Master Facebook: https://www.facebook.com/G5R.Music/ Lyric m,found_needs_review,,,https://www.youtube.com/watch?v=vzd253ngu1w,pop|dance,apple_music|nhaccuatui|nhac_vn|shazam|allmusic|qobuz|youtube,DIFFERENT,HIGH
song_0461833932a2f7d9,OFFICIAL MV - OVER YOU - TIÊN TIÊN,Tiên Tiên,R&B Việt,zingmp3_title_artist_search,https://zingmp3.vn/bai-hat/Over-You-Tien-Tien/kTfifBCxFozM.html,Over You,Tiên Tiên,1.0,medium,"[{""id"":""el0RHYY9aI0v"",""name"":""Việt Nam"",""title"":""Việt Nam"",""alias"":""viet-nam"",""link"":""/the-loai-album/Viet-Nam/el0RHYY9aI0v.html""},{""id"":""Qvf5V6XIXLP3"",""name"":""R&B Việt"",""title"":""R&B Việt"",""alias"":""r-b-viet"",""link"":""/the-loai-album/R-B-Viet/Qvf5V6XIXLP3.html""}]; title_score=1.000; artist_score=1.000",found_needs_review,,,https://www.youtube.com/watch?v=BYxuoNYaWFY,v-pop|dance,zingmp3|nhaccuatui|nhac_vn|shazam|allmusic|qobuz|youtube,DIFFERENT,HIGH
song_50f661e8c51a9bc2,OFFICIAL MV - ĐI VỀ ĐÂU - TIÊN TIÊN,Tiên Tiên,R&B Việt,zingmp3_title_artist_search,https://zingmp3.vn/bai-hat/Di-Ve-Dau-Tien-Tien/OXpSvYPonlRn.html,Đi Về Đâu,Tiên Tiên,1.0,medium,"[{""id"":""el0RHYY9aI0v"",""name"":""Việt Nam"",""title"":""Việt Nam"",""alias"":""viet-nam"",""link"":""/the-loai-album/Viet-Nam/el0RHYY9aI0v.html""},{""id"":""Qvf5V6XIXLP3"",""name"":""R&B Việt"",""title"":""R&B Việt"",""alias"":""r-b-viet"",""link"":""/the-loai-album/R-B-Viet/Qvf5V6XIXLP3.html""}]; title_score=1.000; artist_score=1.000",found_needs_review,,,https://www.youtube.com/watch?v=t7vSqJ_2n20,soul|b việt|dance,apple_music|zingmp3|nhaccuatui|nhac_vn|shazam|allmusic|qobuz|youtube,DIFFERENT,HIGH
song_6b2459e970659e52,OFFICIAL MV | Để Em Rời Xa - HẠNH SINO,Stella Shine,V-Pop,zingmp3_title_artist_search,https://zingmp3.vn/bai-hat/De-Em-Roi-Xa-Hanh-Sino/LpwO1n7Hp6Xb.html,Để Em Rời Xa,Hạnh Sino,0.869,low,"[{""id"":""el0RHYY9aI0v"",""name"":""Việt Nam"",""title"":""Việt Nam"",""alias"":""viet-nam"",""link"":""/the-loai-album/Viet-Nam/el0RHYY9aI0v.html""},{""id"":""iawjijA80yVd"",""name"":""V-Pop"",""title"":""V-Pop"",""alias"":""v-pop"",""link"":""/the-loai-album/V-Pop/iawjijA80yVd.html""}]; title_score=1.000; artist_score=0.476",found_needs_review,,,https://www.youtube.com/watch?v=2teqS8Pgbpo,dance,nhaccuatui|nhac_vn|shazam|allmusic|qobuz|youtube,DIFFERENT,HIGH
song_0aaa02263b841cbf,[OST Thưa Mẹ Con Đi / Goodbye Mother] Cảm Ơn Và Xin Lỗi - Chillies,Chillies,Nhạc Phim,youtube_description,https://www.youtube.com/watch?v=DQDu60-C-ns,[OST Thưa Mẹ Con Đi / Goodbye Mother] Cảm Ơn Và Xin Lỗi - Chillies,Chillies,1.0,medium,"----------------- Phim Thưa Mẹ Con Đi dự kiến khởi chiếu tại các rạp trên toàn quốc từ 16.08.2019 [OST Thưa Mẹ Con Đi / Goodbye Mother] Written by Duy Khang Arranged by Nhim Bien, Bao Le, Phuoc Nguyen, Sy Phu Produced by Chillies Illustrator and Editor: Ưn Ưn ----------------------------------------------------- Fa",found_needs_review,,,https://www.youtube.com/watch?v=DQDu60-C-ns,pop,apple_music,DIFFERENT,HIGH
song_a923be1a7fe9d669,Pantheon II [Ophelia Mega Collab],SEVENLIONS,EDM Việt,youtube_description,https://www.youtube.com/watch?v=I32DDidgiYs,Pantheon II [Ophelia Mega Collab],SEVENLIONS,1.0,medium,"across a wide range of genres. In just five years, Ophelia has become one of the hottest labels in electronic music thanks to its tight-knit community and ability to connect fans of melodic bass, dubstep, trance, psytrance, drum & bass, house and beyond. Releases have picked up support on flagship playlists across DSP",found_needs_review,,,https://www.youtube.com/watch?v=I32DDidgiYs,dance|country,apple_music|nhac_vn,DIFFERENT,HIGH
song_9555335e66793be0,Paramore: Decode [OFFICIAL VIDEO],Paramore,Nhạc Phim,youtube_description,https://www.youtube.com/watch?v=RvnkAtWcKYg,Paramore: Decode [OFFICIAL VIDEO],Paramore,1.0,medium,Paramore's music video for 'Decode' from the soundtrack to Twilight - available now on Atlantic Records at http://smarturl.it/twilightsoundtrack Go behind the scenes of this video at http://youtu.be/X4Qpc8rXsm0 Site: http://paramore.net Store: http://store.paramo,found_needs_review,,,https://www.youtube.com/watch?v=RvnkAtWcKYg,alternative|pop|rock|alternative rock,apple_music|zingmp3|discogs|qobuz,DIFFERENT,HIGH
song_ed588cea4d37df1f,PHI HÀNH GIA CÔ ĐƠN (LYRIC VIDEO) | VŨ CÁT TƯỜNG,9asic,Nhạc Phim,youtube_description,https://www.youtube.com/watch?v=B0q24P7tgKU,PHI HÀNH GIA CÔ ĐƠN (LYRIC VIDEO) | VŨ CÁT TƯỜNG,9asic,1.0,medium,: https://www.youtube.com/watch?v=6EBo-f7qw6c&lc=UgwbZ8BlwIYgxX2hyrV4AaABAg Kích cổ (Hạo Lan Truyện Ost): https://youtu.be/USUT2Vgy7xM Speechless (Aladdin Ost): https://youtu.be/yvenAwtiMtE ***** Like và Subscribe kênh để cập nhật thêm nhiều video khác nhé! 👉 Facebook: https://www.facebook.com/Liveit.Basic/ 👉 Instagr,found_needs_review,,,https://www.youtube.com/watch?v=B0q24P7tgKU,metal,web_search,DIFFERENT,LOW
song_f84bb7c449cc3e51,Pháo Hồng (H2O Remix) - Đạt Long Vinh | Nụ Cười Ai Nát Lòng Ngày Mai Em Lấy Chồng Hot TikTok,H2O Remix,V-Pop,youtube_description,https://www.youtube.com/watch?v=Xlvr4A4hmhM,Pháo Hồng (H2O Remix) - Đạt Long Vinh | Nụ Cười Ai Nát Lòng Ngày Mai Em Lấy Chồng Hot TikTok,H2O Remix,1.0,medium,"--------- © Bản quyền Video thuộc về H2O Remix. © Copyright by H2O Remix ☞ Do not Reup • Hashtag: nhạc trẻ, nhac tre, nhạc remix, nhac remix #Phaohong #DatLongVinh #H2Oremix",found_needs_review,,,https://www.youtube.com/watch?v=Xlvr4A4hmhM,edm việt|rap,zingmp3|nhaccuatui|nhac_vn|shazam|allmusic|qobuz|youtube,DIFFERENT,HIGH
song_97c2e56578af1f6a,PHÁP KIỀU - CUNG TÊN TÌNH YÊU  (prod.By Jase) | OFFICIAL MUSIC VIDEO,Pháp Kiều,Rap Việt,youtube_description,https://www.youtube.com/watch?v=UamN4zQDgPY,PHÁP KIỀU - CUNG TÊN TÌNH YÊU  (prod.By Jase) | OFFICIAL MUSIC VIDEO,Pháp Kiều,1.0,medium,- 🌈 Cảm ơn các anh chị và các bạn đã ủng hộ Pháp Kiều trong suốt thời gian vừa qua trong hành trình Rap Việt 🌟 Ủng hộ Kiều bằng cách Subscribe và bật thông báo kênh @phapkieubarbz và 'replay' những sản phẩm âm nhạc của Kiều nhé! • Fanpage: https://www.facebook.com/phapkieubarbz • TikTok: https://www.tiktok.com/@phapk,found_needs_review,,,https://www.youtube.com/watch?v=UamN4zQDgPY,afro-pop|v-pop,apple_music|zingmp3,DIFFERENT,HIGH
song_0ab93b5d33b86da2,Phương Mỹ Chi x DTAP - Gối Gấm (em với rối rắm) | Official Music Video,Phương Mỹ Chi,V-Pop,zingmp3_title_artist_search,https://zingmp3.vn/bai-hat/Goi-Gam-Phuong-My-Chi-DTAP/eso2sUEhXrSJ.html,Gối Gấm,"Phương Mỹ Chi, DTAP",0.96,medium,"[{""id"":""el0RHYY9aI0v"",""name"":""Việt Nam"",""title"":""Việt Nam"",""alias"":""viet-nam"",""link"":""/the-loai-album/Viet-Nam/el0RHYY9aI0v.html""},{""id"":""iawjijA80yVd"",""name"":""V-Pop"",""title"":""V-Pop"",""alias"":""v-pop"",""link"":""/the-loai-album/V-Pop/iawjijA80yVd.html""}]; title_score=1.000; artist_score=0.839",found_needs_review,,,https://www.youtube.com/watch?v=4SFEYNJyYaE,pop,apple_music,DIFFERENT,HIGH
song_0c162b152fdb06ad,Phải Chia Tay Thôi (#PCTT) | Tuấn Hưng | Official Lyrics Video,Tuấn Hưng,V-Pop,youtube_description,https://www.youtube.com/watch?v=x2ZdnWIzsno,Phải Chia Tay Thôi (#PCTT) | Tuấn Hưng | Official Lyrics Video,Tuấn Hưng,1.0,medium,w.facebook.com/tuanhung.fan... ♫ Google Plus : http://bit.ly/TuanHungGGPlus Tuấn Hưng là một ca sĩ nhạc trẻ của Việt Nam. Anh được công chúng biết đến qua vai trò là thành viên của nhóm nhạc Quả dưa hấu - nhóm nhạc nổi tiếng của Hà Nội vào những năm cuối thế kỉ 20. Tuấn Hưng còn là một ca sĩ solo với các ca khúc nổi t,found_needs_review,,,https://www.youtube.com/watch?v=x2ZdnWIzsno,pop|folk|world|country|trữ tình,discogs,DIFFERENT,HIGH
song_0f7b0670fc4a0344,♬ PHẬN DUYÊN LỠ LÀNG - PHÁT HUY T4 X TRUZG | OFFICIAL MUSIC VIDEO,HOA HỒNG DẠI MUSIC,V-Pop,youtube_description,https://www.youtube.com/watch?v=aMMZRIU46lI,♬ PHẬN DUYÊN LỠ LÀNG - PHÁT HUY T4 X TRUZG | OFFICIAL MUSIC VIDEO,HOA HỒNG DẠI MUSIC,1.0,medium,"n: HOA HỒNG DẠI MUSIC, YinYang Media ---------- ➨ HOA HỒNG DẠI MUSIC là kênh chọn lọc những ca khúc nhạc trẻ mới hay nhất và được yêu thích hiện tại. Kênh Remix lại các ca khúc nhạc trẻ Hot TikTok dưới dạng Deep House, Vina House.. ✉ Hợp tác, quảng cáo, khiếu nại các vấn đề về bản quyền liên hệ chúng tôi qua: hhdme",found_needs_review,,,https://www.youtube.com/watch?v=aMMZRIU46lI,hip hop|rap,apple_music,DIFFERENT,HIGH
song_e361ebcec1dbf319,"prettyXIX feat VCC Left Hand, V#-, Larria. and Maiki - Easy Pretty Luv (OFFICIAL VISUAL)",prettyXIX,Rap Việt,zingmp3_title_artist_search,https://zingmp3.vn/bai-hat/Easy-Pretty-Luv-prettyXIX-VCC-Left-Hand-V/eFoT0OE2cWFN.html,Easy Pretty Luv,"prettyXIX, VCC Left Hand, V#",0.882,medium,"[{""id"":""el0RHYY9aI0v"",""name"":""Việt Nam"",""title"":""Việt Nam"",""alias"":""viet-nam"",""link"":""/the-loai-album/Viet-Nam/el0RHYY9aI0v.html""},{""id"":""TqW0gmJ1dR5O"",""name"":""Rap Việt"",""title"":""Rap Việt"",""alias"":""rap-viet"",""link"":""/the-loai-album/Rap-Viet/TqW0gmJ1dR5O.html""}]; title_score=1.000; artist_score=0.529",found_needs_review,,,https://www.youtube.com/watch?v=jXLUxix6zsQ,metal,nhaccuatui,DIFFERENT,LOW
song_8cc1b463a90d2d4d,Queen - Don't Stop Me Now (Official Video),Queen Official,Jazz,youtube_description,https://www.youtube.com/watch?v=HgzGwKwLmgM,Queen - Don't Stop Me Now (Official Video),Queen Official,1.0,medium,cial Follow Queen on Twitter: https://Queen.lnk.to/Twitter #QueenTheGreatest #Queen #DontStopMeNow #Jazz #GreatestHits Queen - Don't Stop Me Now (Official Video) https://www.youtube.com/user/queenofficial,found_needs_review,,,https://www.youtube.com/watch?v=HgzGwKwLmgM,rock|electronic|dance|instrumental,apple_music|zingmp3|nhaccuatui|shazam|nhac_vn|allmusic|qobuz|youtube,DIFFERENT,HIGH
song_3d0bb306b9c373db,Ram Jam - Black Betty,RamJamVEVO,Rock Việt,youtube_description,https://www.youtube.com/watch?v=I_2D8Eo15wE,Ram Jam - Black Betty,RamJamVEVO,1.0,medium,"sing (Bam-ba-Lam) Whoa, Black Betty (Bam-ba-Lam) Whoa, Black Betty Bam-ba-lam #RamJam #BlackBetty #Rock",found_needs_review,,,https://www.youtube.com/watch?v=I_2D8Eo15wE,rock,zingmp3,DIFFERENT,HIGH
song_1ad425a16b7f29bc,"Randy Travis - Forever And Ever, Amen (Official Music Video)",Randy Travis,Nhạc Tôn Giáo,youtube_description,https://www.youtube.com/watch?v=sgJXbIP83A8,"Randy Travis - Forever And Ever, Amen (Official Music Video)",Randy Travis,1.0,medium,"e official YouTube channel of Randy Travis. Warner Music Nashville’s Randy Travis is a country and gospel music icon whose legendary catalog includes 18 #1 hit songs like “Forever and Ever, Amen”, “On The Other Hand”, “Diggin’ Up Bones”, ""Look Heart No Hands"" and “I Told You So”. With a storied career spanning over 40",found_needs_review,,,https://www.youtube.com/watch?v=sgJXbIP83A8,country|house,apple_music|allmusic,DIFFERENT,HIGH
song_23fd433887124430,Ravyn Lenae - Love Me Not (Official Music Video),Ravyn Lenae,Âu Mỹ | Electronic / Dance,zingmp3_title_artist_search,https://zingmp3.vn/bai-hat/RAVYN-LENAE-Black-Athena/zl7PjrmozeFm.html,RAVYN LENAE,Black Athena,0.859,low,"[{""id"":""q3564DMx4CZN"",""name"":""Âu Mỹ"",""title"":""Âu Mỹ"",""alias"":""au-my"",""link"":""/the-loai-album/Au-My/q3564DMx4CZN.html""},{""id"":""jZZACp7WN38W"",""name"":""Electronic / Dance"",""title"":""Electronic / Dance"",""alias"":""electronic-dance"",""link"":""/the-loai-album/Electronic-Dance/jZZACp7WN38W.html""}]; title_score=1.000; artist_score=0.435",found_needs_review,,,https://www.youtube.com/watch?v=cswfR85D7jM,pop|rap|hip hop,apple_music|zingmp3,DIFFERENT,HIGH
song_4fb710dda2cab117,Red Hot Chili Peppers - Californication (Official Music Video) [HD UPGRADE],Red Hot Chili Peppers,Âu Mỹ | Rock,zingmp3_title_artist_search,https://zingmp3.vn/bai-hat/Californication-Live-Red-Hot-Chili-Peppers/79UWG524lMY4.html,Californication (Live),Red Hot Chili Peppers,0.893,medium,"[{""id"":""q3564DMx4CZN"",""name"":""Âu Mỹ"",""title"":""Âu Mỹ"",""alias"":""au-my"",""link"":""/the-loai-album/Au-My/q3564DMx4CZN.html""},{""id"":""RNRFSWbGG5rD"",""name"":""Rock"",""title"":""Rock"",""alias"":""rock"",""link"":""/the-loai-album/Rock/RNRFSWbGG5rD.html""}]; title_score=0.857; artist_score=1.000",found_needs_review,,,https://www.youtube.com/watch?v=YlUKcNNmywk,alternative,apple_music|zingmp3,DIFFERENT,HIGH
song_c33b287c684844e2,Rhymastic x Suboi | Cả Ngàn Lời Chúc | Official Music Video,Rhymastic Official,Rap Việt,youtube_description,https://www.youtube.com/watch?v=6AvpUbnDbv0,Rhymastic x Suboi | Cả Ngàn Lời Chúc | Official Music Video,Rhymastic Official,1.0,medium,Rhymastic x Suboi | Cả Ngàn Lời Chúc | Official Music Video #CaNganLoiChuc #Rhymastic #Suboi #rap #mvtet #raptet #rapviet #canganloichuc #chuctet #tet #Spacespeakers #SpacespeakersGroup #SSG ➥Connect with Rhymastic: ● Facebook: https://www.facebook.com/rhymastic ● Instagram:https://instagram.com/rhymastic ● So,found_needs_review,,,https://www.youtube.com/watch?v=6AvpUbnDbv0,country,allmusic,DIFFERENT,LOW
song_6c9f8231c72456ee,Rhymastic - Yêu 5 (Official Music Video) | 16+,Rhymastic Official,EDM Việt,zingmp3_title_artist_search,https://zingmp3.vn/bai-hat/Yeu-5-Rhymastic/mFBxPfAH4a0p.html,Yêu 5,Rhymastic,0.917,medium,"[{""id"":""el0RHYY9aI0v"",""name"":""Việt Nam"",""title"":""Việt Nam"",""alias"":""viet-nam"",""link"":""/the-loai-album/Viet-Nam/el0RHYY9aI0v.html""},{""id"":""2kaEVD3AzGsv"",""name"":""EDM Việt"",""title"":""EDM Việt"",""alias"":""edm-viet"",""link"":""/the-loai-album/EDM-Viet/2kaEVD3AzGsv.html""}]; title_score=1.000; artist_score=0.667",found_needs_review,,,https://www.youtube.com/watch?v=fRAr0pj0gGE,pop|ballad,discogs,DIFFERENT,HIGH
song_5612ef08db7357c6,Roxette - Listen to Your Heart (Official Video Remastered),Roxette,Nhật Bản | Rock,zingmp3_title_artist_search,https://zingmp3.vn/bai-hat/Roxette-MONOEYES/s92MPgSyES5s.html,Roxette,MONOEYES,0.85,low,"[{""id"":""Ukz1HtGaQ5iK"",""name"":""Nhật Bản"",""title"":""Nhật Bản"",""alias"":""nhat-ban"",""link"":""/the-loai-album/Nhat-Ban/Ukz1HtGaQ5iK.html""},{""id"":""ieY0PQgncmbM"",""name"":""Rock"",""title"":""Rock"",""alias"":""rock"",""link"":""/the-loai-album/Rock/ieY0PQgncmbM.html""}]; title_score=1.000; artist_score=0.400",found_needs_review,,,https://www.youtube.com/watch?v=dpfbKWoBpRw,pop,apple_music,DIFFERENT,HIGH
song_fd7143aa00b48c90,Saka Trương Tuyền x Hồ Việt Trung - Tình Yêu Bất Diệt (Official Music Video),Music SaKa Truong Tuyen,V-Pop,zingmp3_title_artist_search,https://zingmp3.vn/bai-hat/Tinh-Yeu-Bat-Diet-Ho-Viet-Trung-Saka-Truong-Tuyen/eRY96F01P7Qd.html,Tình Yêu Bất Diệt,"Hồ Việt Trung, Saka Trương Tuyền",0.926,medium,"[{""id"":""el0RHYY9aI0v"",""name"":""Việt Nam"",""title"":""Việt Nam"",""alias"":""viet-nam"",""link"":""/the-loai-album/Viet-Nam/el0RHYY9aI0v.html""},{""id"":""iawjijA80yVd"",""name"":""V-Pop"",""title"":""V-Pop"",""alias"":""v-pop"",""link"":""/the-loai-album/V-Pop/iawjijA80yVd.html""}]; title_score=1.000; artist_score=0.704",found_needs_review,,,https://www.youtube.com/watch?v=-3cW-quGvo4,pop|latin,apple_music|nhaccuatui,DIFFERENT,HIGH
song_bbf3a5c9e4194c46,SAO CŨNG ĐƯỢC - THÀNH ĐẠT x ĐÔNG THIÊN ĐỨC | OFFICIAL MV | Thà yêu lấy một người bình thường ...,THÀNH ĐẠT MUSIC,V-Pop,zingmp3_title_artist_search,https://zingmp3.vn/bai-hat/Sao-Cung-Duoc-Thanh-Dat/TZiEAVui41w8.html,Sao Cũng Được,Thành Đạt,0.932,medium,"[{""id"":""el0RHYY9aI0v"",""name"":""Việt Nam"",""title"":""Việt Nam"",""alias"":""viet-nam"",""link"":""/the-loai-album/Viet-Nam/el0RHYY9aI0v.html""},{""id"":""iawjijA80yVd"",""name"":""V-Pop"",""title"":""V-Pop"",""alias"":""v-pop"",""link"":""/the-loai-album/V-Pop/iawjijA80yVd.html""}]; title_score=1.000; artist_score=0.727",found_needs_review,,,https://www.youtube.com/watch?v=j4T0-huYsW4,pop|electronic|metal,apple_music|nhaccuatui,DIFFERENT,HIGH
song_802f09d9174d1608,SAO EM VÔ TÌNH | JACK x ICM ft. LIAM | OFFICIAL MV 4K,ICM Entertainment,V-Pop,zingmp3_title_artist_search,https://zingmp3.vn/bai-hat/Sao-Em-Vo-Tinh-ICM-Jack/70k7zDHX3tS3.html,Sao Em Vô Tình,"ICM, Jack",0.85,low,"[{""id"":""el0RHYY9aI0v"",""name"":""Việt Nam"",""title"":""Việt Nam"",""alias"":""viet-nam"",""link"":""/the-loai-album/Viet-Nam/el0RHYY9aI0v.html""},{""id"":""iawjijA80yVd"",""name"":""V-Pop"",""title"":""V-Pop"",""alias"":""v-pop"",""link"":""/the-loai-album/V-Pop/iawjijA80yVd.html""}]; title_score=1.000; artist_score=0.400",found_needs_review,,,https://www.youtube.com/watch?v=bI7xde9-3BI,country,allmusic,DIFFERENT,LOW
song_27f9e6ea0c36e9dc,SAO EM VÔ TÌNH | KARAOKE BẢN OFFICIAL | JACK ft LIAM,ICM Studio,V-Pop,zingmp3_title_artist_search,https://zingmp3.vn/bai-hat/Sao-Em-Vo-Tinh-ICM-Jack/70k7zDHX3tS3.html,Sao Em Vô Tình,"ICM, Jack",0.861,low,"[{""id"":""el0RHYY9aI0v"",""name"":""Việt Nam"",""title"":""Việt Nam"",""alias"":""viet-nam"",""link"":""/the-loai-album/Viet-Nam/el0RHYY9aI0v.html""},{""id"":""iawjijA80yVd"",""name"":""V-Pop"",""title"":""V-Pop"",""alias"":""v-pop"",""link"":""/the-loai-album/V-Pop/iawjijA80yVd.html""}]; title_score=1.000; artist_score=0.444",found_needs_review,,,https://www.youtube.com/watch?v=utQhzSRnmsw,dance,nhac_vn,DIFFERENT,LOW
song_ce682aa003ceb307,Say,HOÀNG TÔN,R&B Việt,zingmp3_title_artist_search,https://zingmp3.vn/bai-hat/Say-Hoang-Ton-BeepBeepChild/c50fBCcJ1Vad.html,Say,"Hoàng Tôn, BeepBeepChild",0.891,medium,"[{""id"":""el0RHYY9aI0v"",""name"":""Việt Nam"",""title"":""Việt Nam"",""alias"":""viet-nam"",""link"":""/the-loai-album/Viet-Nam/el0RHYY9aI0v.html""},{""id"":""Qvf5V6XIXLP3"",""name"":""R&B Việt"",""title"":""R&B Việt"",""alias"":""r-b-viet"",""link"":""/the-loai-album/R-B-Viet/Qvf5V6XIXLP3.html""}]; title_score=1.000; artist_score=0.562",found_needs_review,,,https://www.youtube.com/watch?v=1x_gPZdWFeM,soul|b việt|country,apple_music|zingmp3|nhac_vn,DIFFERENT,HIGH
song_43cfce2acd165ea6,Say Goodbye - Hồ Ngọc Hà (Dance Practice Version),Ho Ngoc Ha's Official Channel,V-Pop,zingmp3_title_artist_search,https://zingmp3.vn/bai-hat/Say-Goodbye-Ho-Ngoc-Ha/sUDsbbUfAXx9.html,Say Goodbye,Hồ Ngọc Hà,0.878,low,"[{""id"":""el0RHYY9aI0v"",""name"":""Việt Nam"",""title"":""Việt Nam"",""alias"":""viet-nam"",""link"":""/the-loai-album/Viet-Nam/el0RHYY9aI0v.html""},{""id"":""iawjijA80yVd"",""name"":""V-Pop"",""title"":""V-Pop"",""alias"":""v-pop"",""link"":""/the-loai-album/V-Pop/iawjijA80yVd.html""}]; title_score=1.000; artist_score=0.513",found_needs_review,,,https://www.youtube.com/watch?v=3qo2IieNxD8,dance,apple_music,DIFFERENT,HIGH
song_e37afbf41cb7cf6a,Say Yes - OgeNus và PiaLinh | Chọn gì? Chọn ĐI! | OFFICIAL MUSIC VIDEO,Chọn Gì? Chọn ĐI!,Nhạc Phim,youtube_description,https://www.youtube.com/watch?v=u4SE87ScP_U,Say Yes - OgeNus và PiaLinh | Chọn gì? Chọn ĐI! | OFFICIAL MUSIC VIDEO,Chọn Gì? Chọn ĐI!,1.0,medium,"s và PiaLinh | Chọn gì? Chọn ĐI! | OFFICIAL MUSIC VIDEO🌟 Bài gốc: Say Yes - Loco, Punch (Moon Lover OST) Sáng tác lời Việt: OgeNus, PiaLinh Trình bày: OgeNus, PiaLinh -------------------------------------- ✈️🎶 Chọn gì? Chọn ĐI! là chương trình giải trí kết hợp yếu tố âm nhạc và khám phá du lịch có ""một không hai"" với",found_needs_review,,,https://www.youtube.com/watch?v=u4SE87ScP_U,folk|world|country|trữ tình,discogs,DIFFERENT,HIGH
song_2ecafb76a437f6ed,Scorpions - Send Me An Angel,Scorpions,Rock Việt,youtube_description,https://www.youtube.com/watch?v=1UUYjd2rjsE,Scorpions - Send Me An Angel,Scorpions,1.0,medium,e-scorpions.com (C) 1991 The Island Def Jam Music Group #Scorpions #SendMeAnAngel #Remastered #Rock,found_needs_review,,,https://www.youtube.com/watch?v=1UUYjd2rjsE,hard rock|rock|soft rock|classic rock,apple_music|zingmp3|discogs,DIFFERENT,HIGH
song_04d97f25d14ab24c,Skillet - Hero (Official Video),Atlantic Records,Nhạc Phim | Rap Việt,youtube_description,https://www.youtube.com/watch?v=uGcsIdGOuZY,Skillet - Hero (Official Video),Atlantic Records,1.0,medium,"http://atlanticrecords.com The official Atlantic Records YouTube Channel is home to the hottest in hip-hop, rock, pop, R&B, indie, musicals and soundtracks. With over 70 years of global recorded music history, Atlantic Records’ legacy and passion for artistry continues with Top 40 hitmakers like Wiz Khalifa, Sean Paul",found_needs_review,,,https://www.youtube.com/watch?v=uGcsIdGOuZY,soul|rock,nhaccuatui|nhac_vn|shazam|allmusic|qobuz|youtube,DIFFERENT,HIGH
song_dcf5f2d76cce76a7,Skillet - Monster (Official Video),Atlantic Records,Nhạc Phim | Rap Việt,youtube_description,https://www.youtube.com/watch?v=1mjlM_RnsVE,Skillet - Monster (Official Video),Atlantic Records,1.0,medium,"ttp://atlanticrecords.com The official Atlantic Records YouTube Channel is home to the hottest in hip-hop, rock, pop, R&B, indie, musicals and soundtracks. With over 70 years of global recorded music history, Atlantic Records’ legacy and passion for artistry continues with Top 40 hitmakers like Wiz Khalifa, Sean Paul",found_needs_review,,,https://www.youtube.com/watch?v=1mjlM_RnsVE,soul|rock,nhaccuatui|nhac_vn|allmusic|shazam|qobuz|youtube,DIFFERENT,HIGH
song_36e0f8fdbf0a9ae7,Somewhere I Belong (Official Music Video) [4K UPGRADE] – Linkin Park,Linkin Park,Âu Mỹ | Rock,zingmp3_title_artist_search,https://zingmp3.vn/bai-hat/Somewhere-I-Belong-Linkin-Park/S5xHCyoxTTw3.html,Somewhere I Belong,Linkin Park,1.0,medium,"[{""id"":""q3564DMx4CZN"",""name"":""Âu Mỹ"",""title"":""Âu Mỹ"",""alias"":""au-my"",""link"":""/the-loai-album/Au-My/q3564DMx4CZN.html""},{""id"":""RNRFSWbGG5rD"",""name"":""Rock"",""title"":""Rock"",""alias"":""rock"",""link"":""/the-loai-album/Rock/RNRFSWbGG5rD.html""}]; title_score=1.000; artist_score=1.000",found_needs_review,,,https://www.youtube.com/watch?v=zsCD5XCu6CM,hard rock|synthpop|pop,apple_music|nhaccuatui|nhac_vn|shazam|allmusic|qobuz|youtube,DIFFERENT,HIGH
song_b00b5a68c7bd05d6,Soundgarden - Black Hole Sun,Soundgarden,Âu Mỹ | Rap / Hip Hop,zingmp3_title_artist_search,https://zingmp3.vn/bai-hat/Soundgarden-Aiden-Yoo/olxIGHHnKTck.html,Soundgarden,Aiden Yoo,0.85,low,"[{""id"":""q3564DMx4CZN"",""name"":""Âu Mỹ"",""title"":""Âu Mỹ"",""alias"":""au-my"",""link"":""/the-loai-album/Au-My/q3564DMx4CZN.html""},{""id"":""XS3QXI9JwoS"",""name"":""Rap / Hip Hop"",""title"":""Rap / Hip Hop"",""alias"":""rap-hip-hop"",""link"":""/the-loai-album/Rap-Hip-Hop/XS3QXI9JwoS.html""}]; title_score=1.000; artist_score=0.400",found_needs_review,,,https://www.youtube.com/watch?v=3mbBbFH9fAg,rock|grunge|alternative rock|alternative,apple_music|lastfm|zingmp3,DIFFERENT,HIGH
song_dc75d63bf453c6e2,"SRTW, COLIN - Shine On",We Are Diamond,Âu Mỹ | Rock,zingmp3_title_artist_search,https://zingmp3.vn/bai-hat/Shine-On-Neil-Diamond/C0rhRsOD7PC.html,Shine On,Neil Diamond,0.923,medium,"[{""id"":""q3564DMx4CZN"",""name"":""Âu Mỹ"",""title"":""Âu Mỹ"",""alias"":""au-my"",""link"":""/the-loai-album/Au-My/q3564DMx4CZN.html""},{""id"":""RNRFSWbGG5rD"",""name"":""Rock"",""title"":""Rock"",""alias"":""rock"",""link"":""/the-loai-album/Rock/RNRFSWbGG5rD.html""}]; title_score=1.000; artist_score=0.692",found_needs_review,,,https://www.youtube.com/watch?v=zkpr5ZpWBCA,dance,apple_music,DIFFERENT,HIGH
song_49f8487d95a9bf21,Survivor - Eye Of The Tiger (Official HD Video),Survivor Band,Rock Việt,youtube_description,https://www.youtube.com/watch?v=btPJPFnesV4,Survivor - Eye Of The Tiger (Official HD Video),Survivor Band,1.0,medium,his prey in the night And he's watching us all with the eye of the tiger #Survivor #EyeOfTheTiger #Rock #HD #Remastered,found_needs_review,,,https://www.youtube.com/watch?v=btPJPFnesV4,rock,apple_music,DIFFERENT,HIGH
song_d5798a625333ac0e,Sài Gòn Yếu Đuối Biết Dựa Vào Ai?,TĂNG PHÚC OFFICIAL,R&B Việt,zingmp3_title_artist_search,https://zingmp3.vn/bai-hat/Sai-Gon-Yeu-Duoi-Biet-Dua-Vao-Ai-Tang-Phuc-CHARLES/BmzS4bXg3WpL.html,Sài Gòn Yếu Đuối Biết Dựa Vào Ai,"Tăng Phúc, CHARLES.",0.936,medium,"[{""id"":""el0RHYY9aI0v"",""name"":""Việt Nam"",""title"":""Việt Nam"",""alias"":""viet-nam"",""link"":""/the-loai-album/Viet-Nam/el0RHYY9aI0v.html""},{""id"":""Qvf5V6XIXLP3"",""name"":""R&B Việt"",""title"":""R&B Việt"",""alias"":""r-b-viet"",""link"":""/the-loai-album/R-B-Viet/Qvf5V6XIXLP3.html""}]; title_score=1.000; artist_score=0.743",found_needs_review,,,https://www.youtube.com/watch?v=P1OlzbCUZpw,pop|v-pop,apple_music|zingmp3,DIFFERENT,HIGH
song_7ba3ed127ef876b1,SÁNG ĐÈN - BẠCH CÔNG KHANH | OFFICIAL MV || OST  SÁNG ĐÈN,Bạch Công Khanh Official,Nhạc Phim,youtube_description,https://www.youtube.com/watch?v=B-ND66CrkRQ,SÁNG ĐÈN - BẠCH CÔNG KHANH | OFFICIAL MV || OST  SÁNG ĐÈN,Bạch Công Khanh Official,1.0,medium,"#bachcongkhanh #BachCongKhanhOfficial #sangden #bachcongkhanh #ost #bachcongkhanh SÁNG ĐÈN - BẠCH CÔNG KHANH | OFFICIAL MV || OST SÁNG ĐÈN Sáng tác: Tống Hạo Nhiên - - - - - - - - - - - - - - - - - - - - - KÊNH CHÍNH THỨC CỦA BẠCH CÔNG KHANH, ẤN SUBSCRIBE NGAY ĐỂ THEO DÕI VIDEO",found_needs_review,,,https://www.youtube.com/watch?v=B-ND66CrkRQ,pop|v-pop,apple_music|zingmp3,DIFFERENT,HIGH
song_9a38cda70457d977,SÓNG GIÓ | ICM x JACK | OFFICIAL MUSIC VIDEO,ICM Entertainment,V-Pop,zingmp3_title_artist_search,https://zingmp3.vn/bai-hat/Song-Gio-ICM-Jack/V0GJeIQkDK1x.html,Sóng Gió,"ICM, Jack",0.85,low,"[{""id"":""el0RHYY9aI0v"",""name"":""Việt Nam"",""title"":""Việt Nam"",""alias"":""viet-nam"",""link"":""/the-loai-album/Viet-Nam/el0RHYY9aI0v.html""},{""id"":""iawjijA80yVd"",""name"":""V-Pop"",""title"":""V-Pop"",""alias"":""v-pop"",""link"":""/the-loai-album/V-Pop/iawjijA80yVd.html""}]; title_score=1.000; artist_score=0.400",found_needs_review,,,https://www.youtube.com/watch?v=j8U06veqxdU,rock|alternative rock|grunge|metal,discogs,DIFFERENT,HIGH
song_885486a4f9e98c50,Sẽ không còn nữa - Tuấn Hưng [OFFICIAL MV HD],Tuấn Hưng,V-Pop,youtube_description,https://www.youtube.com/watch?v=c4sbwX8cSaE,Sẽ không còn nữa - Tuấn Hưng [OFFICIAL MV HD],Tuấn Hưng,1.0,medium,facebook.com/tuanhung.fanpage ♫ Google Plus : http://bit.ly/TuanHungGGPlus Tuấn Hưng là một ca sĩ nhạc trẻ của Việt Nam. Anh được công chúng biết đến qua vai trò là thành viên của nhóm nhạc Quả dưa hấu - nhóm nhạc nổi tiếng của Hà Nội vào những năm cuối thế kỉ 20. Tuấn Hưng còn là một ca sĩ solo với các ca khúc nổi t,found_needs_review,,,https://www.youtube.com/watch?v=c4sbwX8cSaE,pop,apple_music,DIFFERENT,HIGH
song_247dcd05e3de9f8e,T.R.I x @Dangrangto x DONAL - một bài hát không vui mấy (extended ver.) | OFFICIAL LYRICS VIDEO,T.R.I,V-Pop,zingmp3_title_artist_search,https://zingmp3.vn/bai-hat/mot-bai-hat-khong-vui-may-T-R-I/V4ujQ1J3dzA0.html,một bài hát không vui mấy,T.R.I,1.0,medium,"[{""id"":""el0RHYY9aI0v"",""name"":""Việt Nam"",""title"":""Việt Nam"",""alias"":""viet-nam"",""link"":""/the-loai-album/Viet-Nam/el0RHYY9aI0v.html""},{""id"":""iawjijA80yVd"",""name"":""V-Pop"",""title"":""V-Pop"",""alias"":""v-pop"",""link"":""/the-loai-album/V-Pop/iawjijA80yVd.html""}]; title_score=1.000; artist_score=1.000",found_needs_review,,,https://www.youtube.com/watch?v=EvPEeSBfB3E,latin,nhaccuatui|nhac_vn|shazam|allmusic|qobuz|youtube,DIFFERENT,HIGH
song_e69826525b27507e,Tate McRae - you broke me first (Lyrics),Aminium Music,Indie,youtube_description,https://www.youtube.com/watch?v=QXzC2eiHBG8,Tate McRae - you broke me first (Lyrics),Aminium Music,1.0,medium,kemefirstLyrics #TateMcRaeLyrics #TateMcRaeyoubrokemefirstLyrics #PopLyrics #chillsongs #chillmusic #indie best songs 2020 relaxing music chill music rnb,found_needs_review,,,https://www.youtube.com/watch?v=QXzC2eiHBG8,metal,nhaccuatui,DIFFERENT,LOW
song_1775924600347fff,Teddie J | Ẩn (ft. Linh Cáo) | Official Music Video | Rap Nhà Làm,Rap Nhà Làm,Nhạc Trịnh | Rap Việt,youtube_description,https://www.youtube.com/watch?v=fx5cZbwtkLk,Teddie J | Ẩn (ft. Linh Cáo) | Official Music Video | Rap Nhà Làm,Rap Nhà Làm,1.0,medium,"h M.U.A: Lihn Phan, Luna Nguyen Stylist: VUXBIN Editor: Mậu Hiếu Graphic Design: Mậu Hiếu BTS: Long HipHop Colorist: Mậu Hiếu Location: Pam Hill, Thác Nàng Tiên Catering: Leuheu.co Take a $ip Y'all ----------------------------------- Lyrics: Don’t find me when I’m missing A tìm không gian cho riêng mình Khi Espresso c",found_needs_review,,,https://www.youtube.com/watch?v=fx5cZbwtkLk,pop|folk|world|country|stage|screen|trữ tình|interview,discogs,DIFFERENT,HIGH
song_c7e860855bdcaa42,The Cassette - Đừng Đi (Official Music Video),The Cassette,V-Pop,zingmp3_title_artist_search,https://zingmp3.vn/bai-hat/Dung-Di-The-Cassette/yZKWqzqmC3Nn.html,Đừng Đi,The Cassette,1.0,medium,"[{""id"":""el0RHYY9aI0v"",""name"":""Việt Nam"",""title"":""Việt Nam"",""alias"":""viet-nam"",""link"":""/the-loai-album/Viet-Nam/el0RHYY9aI0v.html""},{""id"":""iawjijA80yVd"",""name"":""V-Pop"",""title"":""V-Pop"",""alias"":""v-pop"",""link"":""/the-loai-album/V-Pop/iawjijA80yVd.html""}]; title_score=1.000; artist_score=1.000",found_needs_review,,,https://www.youtube.com/watch?v=quHw6yXZEk0,alternative|rock việt,apple_music|zingmp3,DIFFERENT,HIGH
song_4f2e1ad53d7da1bc,The Offspring - The Kids Aren't Alright (Official Music Video),The Offspring,Âu Mỹ | Electronic / Dance,zingmp3_title_artist_search,https://zingmp3.vn/bai-hat/The-Offspring-Dj-fauski/Z3eGVRtYrpK1.html,The Offspring,Dj fauski,0.841,low,"[{""id"":""q3564DMx4CZN"",""name"":""Âu Mỹ"",""title"":""Âu Mỹ"",""alias"":""au-my"",""link"":""/the-loai-album/Au-My/q3564DMx4CZN.html""},{""id"":""jZZACp7WN38W"",""name"":""Electronic / Dance"",""title"":""Electronic / Dance"",""alias"":""electronic-dance"",""link"":""/the-loai-album/Electronic-Dance/jZZACp7WN38W.html""}]; title_score=1.000; artist_score=0.364",found_needs_review,,,https://www.youtube.com/watch?v=7iNbnineUCI,rock,apple_music|zingmp3,DIFFERENT,HIGH
song_ec2ec97e84654a91,"THE STARS - Juky San, Pháo, Liz Kim Cương, 52Hz, Mỹ Mỹ | Anh Trai Say Hi [Performance]",Vie Channel - MUSIC,Rap Việt,youtube_description,https://www.youtube.com/watch?v=_KhJcKgrCnY,"THE STARS - Juky San, Pháo, Liz Kim Cương, 52Hz, Mỹ Mỹ | Anh Trai Say Hi [Performance]",Vie Channel - MUSIC,1.0,medium,p VieON tại: https://click.vieon.vn/wSBG/ytapp Xem các chương trình hấp dẫn khác của Vie Channel: ►Rap Việt Full: https://bit.ly/RAPVIETSS3 ►Người Ấy Là Ai Full: https://bit.ly/NALASS5 ►Hoa Vương Full: https://bit.ly/HoaVươngFull ►The Masked Singer Vietnam Full: https://bit.ly/TMSVNSS2 Hoặc xem thêm trên hệ thống Vie,found_needs_review,,,https://www.youtube.com/watch?v=_KhJcKgrCnY,electronic|metal,nhac_vn,DIFFERENT,LOW
song_92c16fb331963f60,"THE STARS - Official MV Theme Song | Anh Trai ""Say Hi""",Vie Channel - MUSIC,Rap Việt,youtube_description,https://www.youtube.com/watch?v=lqp2_F53XPM,"THE STARS - Official MV Theme Song | Anh Trai ""Say Hi""",Vie Channel - MUSIC,1.0,medium,p VieON tại: https://click.vieon.vn/wSBG/ytapp Xem các chương trình hấp dẫn khác của Vie Channel: ►Rap Việt Full: https://bit.ly/RAPVIETSS3 ►Người Ấy Là Ai Full: https://bit.ly/NALASS5 ►Hoa Vương Full: https://bit.ly/HoaVươngFull ►The Masked Singer Vietnam Full: https://bit.ly/TMSVNSS2 Hoặc xem thêm trên hệ thống Vie,found_needs_review,,,https://www.youtube.com/watch?v=lqp2_F53XPM,alternative|pop|classical|choral|baroque|romantic|modern,apple_music|zingmp3|discogs,DIFFERENT,HIGH
song_470618a202f4e509,Thirty Seconds To Mars - The Kill (Bury Me),THIRTY SECONDS TO MARS,Âu Mỹ | Nhạc Phim,zingmp3_title_artist_search,https://zingmp3.vn/bai-hat/The-Kill-Bury-Me-Thirty-Seconds-To-Mars/eMJx3MTieGG.html,The Kill (Bury Me),Thirty Seconds To Mars,1.0,medium,"[{""id"":""q3564DMx4CZN"",""name"":""Âu Mỹ"",""title"":""Âu Mỹ"",""alias"":""au-my"",""link"":""/the-loai-album/Au-My/q3564DMx4CZN.html""},{""id"":""tH8othrepQzc"",""name"":""Nhạc Phim"",""title"":""Nhạc Phim"",""alias"":""nhac-phim"",""link"":""/the-loai-album/Nhac-Phim/tH8othrepQzc.html""}]; title_score=1.000; artist_score=1.000",found_needs_review,,,https://www.youtube.com/watch?v=8yvGCAvOAfM,rock|alternative rock|hard rock,apple_music|zingmp3|discogs,DIFFERENT,HIGH
song_e4bb624ad793647d,this is what losing someone feels like (official video),JVKE,Âu Mỹ | Pop,zingmp3_title_artist_search,https://zingmp3.vn/bai-hat/this-is-what-losing-someone-feels-like-JVKE/XeZlGj7zPVhm.html,this is what losing someone feels like,JVKE,1.0,medium,"[{""id"":""q3564DMx4CZN"",""name"":""Âu Mỹ"",""title"":""Âu Mỹ"",""alias"":""au-my"",""link"":""/the-loai-album/Au-My/q3564DMx4CZN.html""},{""id"":""a72TM8ldqZjJ"",""name"":""Pop"",""title"":""Pop"",""alias"":""pop"",""link"":""/the-loai-album/Pop/a72TM8ldqZjJ.html""}]; title_score=1.000; artist_score=1.000",found_needs_review,,,https://www.youtube.com/watch?v=LYLbf7KlQb8,indie pop,apple_music,DIFFERENT,HIGH
song_02cbb5f4dcf9ff26,Thiên Duyên Tiền Định - Khởi My (OST Tây Du Ký Hậu Truyện),Thiên Thi Pro,Dance Việt,zingmp3_title_artist_search,https://zingmp3.vn/bai-hat/Thien-Duyen-Tien-Dinh-Nguyen-Vu-Hien-Thuc/inPrJfr6uHBq.html,Thiên Duyên Tiền Định,"Nguyên Vũ, Hiền Thục",0.859,low,"[{""id"":""el0RHYY9aI0v"",""name"":""Việt Nam"",""title"":""Việt Nam"",""alias"":""viet-nam"",""link"":""/the-loai-album/Viet-Nam/el0RHYY9aI0v.html""},{""id"":""70R9PC5gb3Sr"",""name"":""Dance Việt"",""title"":""Dance Việt"",""alias"":""dance-viet"",""link"":""/the-loai-album/Dance-Viet/70R9PC5gb3Sr.html""}]; title_score=1.000; artist_score=0.438",found_needs_review,,,https://www.youtube.com/watch?v=jOL5vYbpRL0,pop,apple_music,DIFFERENT,HIGH
song_b58b41c70ab60095,"Thành Phố Chúng Ta, Nhà Máy Chúng Ta - Nhạc Trữ Tình Quê Hương [MV HD]",Nhạc Cách Mạng Tiền Chiến,Nhạc Cách Mạng,youtube_description,https://www.youtube.com/watch?v=4VinIzaJMd8,"Thành Phố Chúng Ta, Nhà Máy Chúng Ta - Nhạc Trữ Tình Quê Hương [MV HD]",Nhạc Cách Mạng Tiền Chiến,1.0,medium,▶ Theo dõi kênh Nhạc Cách Mạng Tiền Chiến: https://goo.gl/asFAPL ----------------------------- Những Bài Hát Hay Nhất:https://goo.gl/VcdKsJ Nhạc Đỏ Trữ Tình Quê Hương:https://goo.gl/29b7nt Tình Ca Tây Bắc Hay Nhất:https://goo.gl/TTVzMq,found_needs_review,,,https://www.youtube.com/watch?v=4VinIzaJMd8,pop,apple_music,DIFFERENT,HIGH
song_02a635a91ad9bb11,"Thành Phố Hoa Thắp Lửa - Thanh Hậu, Tiến Thuận, Chu Dung [Official MV]",Nhạc Cách Mạng Tiền Chiến,Nhạc Cách Mạng,youtube_description,https://www.youtube.com/watch?v=xJXF9ma8FMk,"Thành Phố Hoa Thắp Lửa - Thanh Hậu, Tiến Thuận, Chu Dung [Official MV]",Nhạc Cách Mạng Tiền Chiến,1.0,medium,▶ Theo dõi kênh Nhạc Cách Mạng Tiền Chiến: https://goo.gl/asFAPL ----------------------------- Những Bài Hát Hay Nhất:https://goo.gl/VcdKsJ Nhạc Đỏ Trữ Tình Quê Hương:https://goo.gl/29b7nt Tình Ca Tây Bắc Hay Nhất:https://goo.gl/TTVzMq,found_needs_review,,,https://www.youtube.com/watch?v=xJXF9ma8FMk,hip hop|rap,apple_music,DIFFERENT,HIGH
song_1c0aa9dbf7aaaf20,Tháng Tư Là Lời Nối Dối Của Em [Official Lyric Video] - Hà Anh Tuấn,Hà Anh Tuấn,R&B Việt,youtube_description,https://www.youtube.com/watch?v=Sf9_daKZrnY,Tháng Tư Là Lời Nối Dối Của Em [Official Lyric Video] - Hà Anh Tuấn,Hà Anh Tuấn,1.0,medium,".com/c/casihaanhtuan?sub_confirmation=1 Hà Anh Tuấn sinh ngày 17/12/1984 tại Sài Gòn, là một ca sĩ R&B Việt Nam. Bố Mẹ Hà Anh Tuấn quê gốc ở Ninh Bình.Từ khi còn là học sinh Hà Anh Tuấn đã tham gia rất nhiều phong trào văn nghệ của trường. Hà Anh Tuấn được biết đến qua cuộc thi Sao Mai Điểm Hẹn.",found_needs_review,,,https://www.youtube.com/watch?v=Sf9_daKZrnY,pop|v-pop,apple_music|zingmp3,DIFFERENT,HIGH
song_35122f423be7b821,"''Thánh ca"" hội sợ vợ: RPT MCK khiến ai nghe cũng mê Giàu Vì Bạn, Sang Vì Vợ| RAP VIỆT [Live Stage]",Vie Channel,Rap Việt,youtube_description,https://www.youtube.com/watch?v=cHpNIZjxzsY,"''Thánh ca"" hội sợ vợ: RPT MCK khiến ai nghe cũng mê Giàu Vì Bạn, Sang Vì Vợ| RAP VIỆT [Live Stage]",Vie Channel,1.0,medium,"#RapViệt #Rap_Việt #RapViet #VieChannelHTV2 #VieGiảiTrí Đón xem #Rap_Việt lúc 20H Thứ 7 trên kênh truyền hình Vie Channel - HTV2, Vie GIẢITRÍ và ứng dụng VieON #RapViệt #Tập13 #RapperViet #Rapper #VieChannelHTV2 #VieGi",found_needs_review,,,https://www.youtube.com/watch?v=cHpNIZjxzsY,jazz|pop|electronic|soul,shazam|youtube,DIFFERENT,HIGH
song_755783871cbd3207,♬ THÊ LƯƠNG - PHÚC CHINH ( OFFICIAL LYRIC VIDEO ),HOA HỒNG DẠI MUSIC,V-Pop,youtube_description,https://www.youtube.com/watch?v=gxU-5B-nFnU,♬ THÊ LƯƠNG - PHÚC CHINH ( OFFICIAL LYRIC VIDEO ),HOA HỒNG DẠI MUSIC,1.0,medium,"luong karaoke, thê lương karaoke, the luong beat, thê lương beat, the luong audio, thê lương audio, nhac tre, nhạc trẻ, nhac tre hay nhat, nhạc trẻ hay nhất, nhac tre hay nhat 2021, nhạc trẻ hay nhất 2021, phuc chinh, the luong remix, thê lương remix, the luong hhd, thê lương hhd, Gọi cố nhân sao vội quên đi bao câu hứ",found_needs_review,,,https://www.youtube.com/watch?v=gxU-5B-nFnU,hip hop|rap,apple_music,DIFFERENT,HIGH
song_2359a9b0f7536520,Thích quá rùi nà,tlinh,R&B Việt,zingmp3_title_artist_search,https://zingmp3.vn/bai-hat/Thich-Qua-Rui-Na-tlinh-Trung-Tran/gUHrJh4cg1A.html,Thích Quá Rùi Nà,"tlinh, Trung Trần",0.869,low,"[{""id"":""el0RHYY9aI0v"",""name"":""Việt Nam"",""title"":""Việt Nam"",""alias"":""viet-nam"",""link"":""/the-loai-album/Viet-Nam/el0RHYY9aI0v.html""},{""id"":""Qvf5V6XIXLP3"",""name"":""R&B Việt"",""title"":""R&B Việt"",""alias"":""r-b-viet"",""link"":""/the-loai-album/R-B-Viet/Qvf5V6XIXLP3.html""}]; title_score=1.000; artist_score=0.476",found_needs_review,,,https://www.youtube.com/watch?v=n7kiE0CBqyU,soul|b việt|v-pop,apple_music|zingmp3|musicbrainz,DIFFERENT,HIGH
song_10daf1440887b9e3,Thương em - Phan Đinh Tùng | Official MV,Phan Đinh Tùng,Bolero,youtube_description,https://www.youtube.com/watch?v=GN8Ym5rr6IA,Thương em - Phan Đinh Tùng | Official MV,Phan Đinh Tùng,1.0,medium,"- Music Distribution: BELIEVE Youtube MCN: METUBPhan Đinh Tùng Những Ca Khúc Nhạc Trữ Tình, Bolero Hay Nhất Những khoảng khắc của gia đình Tùng https://bit.ly/2TWPmzC Tuyển tập livestream Phan Đinh Tùng https://bit.ly/2SQLpwu Album Bolero mùa 1 https://bit.ly/3vN8eyf Thánh Ca Về Với Ngài",found_needs_review,,,https://www.youtube.com/watch?v=GN8Ym5rr6IA,pop|v-pop|folk|world|country|ballad|vocal|holiday|chanson|alternative,apple_music|zingmp3|discogs|youtube,DIFFERENT,HIGH
song_3d58e6a830892579,Thương Thầm (Lofi Ver.) - NB3 Hoài Bảo x Freak D,Freak D Music,V-Pop,zingmp3_title_artist_search,https://zingmp3.vn/bai-hat/Thuong-Tham-Lofi-Version-NB3-Hoai-Bao-Freak-D/Q9DaeMFdZxLs.html,Thương Thầm (Lofi Version),"NB3 Hoài Bảo, Freak D",0.788,low,"[{""id"":""el0RHYY9aI0v"",""name"":""Việt Nam"",""title"":""Việt Nam"",""alias"":""viet-nam"",""link"":""/the-loai-album/Viet-Nam/el0RHYY9aI0v.html""},{""id"":""iawjijA80yVd"",""name"":""V-Pop"",""title"":""V-Pop"",""alias"":""v-pop"",""link"":""/the-loai-album/V-Pop/iawjijA80yVd.html""}]; title_score=0.909; artist_score=0.424",found_needs_review,,,https://www.youtube.com/watch?v=qrdIb1iB934,pop|electronic,apple_music|qobuz,DIFFERENT,HIGH
song_dde13fa7f2b9ea94,Thất Tình Remake - Trịnh Đình Quang [Official MV] #TT,Trịnh Đình Quang Official,Dance Việt,zingmp3_title_artist_search,https://zingmp3.vn/bai-hat/That-Tinh-Remix-Trinh-Dinh-Quang-DJ/17D5YCnl36Gg.html,Thất Tình (Remix),"Trịnh Đình Quang, DJ",0.82,low,"[{""id"":""el0RHYY9aI0v"",""name"":""Việt Nam"",""title"":""Việt Nam"",""alias"":""viet-nam"",""link"":""/the-loai-album/Viet-Nam/el0RHYY9aI0v.html""},{""id"":""70R9PC5gb3Sr"",""name"":""Dance Việt"",""title"":""Dance Việt"",""alias"":""dance-viet"",""link"":""/the-loai-album/Dance-Viet/70R9PC5gb3Sr.html""}]; title_score=0.839; artist_score=0.762",found_needs_review,,,https://www.youtube.com/watch?v=FSeGrBw5eFA,pop,apple_music,DIFFERENT,HIGH
song_a3fbc0c327973c11,THẦM THƯƠNG TRỘM NHỚ | MIU LÊ X HOÀNG DŨNG | OFFICIAL MUSIC VIDEO,Miu Lê Official,V-Pop,zingmp3_title_artist_search,https://zingmp3.vn/bai-hat/Tham-Thuong-Trom-Nho-Miu-Le-Hoang-Dung/YuzWee2zAJKe.html,Thầm Thương Trộm Nhớ,"Miu Lê, Hoàng Dũng",0.891,medium,"[{""id"":""el0RHYY9aI0v"",""name"":""Việt Nam"",""title"":""Việt Nam"",""alias"":""viet-nam"",""link"":""/the-loai-album/Viet-Nam/el0RHYY9aI0v.html""},{""id"":""iawjijA80yVd"",""name"":""V-Pop"",""title"":""V-Pop"",""alias"":""v-pop"",""link"":""/the-loai-album/V-Pop/iawjijA80yVd.html""}]; title_score=1.000; artist_score=0.562",found_needs_review,,,https://www.youtube.com/watch?v=JV2QW8w5G2g,rock,nhac_vn,DIFFERENT,LOW
song_a1508cce71402d73,Thằng Bạn Đời,Fony Trung,Nhạc Trữ Tình,zingmp3_title_artist_search,https://zingmp3.vn/bai-hat/Thang-Ban-Doi-Mr-Chung/ILXf6XvoQjAK.html,Thằng Bạn Đời,Mr Chung,0.861,low,"[{""id"":""el0RHYY9aI0v"",""name"":""Việt Nam"",""title"":""Việt Nam"",""alias"":""viet-nam"",""link"":""/the-loai-album/Viet-Nam/el0RHYY9aI0v.html""},{""id"":""brC6BYOzAGjo"",""name"":""Nhạc Trữ Tình"",""title"":""Nhạc Trữ Tình"",""alias"":""nhac-tru-tinh"",""link"":""/the-loai-album/Nhac-Tru-Tinh/brC6BYOzAGjo.html""}]; title_score=1.000; artist_score=0.444",found_needs_review,ZW69EB96,https://zingmp3.vn/bai-hat/Thang-Ban-Doi-Fony-Trung/ZW69EB96.html,,pop,apple_music,DIFFERENT,HIGH
song_5ff9685d406a6da4,Thằng Cuội,"Bé Bào Ngư, Hồ Văn Cường",Nhạc Thiếu Nhi,zingmp3_title_artist_search,https://zingmp3.vn/bai-hat/Thang-Cuoi-Be-Bao-Ngu/YBO40L6fquZ3.html,Thằng Cuội,Bé Bào Ngư,0.902,medium,"[{""id"":""el0RHYY9aI0v"",""name"":""Việt Nam"",""title"":""Việt Nam"",""alias"":""viet-nam"",""link"":""/the-loai-album/Viet-Nam/el0RHYY9aI0v.html""},{""id"":""mdfK2cQu8FhQ"",""name"":""Nhạc Thiếu Nhi"",""title"":""Nhạc Thiếu Nhi"",""alias"":""nhac-thieu-nhi"",""link"":""/the-loai-album/Nhac-Thieu-Nhi/mdfK2cQu8FhQ.html""}]; title_score=1.000; artist_score=0.606",found_needs_review,ZW780BUO,https://zingmp3.vn/bai-hat/Thang-Cuoi-Be-Bao-Ngu-Ho-Van-Cuong/ZW780BUO.html,,country,web_search,DIFFERENT,LOW
song_c7caa6ce42bad2ea,Thằng Mike (Audio),Lãng,Rap Việt,zingmp3_title_artist_search,https://zingmp3.vn/bai-hat/Thang-Mike-Lang/vLZuevtVsXUw.html,Thằng Mike,Lãng,1.0,medium,"[{""id"":""el0RHYY9aI0v"",""name"":""Việt Nam"",""title"":""Việt Nam"",""alias"":""viet-nam"",""link"":""/the-loai-album/Viet-Nam/el0RHYY9aI0v.html""},{""id"":""TqW0gmJ1dR5O"",""name"":""Rap Việt"",""title"":""Rap Việt"",""alias"":""rap-viet"",""link"":""/the-loai-album/Rap-Viet/TqW0gmJ1dR5O.html""}]; title_score=1.000; artist_score=1.000",found_needs_review,,,https://www.youtube.com/watch?v=rfB9Us-wAQo,hip hop|rap,apple_music,DIFFERENT,HIGH
song_dfbdb5d12db2ebc9,Thằng Điên,JustaTeeMusic,R&B Việt,zingmp3_title_artist_search,https://zingmp3.vn/bai-hat/Thang-Dien-JustaTee-Phuong-Ly/Y7KNVsErcf8E.html,Thằng Điên,"JustaTee, Phương Ly",0.895,medium,"[{""id"":""el0RHYY9aI0v"",""name"":""Việt Nam"",""title"":""Việt Nam"",""alias"":""viet-nam"",""link"":""/the-loai-album/Viet-Nam/el0RHYY9aI0v.html""},{""id"":""Qvf5V6XIXLP3"",""name"":""R&B Việt"",""title"":""R&B Việt"",""alias"":""r-b-viet"",""link"":""/the-loai-album/R-B-Viet/Qvf5V6XIXLP3.html""}]; title_score=1.000; artist_score=0.581",found_needs_review,,,https://www.youtube.com/watch?v=iYLEWqRbp9M,b việt,zingmp3,DIFFERENT,HIGH
song_02d63fa263119232,THẾ THÁI - HƯƠNG LY | OFFICIAL MV,Nguyễn Hương Ly Official,V-Pop,zingmp3_title_artist_search,https://zingmp3.vn/bai-hat/The-Thai-Huong-Ly/Mmoy8qsNsLp1.html,Thế Thái,Hương Ly,0.875,low,"[{""id"":""el0RHYY9aI0v"",""name"":""Việt Nam"",""title"":""Việt Nam"",""alias"":""viet-nam"",""link"":""/the-loai-album/Viet-Nam/el0RHYY9aI0v.html""},{""id"":""iawjijA80yVd"",""name"":""V-Pop"",""title"":""V-Pop"",""alias"":""v-pop"",""link"":""/the-loai-album/V-Pop/iawjijA80yVd.html""}]; title_score=1.000; artist_score=0.500",found_needs_review,,,https://www.youtube.com/watch?v=1TxYn15OP7o,pop|trữ tình|country,apple_music|zingmp3|youtube,DIFFERENT,HIGH
song_557c1cfa9ad7a61d,Thế Thái (Orinn Remix) - Hương Ly | Nhạc Trẻ Remix EDM Hot Tik Tok Gây Nghiện Hay Nhất 2020,Orinn Mix,V-Pop,youtube_description,https://www.youtube.com/watch?v=9HXY5xNPxpI,Thế Thái (Orinn Remix) - Hương Ly | Nhạc Trẻ Remix EDM Hot Tik Tok Gây Nghiện Hay Nhất 2020,Orinn Mix,1.0,medium,ORINN REMIX: Thế Thái (Orinn Remix) - Hương Ly | Nhạc Trẻ Remix EDM Hot Tik Tok Gây Nghiện Hay Nhất 2020 #thethairemix #huongly #orinn Link Spotify: https://dme.fan/Remix/spotify ✪ MỌI NGƯỜI HÃY ỦNG HỘ SẢN PHẨM MỚI CỦA BOZITT NHA: • Link MV: https://youtu.be/jDXIiu,found_needs_review,,,https://www.youtube.com/watch?v=9HXY5xNPxpI,house,shazam,DIFFERENT,LOW
song_56fdf4ecc56a866a,Thử Yêu Rồi Biết | OST Thử Yêu Rồi Biết | Bảo Thy Official,Bảo Thy Official,Nhạc Phim,youtube_description,https://www.youtube.com/watch?v=7-ySM43F_Z0,Thử Yêu Rồi Biết | OST Thử Yêu Rồi Biết | Bảo Thy Official,Bảo Thy Official,1.0,medium,Sáng tác: Hamlet Trương Nhạc phim: Thử yêu rồi biết -------------------------------------------------------------------------------------------------------- Fanpage Chính của Thy: http://bit.ly/FB_BaothyOfificial -------------------------------,found_needs_review,,,https://www.youtube.com/watch?v=7-ySM43F_Z0,pop|folk|world|country|trữ tình,apple_music|discogs,DIFFERENT,HIGH
song_204a08af456ba5ac,TIA - Ai Đưa Em Về | Official M/V | Ft. Lê Thiện Hiếu,TIA,Nhạc Không Lời,zingmp3_title_artist_search,https://zingmp3.vn/bai-hat/Ai-Dua-Em-Ve-Hoa-Tau/bdFeBkg2kNaS.html,Ai Đưa Em Về,Hòa Tấu,0.85,low,"[{""id"":""el0RHYY9aI0v"",""name"":""Việt Nam"",""title"":""Việt Nam"",""alias"":""viet-nam"",""link"":""/the-loai-album/Viet-Nam/el0RHYY9aI0v.html""},{""id"":""XeglO5liOzkF"",""name"":""Nhạc Không Lời"",""title"":""Nhạc Không Lời"",""alias"":""nhac-khong-loi"",""link"":""/the-loai-album/Nhac-Khong-Loi/XeglO5liOzkF.html""}]; title_score=1.000; artist_score=0.400",found_needs_review,,,https://www.youtube.com/watch?v=apqe_u3VJQ4,pop,zingmp3,DIFFERENT,HIGH
song_7cf17bc608f05de0,"TINLE, ​⁠APJ - 12H03 (Official MV)",SpaceSpeakers Label,Rap Việt,youtube_description,https://www.youtube.com/watch?v=epBL9Mbq_sU,"TINLE, ​⁠APJ - 12H03 (Official MV)",SpaceSpeakers Label,1.0,medium,"thời, 55 RADAR là nơi dò tìm, khai phá và hỗ trợ phát triển các tài năng trẻ thuộc nhiều dòng nhạc Hiphop, R&B, Pop,... ➥ Follow TINLE: Fanpage : https://www.facebook.com/tinleproducer/ Facebook : https://www.facebook.com/tinle.spacespeakers Instagram : https://www.instagram.com/tinle.ss/ YouTube : https://www.youtu",found_needs_review,,,https://www.youtube.com/watch?v=epBL9Mbq_sU,dance|latin,allmusic,DIFFERENT,LOW
song_7abdc7e816811787,TIẾNG PHÁO TIỄN NGƯỜI - HÙNG QUÂN | OFFICIAL MUSIC VIDEO,Hùng Quân,Nhạc Dân Ca - Quê Hương,youtube_description,https://www.youtube.com/watch?v=KI6TFG0-mTY,TIẾNG PHÁO TIỄN NGƯỜI - HÙNG QUÂN | OFFICIAL MUSIC VIDEO,Hùng Quân,1.0,medium,": PHAM HOANG NGUYEN - TRANG YUE Star assistant : GIA MINH - HUY MINH AD : DAT JP DOP : TRAN GIAI DAN Camop : TUAN HA AC : UT ANH, UT EM, LY CHEN Focus : CUONG HUYNH Edit : HUYNH HOANG HUY Color grading : LE HONG THUY Graphic designer : TONNGODOC Set design: QUANG BUON, TRAN LE ANH KIET, QUOC CUONG Lighting :",found_needs_review,,,https://www.youtube.com/watch?v=KI6TFG0-mTY,pop|dance việt|folk|world|country,apple_music|zingmp3|discogs,DIFFERENT,HIGH
song_2cec835896b633e3,tlinh - Gái Độc Thân (ft. 2pillz & LastFire Crew) (Directed by A Flying Andrew) | Official MV,tlinh,Rap Việt,youtube_description,https://www.youtube.com/watch?v=kFJd7U7vQ3o,tlinh - Gái Độc Thân (ft. 2pillz & LastFire Crew) (Directed by A Flying Andrew) | Official MV,tlinh,1.0,medium,tuân thủ các biện pháp phòng dịch. © Bản quyền thuộc về tlinh © Copyright by tlinh ☞ DO NOT REUP #rapviet #rapvietmua2 #rapviet2 #rap Join tlinh's Official Fangroup: https://www.facebook.com/groups/tlinh/?ref=share&mibextid=S66gvF,found_needs_review,,,https://www.youtube.com/watch?v=kFJd7U7vQ3o,soul|rap,apple_music|nhaccuatui|shazam|allmusic|nhac_vn|qobuz|youtube,DIFFERENT,HIGH
song_82ecb630e01b5e0e,tlinh - Thích Quá Rùi Nà (ft. Trung Trần) | OFFICIAL LYRICS VIDEO,tlinh,Rap Việt,youtube_description,https://www.youtube.com/watch?v=p40OWOxAeSw,tlinh - Thích Quá Rùi Nà (ft. Trung Trần) | OFFICIAL LYRICS VIDEO,tlinh,1.0,medium,n_vang Theo dõi TLinh nha : http://www.metub.net/tlinh special thanks to Playground Studio #TLinh #RapViệt #ThíchQuáRùiNà #KingOfRap #vieon #viechannel #mck #gducky #rapviet #rapvietmua2 #rapviet2 #rap,found_needs_review,,,https://www.youtube.com/watch?v=p40OWOxAeSw,soul|b việt|rap,apple_music|zingmp3|shazam|nhac_vn|nhaccuatui|qobuz|allmusic|youtube,DIFFERENT,HIGH
song_74f88a84818dd83a,Toto - Africa (Official HD Video),TOTO,Rock Việt,youtube_description,https://www.youtube.com/watch?v=FTQbiNvZqaY,Toto - Africa (Official HD Video),TOTO,1.0,medium,I bless the rains down in Africa Gonna take some time to do the things we never had #Toto #Africa #Rock #TotoIV #HD #Remastered,found_needs_review,,,https://www.youtube.com/watch?v=FTQbiNvZqaY,rock|soul,apple_music|nhaccuatui|nhac_vn|shazam|allmusic|qobuz|youtube,DIFFERENT,HIGH
song_ba2d7f73902d1a5e,TRANG & KHOA VŨ - 'Hà Nội ở Sài Gòn' (OFFICIAL MUSIC VIDEO),Nhạc của Trang,V-Pop,zingmp3_title_artist_search,https://zingmp3.vn/bai-hat/Ha-Noi-O-Sai-Gon-Trang-Khoa-Vu/7lkf126VfjFB.html,Hà Nội Ở Sài Gòn,"Trang, Khoa Vũ",0.843,low,"[{""id"":""el0RHYY9aI0v"",""name"":""Việt Nam"",""title"":""Việt Nam"",""alias"":""viet-nam"",""link"":""/the-loai-album/Viet-Nam/el0RHYY9aI0v.html""},{""id"":""iawjijA80yVd"",""name"":""V-Pop"",""title"":""V-Pop"",""alias"":""v-pop"",""link"":""/the-loai-album/V-Pop/iawjijA80yVd.html""}]; title_score=1.000; artist_score=0.370",found_needs_review,,,https://www.youtube.com/watch?v=VWCtdepXYLQ,pop,apple_music,DIFFERENT,HIGH
song_17329e506e51fefd,Trungg I.U - 'THÍCH MỘT NGƯỜI' - Official Music Video [After Credit] [ENG SUB],Trungg I.U,Nhạc Tôn Giáo,youtube_description,https://www.youtube.com/watch?v=3y65Sg_2EvA,Trungg I.U - 'THÍCH MỘT NGƯỜI' - Official Music Video [After Credit] [ENG SUB],Trungg I.U,1.0,medium,"Production, Mộc Record Behind The Scenes: Thái Quang Minh Hải Photographer: Noise Team, Phạm Thiên Thanh Caterer: Mệ Mỹ, Dì Hằng Make Up Artist and Hair Stylist: Goldie Phuc Social Media Manager: Quí Nguyễn Starring: Trungg I.U, Huỳnh Phương Uyên Cameo: Thiên Thanh Azura, Ruuni, Văn Huy, Hải Thái ____________________",found_needs_review,,,https://www.youtube.com/watch?v=3y65Sg_2EvA,pop|v-pop,apple_music|zingmp3,DIFFERENT,HIGH
song_52d9f569716a5f4c,Truyền Thái Y - Ngô Kiến Huy ( Masew Remix ),Masew,V-Pop,zingmp3_title_artist_search,https://zingmp3.vn/bai-hat/Truyen-Thai-Y-Ngo-Kien-Huy-Masew/bdeSygGvkSjx.html,Truyền Thái Y,"Ngô Kiến Huy, Masew",0.859,low,"[{""id"":""el0RHYY9aI0v"",""name"":""Việt Nam"",""title"":""Việt Nam"",""alias"":""viet-nam"",""link"":""/the-loai-album/Viet-Nam/el0RHYY9aI0v.html""},{""id"":""iawjijA80yVd"",""name"":""V-Pop"",""title"":""V-Pop"",""alias"":""v-pop"",""link"":""/the-loai-album/V-Pop/iawjijA80yVd.html""}]; title_score=1.000; artist_score=0.435",found_needs_review,,,https://www.youtube.com/watch?v=j7e2FnFAKmQ,pop|edm việt,apple_music|zingmp3,DIFFERENT,HIGH
song_ac192be2ba7e273c,TRÓI EM LẠI - Quang Hùng MasterD mang đậm chất nhạc riêng cực catchy | Anh Trai Say Hi [Performance],Vie Channel - MUSIC,Rap Việt,youtube_description,https://www.youtube.com/watch?v=jMjejVH0c8o,TRÓI EM LẠI - Quang Hùng MasterD mang đậm chất nhạc riêng cực catchy | Anh Trai Say Hi [Performance],Vie Channel - MUSIC,1.0,medium,p VieON tại: https://click.vieon.vn/wSBG/ytapp Xem các chương trình hấp dẫn khác của Vie Channel: ►Rap Việt Full: https://bit.ly/RAPVIETSS3 ►Người Ấy Là Ai Full: https://bit.ly/NALASS5 ►Hoa Vương Full: https://bit.ly/HoaVươngFull ►The Masked Singer Vietnam Full: https://bit.ly/TMSVNSS2 Hoặc xem thêm trên hệ thống Vie,found_needs_review,,,https://www.youtube.com/watch?v=jMjejVH0c8o,alternative,nhaccuatui,DIFFERENT,LOW
song_873fa4aa7fa4a9ba,Trúc Nhân x OSAD x Linh Cáo x Bùi Công Nam | Xoay Hè Khác Lạ,Trúc Nhân,V-Pop,zingmp3_title_artist_search,https://zingmp3.vn/bai-hat/XOAY-HE-KHAC-LA-Truc-Nhan-OSAD-Linh-Cao-Bui-Cong-Nam/cLFSVJnyYVTt.html,XOAY HÈ KHÁC LẠ,Nhiều nghệ sĩ,0.841,low,"[{""id"":""el0RHYY9aI0v"",""name"":""Việt Nam"",""title"":""Việt Nam"",""alias"":""viet-nam"",""link"":""/the-loai-album/Viet-Nam/el0RHYY9aI0v.html""},{""id"":""iawjijA80yVd"",""name"":""V-Pop"",""title"":""V-Pop"",""alias"":""v-pop"",""link"":""/the-loai-album/V-Pop/iawjijA80yVd.html""}]; title_score=1.000; artist_score=0.364",found_needs_review,,,https://www.youtube.com/watch?v=tPqGmZzIXh4,electronic,qobuz,DIFFERENT,LOW
song_462773dbe993bb97,Trúc Nhân x Thảo Nhi | Bốn Chữ Lắm,Trúc Nhân,V-Pop,zingmp3_title_artist_search,https://zingmp3.vn/bai-hat/Bon-Chu-Lam-Truc-Nhan-Rapper-Subol/TqxmLqdnKNl9.html,Bốn Chữ Lắm,"Trúc Nhân, Rapper Subol",0.895,medium,"[{""id"":""el0RHYY9aI0v"",""name"":""Việt Nam"",""title"":""Việt Nam"",""alias"":""viet-nam"",""link"":""/the-loai-album/Viet-Nam/el0RHYY9aI0v.html""},{""id"":""iawjijA80yVd"",""name"":""V-Pop"",""title"":""V-Pop"",""alias"":""v-pop"",""link"":""/the-loai-album/V-Pop/iawjijA80yVd.html""}]; title_score=1.000; artist_score=0.581",found_needs_review,,,https://www.youtube.com/watch?v=t9e5vBkmhN4,alternative,allmusic,DIFFERENT,LOW
song_f235bd2433277b67,Trăng Tàn Trên Hè Phố - Phương Anh ft Phương Ý | Official MV,Phương Anh Bolero,Bolero,youtube_description,https://www.youtube.com/watch?v=ZBMnhsr8G7k,Trăng Tàn Trên Hè Phố - Phương Anh ft Phương Ý | Official MV,Phương Anh Bolero,1.0,medium,Thôi bọn mình chia tay ───────────────────── ➥Đây là kênh Youtube chính thức của ca sĩ Phương Anh Bolero. ➥Đừng quên đăng ký kênh để cập nhật những sản phẩm mới nhất nhé! ➥Đăng ký theo dõi kênh miễn phí tại: https://goo.gl/2NqWuW ───────────────────── ➥Connect with Phương Anh Bolero: ● Facebook: https://www.fb.com/p,found_needs_review,,,https://www.youtube.com/watch?v=ZBMnhsr8G7k,pop,apple_music,DIFFERENT,HIGH
song_4678008d965f49ac,Trường Sơn Đông Trường Sơn Tây - Nhạc Cách Mạng Hay Nhất [Official MV],Nhạc Cách Mạng Tiền Chiến,Nhạc Cách Mạng,youtube_description,https://www.youtube.com/watch?v=iqJ99Y4Abe4,Trường Sơn Đông Trường Sơn Tây - Nhạc Cách Mạng Hay Nhất [Official MV],Nhạc Cách Mạng Tiền Chiến,1.0,medium,▶ Theo dõi kênh Nhạc Cách Mạng Tiền Chiến: https://goo.gl/asFAPL ----------------------------- Những Bài Hát Hay Nhất:https://goo.gl/VcdKsJ Nhạc Đỏ Trữ Tình Quê Hương:https://goo.gl/29b7nt Tình Ca Tây Bắc Hay Nhất:https://goo.gl/TTVzMq,found_needs_review,,,https://www.youtube.com/watch?v=iqJ99Y4Abe4,pop,apple_music,DIFFERENT,HIGH
song_cd6a3c0eca8f5e99,"TRỜI SÁNG RỒI - NGUYÊN HÀ  (OST TRỜI SÁNG RỒI, TA NGỦ ĐI THÔI)「OFFICIAL MV」",Nguyên Hà Official,Nhạc Phim,youtube_description,https://www.youtube.com/watch?v=_vQY09H38xA,"TRỜI SÁNG RỒI - NGUYÊN HÀ  (OST TRỜI SÁNG RỒI, TA NGỦ ĐI THÔI)「OFFICIAL MV」",Nguyên Hà Official,1.0,medium,"♪ TRỜI SÁNG RỒI - NGUYÊN HÀ (OST TRỜI SÁNG RỒI, TA NGỦ ĐI THÔI)「OFFICIAL MV」 +Sáng Tác: Phạm Hải Âu +Hoà Âm: Phạm Hải Âu +Lời bài hát: Phạm Hải Âu – Chung Chí Công ❥ FOLLOW Nguyên Hà + Link MP3: • Facebook: https://www.fb.com/nguyenha740 • SoundCl",found_needs_review,,,https://www.youtube.com/watch?v=_vQY09H38xA,pop|v-pop,apple_music|zingmp3,DIFFERENT,HIGH
song_7bef488fd4eb08e6,Tyla - Water (Official Music Video),Tyla,Âu Mỹ | Pop,zingmp3_title_artist_search,https://zingmp3.vn/bai-hat/Water-Tyla/z4OtJcpzvZor.html,Water,Tyla,1.0,medium,"[{""id"":""q3564DMx4CZN"",""name"":""Âu Mỹ"",""title"":""Âu Mỹ"",""alias"":""au-my"",""link"":""/the-loai-album/Au-My/q3564DMx4CZN.html""},{""id"":""a72TM8ldqZjJ"",""name"":""Pop"",""title"":""Pop"",""alias"":""pop"",""link"":""/the-loai-album/Pop/a72TM8ldqZjJ.html""}]; title_score=1.000; artist_score=1.000",found_needs_review,,,https://www.youtube.com/watch?v=XoiOOiuH8iI,hip hop|rap,apple_music,DIFFERENT,HIGH
song_465423495e752050,Tân Thời (Cô Ba Sài Gòn OST) - Jun Phạm | Official MV,Jun Phạm Official,Nhạc Phim,youtube_description,https://www.youtube.com/watch?v=XbGWXaha5u4,Tân Thời (Cô Ba Sài Gòn OST) - Jun Phạm | Official MV,Jun Phạm Official,1.0,medium,"Tân Thời (Cô Ba Sài Gòn OST) - Jun Phạm | Official MV Sau khi Đông Nhi phát hành MV nhạc phim chính thức “Cô Ba Sài Gòn” trong hình tượng truyền nhân thứ 20 của nhà may Thanh Nữ, với hàng loạt những hình ảnh màu sắc đúng tinh thần sôi động củ",found_needs_review,,,https://www.youtube.com/watch?v=XbGWXaha5u4,pop|v-pop,apple_music|zingmp3,DIFFERENT,HIGH
song_df63009f35c42b90,Tìm Em - Hồ Quang Hiếu | Official MV,Hồ Quang Hiếu TV,V-Pop,zingmp3_title_artist_search,https://zingmp3.vn/bai-hat/Tim-Em-Ho-Quang-Hieu/YmpVg0fLP9dO.html,Tìm Em,Hồ Quang Hiếu,0.974,medium,"[{""id"":""el0RHYY9aI0v"",""name"":""Việt Nam"",""title"":""Việt Nam"",""alias"":""viet-nam"",""link"":""/the-loai-album/Viet-Nam/el0RHYY9aI0v.html""},{""id"":""iawjijA80yVd"",""name"":""V-Pop"",""title"":""V-Pop"",""alias"":""v-pop"",""link"":""/the-loai-album/V-Pop/iawjijA80yVd.html""}]; title_score=1.000; artist_score=0.897",found_needs_review,,,https://www.youtube.com/watch?v=_2GEmSWEuaE,pop|nhạc phim,apple_music|zingmp3,DIFFERENT,HIGH
song_7f63b86f0a0f3d47,Tìm Lại Người Xưa - Phương Anh (Official MV),Phương Anh Bolero,Bolero,youtube_description,https://www.youtube.com/watch?v=qmMGMICnY7M,Tìm Lại Người Xưa - Phương Anh (Official MV),Phương Anh Bolero,1.0,medium,nh duyên kết se do trời. ───────────────────── ➥Đây là kênh Youtube chính thức của ca sĩ Phương Anh Bolero. ➥Đừng quên đăng ký kênh để cập nhật những sản phẩm mới nhất nhé! ➥Đăng ký theo dõi kênh miễn phí tại: http://popsww.com/phuonganhbolero ───────────────────── ⏩ MV MỚI NHẤT: http://bit.ly/MvMoiNhatPhuongAnh ⏩ HÔM,found_needs_review,,,https://www.youtube.com/watch?v=qmMGMICnY7M,pop,apple_music,DIFFERENT,HIGH
song_8202f0fe7a8268fc,TÌNH ANH - ĐÌNH DŨNG | OFFICIAL MUSIC VIDEO,Đình Dũng Official,V-Pop,zingmp3_title_artist_search,https://zingmp3.vn/bai-hat/Tinh-Anh-Dinh-Dung-Minh-Thuy/inZ1DcD86NcY.html,Tình Anh,"Đình Dũng, Minh Thụy",0.893,medium,"[{""id"":""el0RHYY9aI0v"",""name"":""Việt Nam"",""title"":""Việt Nam"",""alias"":""viet-nam"",""link"":""/the-loai-album/Viet-Nam/el0RHYY9aI0v.html""},{""id"":""iawjijA80yVd"",""name"":""V-Pop"",""title"":""V-Pop"",""alias"":""v-pop"",""link"":""/the-loai-album/V-Pop/iawjijA80yVd.html""}]; title_score=1.000; artist_score=0.571",found_needs_review,,,https://www.youtube.com/watch?v=xDp3h2DyWzo,pop|edm việt|folk|world|country|trữ tình,apple_music|zingmp3|discogs,DIFFERENT,HIGH
song_d474865197df2260,TÌNH CA TÌNH TA,kis.,V-Pop,zingmp3_title_artist_search,https://zingmp3.vn/bai-hat/Tinh-Ca-Tinh-Ta-Kis/SZNhJjYEHF0h.html,Tình Ca Tình Ta,Kis,1.0,medium,"[{""id"":""el0RHYY9aI0v"",""name"":""Việt Nam"",""title"":""Việt Nam"",""alias"":""viet-nam"",""link"":""/the-loai-album/Viet-Nam/el0RHYY9aI0v.html""},{""id"":""iawjijA80yVd"",""name"":""V-Pop"",""title"":""V-Pop"",""alias"":""v-pop"",""link"":""/the-loai-album/V-Pop/iawjijA80yVd.html""}]; title_score=1.000; artist_score=1.000",found_needs_review,,,https://www.youtube.com/watch?v=U0gaR8yi1qo,pop|dance việt,apple_music|zingmp3,DIFFERENT,HIGH
song_948a04a23dd18b42,'tình ca tình ta' - kis (official audio),kis.,V-Pop,zingmp3_title_artist_search,https://zingmp3.vn/bai-hat/Tinh-Ca-Tinh-Ta-Kis/SZNhJjYEHF0h.html,Tình Ca Tình Ta,Kis,1.0,medium,"[{""id"":""el0RHYY9aI0v"",""name"":""Việt Nam"",""title"":""Việt Nam"",""alias"":""viet-nam"",""link"":""/the-loai-album/Viet-Nam/el0RHYY9aI0v.html""},{""id"":""iawjijA80yVd"",""name"":""V-Pop"",""title"":""V-Pop"",""alias"":""v-pop"",""link"":""/the-loai-album/V-Pop/iawjijA80yVd.html""}]; title_score=1.000; artist_score=1.000",found_needs_review,,,https://www.youtube.com/watch?v=R0jbjEX0dBY,pop|dance việt,apple_music|zingmp3,DIFFERENT,HIGH
song_b5d3349665fff340,Tình Thắm Duyên Quê - Mê Mệt Với Giọng Hát Em Gái Miền Tây,Nhạc Vàng Trữ Tình,Bolero,youtube_description,https://www.youtube.com/watch?v=8ZT15_-sBD4,Tình Thắm Duyên Quê - Mê Mệt Với Giọng Hát Em Gái Miền Tây,Nhạc Vàng Trữ Tình,1.0,medium,y/3GxsBoW ►Nhạc Giáng Sinh 2022:https://bit.ly/3dF8RTX ►Nhạc Xuân Tết 2022: https://bit.ly/3GtTCK3 ►Bolero Gây Nghiện: https://bit.ly/3s7XoVJ ►Bolero Trữ Tình: https://bit.ly/3rYnFpn ~~~~~~~~~~~~~~~~~~~~~~~~~~~~~~~~~~~~~~~~~~~~ Các bạn hãy để lại nhận xét góp ý để chúng tôi có thể hoàn thiện và đưa đến khán giả những v,found_needs_review,,,https://www.youtube.com/watch?v=8ZT15_-sBD4,pop,apple_music,DIFFERENT,HIGH
song_ff4748d2617a1db7,Tình Việt Lào - Lan Anh [Official MV],Nhạc Cách Mạng Tiền Chiến,Nhạc Cách Mạng,youtube_description,https://www.youtube.com/watch?v=97XSIsXvYq4,Tình Việt Lào - Lan Anh [Official MV],Nhạc Cách Mạng Tiền Chiến,1.0,medium,▶ Theo dõi kênh Nhạc Cách Mạng Tiền Chiến: https://goo.gl/asFAPL ----------------------------- Những Bài Hát Hay Nhất:https://goo.gl/VcdKsJ Nhạc Đỏ Trữ Tình Quê Hương:https://goo.gl/29b7nt Tình Ca Tây Bắc Hay Nhất:https://goo.gl/TTVzMq,found_needs_review,,,https://www.youtube.com/watch?v=97XSIsXvYq4,rock,apple_music,DIFFERENT,HIGH
song_349897fad533c017,Tò Te Tí,Wren Evans Official,R&B Việt,zingmp3_title_artist_search,https://zingmp3.vn/bai-hat/To-Te-Ti-Wren-Evans-Itsnk/1BRC7OmYzsf.html,Tò Te Tí,"Wren Evans, Itsnk",0.921,medium,"[{""id"":""el0RHYY9aI0v"",""name"":""Việt Nam"",""title"":""Việt Nam"",""alias"":""viet-nam"",""link"":""/the-loai-album/Viet-Nam/el0RHYY9aI0v.html""},{""id"":""Qvf5V6XIXLP3"",""name"":""R&B Việt"",""title"":""R&B Việt"",""alias"":""r-b-viet"",""link"":""/the-loai-album/R-B-Viet/Qvf5V6XIXLP3.html""}]; title_score=1.000; artist_score=0.686",found_needs_review,,,https://www.youtube.com/watch?v=Se2WEh2pPjc,classical|b việt|electronic|hip hop|funk|soul|pop|drill|jersey club|v-pop|rhythm|blues|alt-pop,apple_music|zingmp3|discogs,DIFFERENT,HIGH
song_d6e35dbff35f5ed3,Tóc Em Đuôi Gà,Long Nhat,V-Pop,zingmp3_title_artist_search,https://zingmp3.vn/bai-hat/Toc-Em-Duoi-Ga-Luu-Nhat-Hao/3MfbPI5zNUh2.html,Tóc Em Đuôi Gà,Lưu Nhật Hào,0.893,medium,"[{""id"":""el0RHYY9aI0v"",""name"":""Việt Nam"",""title"":""Việt Nam"",""alias"":""viet-nam"",""link"":""/the-loai-album/Viet-Nam/el0RHYY9aI0v.html""},{""id"":""iawjijA80yVd"",""name"":""V-Pop"",""title"":""V-Pop"",""alias"":""v-pop"",""link"":""/the-loai-album/V-Pop/iawjijA80yVd.html""}]; title_score=1.000; artist_score=0.571",found_needs_review,ZW60CFUF,https://zingmp3.vn/bai-hat/Toc-Em-Duoi-Ga-Long-Nhat/ZW60CFUF.html,,pop,apple_music,DIFFERENT,HIGH
song_4607ba0226d8d81d,Tóc Tiên - Walk Away (Hãy Bước Đi) | Official Music Video,Tóc Tiên,EDM Việt,zingmp3_title_artist_search,https://zingmp3.vn/bai-hat/Walk-Away-Toc-Tien/g5V2fa3b1kK1.html,Walk Away,Tóc Tiên,1.0,medium,"[{""id"":""el0RHYY9aI0v"",""name"":""Việt Nam"",""title"":""Việt Nam"",""alias"":""viet-nam"",""link"":""/the-loai-album/Viet-Nam/el0RHYY9aI0v.html""},{""id"":""2kaEVD3AzGsv"",""name"":""EDM Việt"",""title"":""EDM Việt"",""alias"":""edm-viet"",""link"":""/the-loai-album/EDM-Viet/2kaEVD3AzGsv.html""}]; title_score=1.000; artist_score=1.000",found_needs_review,,,https://www.youtube.com/watch?v=PbGFo979Fs8,pop|v-pop,apple_music|zingmp3,DIFFERENT,HIGH
song_d85143289ca90c0a,TÓC TIÊN | ĐẬM ĐÀ | DANCE PERFORMANCE,Tóc Tiên,V-Pop,zingmp3_title_artist_search,https://zingmp3.vn/bai-hat/DAM-DA-Toc-Tien-Chi-Dep-Dap-Gio-Re-Song/wrBtrM6dtiL0.html,ĐẬM ĐÀ,"Tóc Tiên, Chị Đẹp Đạp Gió Rẽ Sóng",0.855,low,"[{""id"":""el0RHYY9aI0v"",""name"":""Việt Nam"",""title"":""Việt Nam"",""alias"":""viet-nam"",""link"":""/the-loai-album/Viet-Nam/el0RHYY9aI0v.html""},{""id"":""iawjijA80yVd"",""name"":""V-Pop"",""title"":""V-Pop"",""alias"":""v-pop"",""link"":""/the-loai-album/V-Pop/iawjijA80yVd.html""}]; title_score=1.000; artist_score=0.421",found_needs_review,,,https://www.youtube.com/watch?v=L5A3JotBoiw,dance,apple_music,DIFFERENT,HIGH
song_e42edd4447916cd7,Tùng TeA & NamCocain - Kim Chỉ Tây (To The West) [Official MV],TaynguyenSound Official,Rap Việt,zingmp3_title_artist_search,https://zingmp3.vn/bai-hat/Kim-Chi-Tay-Tung-TeA-Namlee/6pTpqqIa0rja.html,Kim Chỉ Tây,"Tùng TeA, Namlee",0.842,low,"[{""id"":""el0RHYY9aI0v"",""name"":""Việt Nam"",""title"":""Việt Nam"",""alias"":""viet-nam"",""link"":""/the-loai-album/Viet-Nam/el0RHYY9aI0v.html""},{""id"":""TqW0gmJ1dR5O"",""name"":""Rap Việt"",""title"":""Rap Việt"",""alias"":""rap-viet"",""link"":""/the-loai-album/Rap-Viet/TqW0gmJ1dR5O.html""}]; title_score=1.000; artist_score=0.368",found_needs_review,,,https://www.youtube.com/watch?v=pxc1Cy3TJ9U,indie,nhaccuatui|nhac_vn|shazam|allmusic|qobuz|youtube,DIFFERENT,HIGH
song_a4231ee8afffe0e8,TÚP LỀU VÀNG | NGUYỄN ĐÌNH VŨ x ÚT NHỊ MINO | NHỊP ĐIỆU CHA CHA CHA 2021,Nguyễn Đình Vũ Official,V-Pop,zingmp3_title_artist_search,https://zingmp3.vn/bai-hat/Tup-Leu-Vang-Nguyen-Dinh-Vu-ACV/SqJb87TfPjUW.html,Túp Lều Vàng,"Nguyễn Đình Vũ, ACV",0.942,medium,"[{""id"":""el0RHYY9aI0v"",""name"":""Việt Nam"",""title"":""Việt Nam"",""alias"":""viet-nam"",""link"":""/the-loai-album/Viet-Nam/el0RHYY9aI0v.html""},{""id"":""iawjijA80yVd"",""name"":""V-Pop"",""title"":""V-Pop"",""alias"":""v-pop"",""link"":""/the-loai-album/V-Pop/iawjijA80yVd.html""}]; title_score=1.000; artist_score=0.769",found_needs_review,,,https://www.youtube.com/watch?v=1eDKRlNZewg,experimental,youtube,DIFFERENT,LOW
song_c3dc1f1a00054db8,Tết Đong Đầy 4 | KHOA | Official Music Video,KHOA,V-Pop,zingmp3_title_artist_search,https://zingmp3.vn/bai-hat/Tet-Dong-Day-3-KHOA/6HCDuXGtLIyO.html,Tết Đong Đầy 3,KHOA,0.938,medium,"[{""id"":""el0RHYY9aI0v"",""name"":""Việt Nam"",""title"":""Việt Nam"",""alias"":""viet-nam"",""link"":""/the-loai-album/Viet-Nam/el0RHYY9aI0v.html""},{""id"":""iawjijA80yVd"",""name"":""V-Pop"",""title"":""V-Pop"",""alias"":""v-pop"",""link"":""/the-loai-album/V-Pop/iawjijA80yVd.html""}]; title_score=0.917; artist_score=1.000",found_needs_review,,,https://www.youtube.com/watch?v=GJTYx4L7GjM,pop|folk|world|country|trữ tình,apple_music|discogs,DIFFERENT,HIGH
song_48b02f89eb6834a9,TỎ TÌNH | ICM x JANG NGUYEN | OFFICIAL MV 4K,ICM Entertainment,V-Pop,zingmp3_title_artist_search,https://zingmp3.vn/bai-hat/To-Tinh-ICM-Jang-Nguyen/qC2WFVWS2RCN.html,Tỏ Tình,"ICM, Jang Nguyễn",0.844,low,"[{""id"":""el0RHYY9aI0v"",""name"":""Việt Nam"",""title"":""Việt Nam"",""alias"":""viet-nam"",""link"":""/the-loai-album/Viet-Nam/el0RHYY9aI0v.html""},{""id"":""iawjijA80yVd"",""name"":""V-Pop"",""title"":""V-Pop"",""alias"":""v-pop"",""link"":""/the-loai-album/V-Pop/iawjijA80yVd.html""}]; title_score=1.000; artist_score=0.375",found_needs_review,,,https://www.youtube.com/watch?v=t-wBwTEp9TY,house,nhaccuatui|nhac_vn|allmusic|shazam|qobuz|youtube,DIFFERENT,HIGH
song_0bb0c61d8395a0f1,Tối Nay Một Mình,Lou Hoàng OFFICIAL,R&B Việt,zingmp3_title_artist_search,https://zingmp3.vn/bai-hat/Toi-Nay-Mot-Minh-Lou-Hoang/r9mHcxd6jcTh.html,Tối Nay Một Mình,Lou Hoàng,0.917,medium,"[{""id"":""el0RHYY9aI0v"",""name"":""Việt Nam"",""title"":""Việt Nam"",""alias"":""viet-nam"",""link"":""/the-loai-album/Viet-Nam/el0RHYY9aI0v.html""},{""id"":""Qvf5V6XIXLP3"",""name"":""R&B Việt"",""title"":""R&B Việt"",""alias"":""r-b-viet"",""link"":""/the-loai-album/R-B-Viet/Qvf5V6XIXLP3.html""}]; title_score=1.000; artist_score=0.667",found_needs_review,,,https://www.youtube.com/watch?v=BGeL-rUO4BI,pop|b việt|techno,apple_music|zingmp3|nhaccuatui,DIFFERENT,HIGH
song_4e0e761e7a36a002,Tối Nay Một Mình,Lou Hoàng OFFICIAL,R&B Việt,zingmp3_title_artist_search,https://zingmp3.vn/bai-hat/Toi-Nay-Mot-Minh-Lou-Hoang/r9mHcxd6jcTh.html,Tối Nay Một Mình,Lou Hoàng,0.917,medium,"[{""id"":""el0RHYY9aI0v"",""name"":""Việt Nam"",""title"":""Việt Nam"",""alias"":""viet-nam"",""link"":""/the-loai-album/Viet-Nam/el0RHYY9aI0v.html""},{""id"":""Qvf5V6XIXLP3"",""name"":""R&B Việt"",""title"":""R&B Việt"",""alias"":""r-b-viet"",""link"":""/the-loai-album/R-B-Viet/Qvf5V6XIXLP3.html""}]; title_score=1.000; artist_score=0.667",found_needs_review,,,https://www.youtube.com/watch?v=GmPtZCUHA4Q,pop|b việt,apple_music|zingmp3,DIFFERENT,HIGH
song_768b5a4ed0ef331d,Từng Lời Anh Chôn Dấu,Kay Tran Official,R&B Việt,zingmp3_title_artist_search,https://zingmp3.vn/bai-hat/Tung-Loi-Anh-Chon-Dau-Kay-Tran-Hoang-Ton-WOKEUP/ZWXXVl8gSQWT.html,Từng Lời Anh Chôn Dấu,"Kay Trần, Hoàng Tôn, WOKEUP",0.881,medium,"[{""id"":""el0RHYY9aI0v"",""name"":""Việt Nam"",""title"":""Việt Nam"",""alias"":""viet-nam"",""link"":""/the-loai-album/Viet-Nam/el0RHYY9aI0v.html""},{""id"":""Qvf5V6XIXLP3"",""name"":""R&B Việt"",""title"":""R&B Việt"",""alias"":""r-b-viet"",""link"":""/the-loai-album/R-B-Viet/Qvf5V6XIXLP3.html""}]; title_score=1.000; artist_score=0.524",found_needs_review,,,https://www.youtube.com/watch?v=dKYL4amXJSM,pop|b việt,apple_music|zingmp3,DIFFERENT,HIGH
song_b294e2a2cb3d36d0,TỪNG YÊU - PHAN DUY ANH | HƯƠNG LY COVER,Nguyễn Hương Ly Official,V-Pop,zingmp3_title_artist_search,https://zingmp3.vn/bai-hat/Tung-Yeu-Huong-Ly-Beta-Music/YnDcS3Zrs5jl.html,Từng Yêu,"Hương Ly, Beta Music",0.878,low,"[{""id"":""el0RHYY9aI0v"",""name"":""Việt Nam"",""title"":""Việt Nam"",""alias"":""viet-nam"",""link"":""/the-loai-album/Viet-Nam/el0RHYY9aI0v.html""},{""id"":""iawjijA80yVd"",""name"":""V-Pop"",""title"":""V-Pop"",""alias"":""v-pop"",""link"":""/the-loai-album/V-Pop/iawjijA80yVd.html""}]; title_score=1.000; artist_score=0.512",found_needs_review,,,https://www.youtube.com/watch?v=tbgLfI1dvOg,country|electronic|jazz|folk|world|contemporary jazz,apple_music|discogs,DIFFERENT,HIGH
song_a574bbb83ffc9083,TỰ HÀO MÀU ÁO LÍNH - THÁI HỌC x LONG HỌ HUỲNH (Official MV) Ngoài tình yêu em anh còn tình yêu nước,Nguyễn Thái Học Official,V-Pop,zingmp3_title_artist_search,https://zingmp3.vn/bai-hat/Tu-Hao-Mau-Ao-Linh-Thai-Hoc/LpJVa2puALw.html,Tự Hào Màu Áo Lính,Thái Học,0.875,low,"[{""id"":""el0RHYY9aI0v"",""name"":""Việt Nam"",""title"":""Việt Nam"",""alias"":""viet-nam"",""link"":""/the-loai-album/Viet-Nam/el0RHYY9aI0v.html""},{""id"":""iawjijA80yVd"",""name"":""V-Pop"",""title"":""V-Pop"",""alias"":""v-pop"",""link"":""/the-loai-album/V-Pop/iawjijA80yVd.html""}]; title_score=1.000; artist_score=0.500",found_needs_review,,,https://www.youtube.com/watch?v=I2Cqm-_dWLk,worldwide,apple_music,DIFFERENT,HIGH
song_25ec758158f34682,vaicaunoicokhiennguoithaydoi,GREY D,R&B Việt,zingmp3_title_artist_search,https://zingmp3.vn/bai-hat/vaicaunoicokhiennguoithaydoi-GREY-D-tlinh/70GLG7Xr7WbK.html,vaicaunoicokhiennguoithaydoi,"GREY D, tlinh",0.917,medium,"[{""id"":""el0RHYY9aI0v"",""name"":""Việt Nam"",""title"":""Việt Nam"",""alias"":""viet-nam"",""link"":""/the-loai-album/Viet-Nam/el0RHYY9aI0v.html""},{""id"":""Qvf5V6XIXLP3"",""name"":""R&B Việt"",""title"":""R&B Việt"",""alias"":""r-b-viet"",""link"":""/the-loai-album/R-B-Viet/Qvf5V6XIXLP3.html""}]; title_score=1.000; artist_score=0.667",found_needs_review,,,https://www.youtube.com/watch?v=lmowgXfIWyA,pop,apple_music,DIFFERENT,HIGH
song_a7743efecd18dc95,vaicaunoicokhiennguoithaydoi,GREY D,R&B Việt,zingmp3_title_artist_search,https://zingmp3.vn/bai-hat/vaicaunoicokhiennguoithaydoi-GREY-D-tlinh/70GLG7Xr7WbK.html,vaicaunoicokhiennguoithaydoi,"GREY D, tlinh",0.917,medium,"[{""id"":""el0RHYY9aI0v"",""name"":""Việt Nam"",""title"":""Việt Nam"",""alias"":""viet-nam"",""link"":""/the-loai-album/Viet-Nam/el0RHYY9aI0v.html""},{""id"":""Qvf5V6XIXLP3"",""name"":""R&B Việt"",""title"":""R&B Việt"",""alias"":""r-b-viet"",""link"":""/the-loai-album/R-B-Viet/Qvf5V6XIXLP3.html""}]; title_score=1.000; artist_score=0.667",found_needs_review,,,https://www.youtube.com/watch?v=CBtQ1QJbQYE,pop,apple_music,DIFFERENT,HIGH
song_517a29711bb49f72,Van Halen - Jump (Official Music Video) [HD],Van Halen,Âu Mỹ | Pop,zingmp3_title_artist_search,https://zingmp3.vn/bai-hat/Jump-Van-Halen-Tribute-Band/iurxrUtupaR5.html,Jump,Van Halen Tribute Band,0.895,medium,"[{""id"":""q3564DMx4CZN"",""name"":""Âu Mỹ"",""title"":""Âu Mỹ"",""alias"":""au-my"",""link"":""/the-loai-album/Au-My/q3564DMx4CZN.html""},{""id"":""a72TM8ldqZjJ"",""name"":""Pop"",""title"":""Pop"",""alias"":""pop"",""link"":""/the-loai-album/Pop/a72TM8ldqZjJ.html""}]; title_score=1.000; artist_score=0.581",found_needs_review,,,https://www.youtube.com/watch?v=SwYN7mTi6HM,rock,zingmp3,DIFFERENT,HIGH
song_6f6d5e9087ed07f1,Việt. 'TÌNH ĐẸP ĐẾN MẤY CŨNG TÀN' (Official Lyrics Video),VIET. / Như Việt,V-Pop,zingmp3_title_artist_search,https://zingmp3.vn/bai-hat/Tinh-Dep-Den-May-Cung-Tan-VIET/Z3gJqmt19kUY.html,Tình Đẹp Đến Mấy Cũng Tàn,VIET,0.794,low,"[{""id"":""el0RHYY9aI0v"",""name"":""Việt Nam"",""title"":""Việt Nam"",""alias"":""viet-nam"",""link"":""/the-loai-album/Viet-Nam/el0RHYY9aI0v.html""},{""id"":""iawjijA80yVd"",""name"":""V-Pop"",""title"":""V-Pop"",""alias"":""v-pop"",""link"":""/the-loai-album/V-Pop/iawjijA80yVd.html""}]; title_score=0.902; artist_score=0.471",found_needs_review,,,https://www.youtube.com/watch?v=c5llVZ79WlI,pop,apple_music,DIFFERENT,HIGH
song_b3883803a82eb627,VSTRA - Internet Love (ft. Tyronee) | Official M/V,VSTRA,R&B Việt,zingmp3_title_artist_search,https://zingmp3.vn/bai-hat/VSTRA-VSTRA-TGSN-Tyronee/yLe6YYC4Qn8d.html,VSTRA,"VSTRA, TGSN, Tyronee",0.859,low,"[{""id"":""el0RHYY9aI0v"",""name"":""Việt Nam"",""title"":""Việt Nam"",""alias"":""viet-nam"",""link"":""/the-loai-album/Viet-Nam/el0RHYY9aI0v.html""},{""id"":""Qvf5V6XIXLP3"",""name"":""R&B Việt"",""title"":""R&B Việt"",""alias"":""r-b-viet"",""link"":""/the-loai-album/R-B-Viet/Qvf5V6XIXLP3.html""}]; title_score=1.000; artist_score=0.435",found_needs_review,,,https://www.youtube.com/watch?v=SCUo9vYSu6g,b việt|indie,zingmp3|nhaccuatui|nhac_vn|shazam|allmusic|qobuz|youtube,DIFFERENT,HIGH
song_36bae32617645058,VSTRA - PHONG (ft. TGSN & Tyronee) | Official Lyric Video (Explicit),VSTRA,R&B Việt,zingmp3_title_artist_search,https://zingmp3.vn/bai-hat/VSTRA-VSTRA-TGSN-Tyronee/yLe6YYC4Qn8d.html,VSTRA,"VSTRA, TGSN, Tyronee",0.859,low,"[{""id"":""el0RHYY9aI0v"",""name"":""Việt Nam"",""title"":""Việt Nam"",""alias"":""viet-nam"",""link"":""/the-loai-album/Viet-Nam/el0RHYY9aI0v.html""},{""id"":""Qvf5V6XIXLP3"",""name"":""R&B Việt"",""title"":""R&B Việt"",""alias"":""r-b-viet"",""link"":""/the-loai-album/R-B-Viet/Qvf5V6XIXLP3.html""}]; title_score=1.000; artist_score=0.435",found_needs_review,,,https://www.youtube.com/watch?v=50GgtdTIHJk,b việt|indie,zingmp3|nhaccuatui|shazam|nhac_vn|allmusic|qobuz|youtube,DIFFERENT,HIGH
song_d4799bde55aab65d,Vui Lắm Nha - Hương Ly ft Jombie | Official Music Video - MV Hài Tết 2022,Nguyễn Hương Ly Official,V-Pop,zingmp3_title_artist_search,https://zingmp3.vn/bai-hat/Vui-Lam-Nha-Huong-Ly-Jombie/6O8vsOeipvyy.html,Vui Lắm Nha,"Hương Ly, Jombie",0.891,medium,"[{""id"":""el0RHYY9aI0v"",""name"":""Việt Nam"",""title"":""Việt Nam"",""alias"":""viet-nam"",""link"":""/the-loai-album/Viet-Nam/el0RHYY9aI0v.html""},{""id"":""iawjijA80yVd"",""name"":""V-Pop"",""title"":""V-Pop"",""alias"":""v-pop"",""link"":""/the-loai-album/V-Pop/iawjijA80yVd.html""}]; title_score=1.000; artist_score=0.564",found_needs_review,,,https://www.youtube.com/watch?v=LmGERikvn6w,pop,apple_music,DIFFERENT,HIGH
song_c2667d876c8925fa,"Vui Lắm Nha Remix - Hương Ly, Jombie, Đại Mèo, mình ở bên nhau cuộc đời vui lắm nha Remix hot TIKTOK",BD Media Music,V-Pop,youtube_description,https://www.youtube.com/watch?v=r2VF1iPy-Ho,"Vui Lắm Nha Remix - Hương Ly, Jombie, Đại Mèo, mình ở bên nhau cuộc đời vui lắm nha Remix hot TIKTOK",BD Media Music,1.0,medium,"Đừng quên Đăng ký (Subscribe) BD Media Music để xem ngay Music Video Hot, Phim Ca Nhạc và Liên Khúc nhạc trẻ remix hay nhất 2018 nhé cả nhà. ✔ Đây là ca khúc được độc quyền bởi Công Ty BDMedia. Đề nghị các tổ chức, cá nhân không reup dưới mọi hình thức. LH Bản Quyền : bdmediamusic@gmail.com -------------------------",found_needs_review,,,https://www.youtube.com/watch?v=r2VF1iPy-Ho,pop,apple_music,DIFFERENT,HIGH
song_644d427f5d2f7a06,Vì Anh Là Gu Chị | Official Music Video | Phạm Quỳnh Anh feat. Ricky Star,Phạm Quỳnh Anh Official,Nhạc Phim,youtube_description,https://www.youtube.com/watch?v=aDoi6mJ1jpM,Vì Anh Là Gu Chị | Official Music Video | Phạm Quỳnh Anh feat. Ricky Star,Phạm Quỳnh Anh Official,1.0,medium,al: NGO HOANG HA Music Arranger: CAU HOANG (TRUESOUND) Guitar: TANDAK Mix & Master: HUYNH HIEN NANG OST: MR.BOTT Project Manager: PHUONG MAI Creative Concept: PHAM QUYNH ANH - KHUONG VU Graphic Designer: MAXK NGUYEN Typography: XUAN TIEN Artwork: CHILI37 STUDIO Photographer: HAI NGUYEN Behind The Scenes: VINH PHUC Styl,found_needs_review,,,https://www.youtube.com/watch?v=aDoi6mJ1jpM,pop|v-pop,apple_music|zingmp3,DIFFERENT,HIGH
song_1ca11bbd80788287,Vì Anh Đâu Có Biết,Madihu,R&B Việt,zingmp3_title_artist_search,https://zingmp3.vn/bai-hat/Vi-Anh-Dau-Co-Biet-Madihu-Vu/J9QUewBmra1.html,Vì Anh Đâu Có Biết,"Madihu, Vũ.",0.95,medium,"[{""id"":""el0RHYY9aI0v"",""name"":""Việt Nam"",""title"":""Việt Nam"",""alias"":""viet-nam"",""link"":""/the-loai-album/Viet-Nam/el0RHYY9aI0v.html""},{""id"":""Qvf5V6XIXLP3"",""name"":""R&B Việt"",""title"":""R&B Việt"",""alias"":""r-b-viet"",""link"":""/the-loai-album/R-B-Viet/Qvf5V6XIXLP3.html""}]; title_score=1.000; artist_score=0.800",found_needs_review,,,https://www.youtube.com/watch?v=YWKjGyKZC0k,soul|b việt,apple_music|zingmp3,DIFFERENT,HIGH
song_67b05213498c6254,VÌ YÊU ANH - LONA (White Valentine version),LONA Official,R&B Việt,zingmp3_title_artist_search,https://zingmp3.vn/bai-hat/Vi-Yeu-Anh-LONA/2tEmvsMDdwcZ.html,Vì Yêu Anh,LONA,0.868,low,"[{""id"":""el0RHYY9aI0v"",""name"":""Việt Nam"",""title"":""Việt Nam"",""alias"":""viet-nam"",""link"":""/the-loai-album/Viet-Nam/el0RHYY9aI0v.html""},{""id"":""Qvf5V6XIXLP3"",""name"":""R&B Việt"",""title"":""R&B Việt"",""alias"":""r-b-viet"",""link"":""/the-loai-album/R-B-Viet/Qvf5V6XIXLP3.html""}]; title_score=1.000; artist_score=0.471",found_needs_review,,,https://www.youtube.com/watch?v=nXuCCg1wlfA,pop|b việt,apple_music|zingmp3,DIFFERENT,HIGH
song_aec736b3caf81ac0,VÔ CÙNG ( Vì Anh Thương Em ) - Phan Duy Anh [ MV Audio Lyric ],BD Media Music,V-Pop,youtube_description,https://www.youtube.com/watch?v=iJKV5miglAg,VÔ CÙNG ( Vì Anh Thương Em ) - Phan Duy Anh [ MV Audio Lyric ],BD Media Music,1.0,medium,"Đừng quên Đăng ký (Subscribe) BD Media Music để xem ngay Music Video Hot, Phim Ca Nhạc và Liên Khúc nhạc trẻ remix hay nhất 2016 nhé cả nhà. ✔ Đây là ca khúc được độc quyền bởi Công Ty BDMedia. Đề nghị các tổ chức, cá nhân không reup dưới mọi hình thức. LH Bản Quyền : bdmediamusic@gmail.com ----------------------------",found_needs_review,,,https://www.youtube.com/watch?v=iJKV5miglAg,pop,apple_music,DIFFERENT,HIGH
song_924e24c083c4595d,VĂN MAI HƯƠNG & BÙI ANH TUẤN - NGHE NÓI ANH SẮP KẾT HÔN (Official MV),VĂN MAI HƯƠNG OFFICIAL,Nhạc Tôn Giáo,youtube_description,https://www.youtube.com/watch?v=ahfJYyJem8k,VĂN MAI HƯƠNG & BÙI ANH TUẤN - NGHE NÓI ANH SẮP KẾT HÔN (Official MV),VĂN MAI HƯƠNG OFFICIAL,1.0,medium,"tant: GIA HUY Makeup & Hair: XI QUAN LÊ, MẪN ĐẠT, BÉ THỎ Singer Assistant: BÉ ĐẸP Costume: XITA, VO THANH CAN, NUDIEYE, DECOS, IVAN TRẦN, AMAN FASHION, LE LUCAS Photo: KIM BÁNH TRÔI NƯỚC Motion & Graphic Design: NGUYỄN MINH THUỲ Behind The Scenes: NGUYỄN MINH THUỲ, TIẾN NGUYỄN Post Production: DONG NAM MOVIES --------",found_needs_review,,,https://www.youtube.com/watch?v=ahfJYyJem8k,pop|v-pop,apple_music|zingmp3,DIFFERENT,HIGH
song_1a2dee5fe7f31148,VĂN MAI HƯƠNG - HƯƠNG (HAOZI x RINV Remix) | Official Audio,VĂN MAI HƯƠNG OFFICIAL,V-Pop,zingmp3_title_artist_search,https://zingmp3.vn/bai-hat/Huong-Van-Mai-Huong-Negav/MwGSe7PQmheS.html,Hương,"Văn Mai Hương, Negav",0.933,medium,"[{""id"":""el0RHYY9aI0v"",""name"":""Việt Nam"",""title"":""Việt Nam"",""alias"":""viet-nam"",""link"":""/the-loai-album/Viet-Nam/el0RHYY9aI0v.html""},{""id"":""iawjijA80yVd"",""name"":""V-Pop"",""title"":""V-Pop"",""alias"":""v-pop"",""link"":""/the-loai-album/V-Pop/iawjijA80yVd.html""}]; title_score=1.000; artist_score=0.732",found_needs_review,,,https://www.youtube.com/watch?v=A0Q-DCRTFuM,pop|dance việt,apple_music|zingmp3,DIFFERENT,HIGH
song_319b7e3be33cba37,Vương Vấn Remix - Qinn Remix x TVk x Hana Cẩm Tiên - Chắc Chỉ Mỗi Anh Vẫn Còn Thương Remix TikTok,Qinn Media Music,V-Pop,youtube_description,https://www.youtube.com/watch?v=2QnDy0kVIrQ,Vương Vấn Remix - Qinn Remix x TVk x Hana Cẩm Tiên - Chắc Chỉ Mỗi Anh Vẫn Còn Thương Remix TikTok,Qinn Media Music,1.0,medium,x - Qinn Remix x TVk x Hana Cẩm Tiên - Chắc Chỉ Mỗi Anh Vẫn Còn Thương Remix TikTok #nonstop2022 #nhạctrẻ #vinahouse 📸 Photo by Pinteres MV GỐC : https://youtu.be/pwUANph11O8 ________________________________________________ ♫ Đăng Ký Kênh: https://bit.ly/3OZcGER ♫ Page: https://www.facebook.com/qinnmedia.net ✉ Hợp t,found_needs_review,,,https://www.youtube.com/watch?v=2QnDy0kVIrQ,dance,apple_music,DIFFERENT,HIGH
song_c663c0fde332e083,Vầng Trăng Khóc - Nhật Tinh Anh ft Khánh Ngọc - MV bài hát quốc dân đỉnh cao của GMC Music,GMC MUSIC,V-Pop,youtube_description,https://www.youtube.com/watch?v=ACXuP5zn_eI,Vầng Trăng Khóc - Nhật Tinh Anh ft Khánh Ngọc - MV bài hát quốc dân đỉnh cao của GMC Music,GMC MUSIC,1.0,medium,ft Khánh Ngọc - MV bài hát quốc dân đỉnh cao của GMC Music #vangtrangkhoc #nhattinhanh #khanhngoc #nhactre #nhachaymoingay #songca Công ty TNHH Nhạc Xanh Địa chỉ: 26 - Nguyễn Xí - Phường 26 - Bình Thạnh - TP.HCM Email: nhacxanh.duykhanh@gmail.com Tel: Mr.Kevin (093.333.8228),found_needs_review,,,https://www.youtube.com/watch?v=ACXuP5zn_eI,pop,apple_music,DIFFERENT,HIGH
song_18d24e584c5bc048,Vết Nhơ - Tuấn Hưng [Official MV],Tuấn Hưng,V-Pop,youtube_description,https://www.youtube.com/watch?v=LQvZErRyPpQ,Vết Nhơ - Tuấn Hưng [Official MV],Tuấn Hưng,1.0,medium,facebook.com/tuanhung.fanpage ♫ Google Plus : http://bit.ly/TuanHungGGPlus Tuấn Hưng là một ca sĩ nhạc trẻ của Việt Nam. Anh được công chúng biết đến qua vai trò là thành viên của nhóm nhạc Quả dưa hấu - nhóm nhạc nổi tiếng của Hà Nội vào những năm cuối thế kỉ 20. Tuấn Hưng còn là một ca sĩ solo với các ca khúc nổi t,found_needs_review,,,https://www.youtube.com/watch?v=LQvZErRyPpQ,pop,apple_music,DIFFERENT,HIGH
song_f42cb4cc905c3058,"Về Miền Sóng, Về Miền Gió - Nhóm Phương Đông [MV HD]",Nhạc Cách Mạng Tiền Chiến,Nhạc Cách Mạng,youtube_description,https://www.youtube.com/watch?v=bnTjPVgmZk0,"Về Miền Sóng, Về Miền Gió - Nhóm Phương Đông [MV HD]",Nhạc Cách Mạng Tiền Chiến,1.0,medium,▶ Theo dõi kênh Nhạc Cách Mạng Tiền Chiến: https://goo.gl/asFAPL ----------------------------- Những Bài Hát Hay Nhất:https://goo.gl/VcdKsJ Nhạc Đỏ Trữ Tình Quê Hương:https://goo.gl/29b7nt Tình Ca Tây Bắc Hay Nhất:https://goo.gl/TTVzMq,found_needs_review,,,https://www.youtube.com/watch?v=bnTjPVgmZk0,hip hop|rap,apple_music,DIFFERENT,HIGH
song_b5048d82c3905143,VỀ NHÀ THÔI | DOÃN HIẾU X KHÁNH X NGUYÊN JENDA | OFFICIAL MV,Doãn Hiếu,V-Pop | Tết,zingmp3_title_artist_search,https://zingmp3.vn/bai-hat/Ve-Nha-Thoi-Doan-Hieu-KHANH-Nguyen-Jenda/O3w5MTom8fKB.html,Về Nhà Thôi,"Doãn Hiếu, KHÁNH, Nguyên Jenda",0.872,low,"[{""id"":""el0RHYY9aI0v"",""name"":""Việt Nam"",""title"":""Việt Nam"",""alias"":""viet-nam"",""link"":""/the-loai-album/Viet-Nam/el0RHYY9aI0v.html""},{""id"":""iawjijA80yVd"",""name"":""V-Pop"",""title"":""V-Pop"",""alias"":""v-pop"",""link"":""/the-loai-album/V-Pop/iawjijA80yVd.html""},{""id"":""nQZjDX1pgofW"",""name"":""Tết"",""title"":""Tết"",""alias"":""tet"",""link"":""/the-loai-album/Tet/nQZjDX1pgofW.html""}]; title_score=1.000; artist_score=0.486",found_needs_review,,,https://www.youtube.com/watch?v=q6he9HFsg60,alternative|electronic,web_search,DIFFERENT,LOW
song_5c222f3393f13ee3,W/n - id 2022 ft. 267 | OFFICIAL MUSIC VIDEO,W/n,V-Pop,zingmp3_title_artist_search,https://zingmp3.vn/bai-hat/id-2022-feat-267-W-N-267/YVEiqDZhfNyI.html,id 2022 (feat. 267),"W/N, 267",0.85,low,"[{""id"":""el0RHYY9aI0v"",""name"":""Việt Nam"",""title"":""Việt Nam"",""alias"":""viet-nam"",""link"":""/the-loai-album/Viet-Nam/el0RHYY9aI0v.html""},{""id"":""iawjijA80yVd"",""name"":""V-Pop"",""title"":""V-Pop"",""alias"":""v-pop"",""link"":""/the-loai-album/V-Pop/iawjijA80yVd.html""}]; title_score=0.933; artist_score=0.600",found_needs_review,,,https://www.youtube.com/watch?v=Bunu0wj6c9c,hip hop|rap,apple_music,DIFFERENT,HIGH
song_7bfa6a4e1281774d,Willie Nelson - Seven Spanish Angels (Official Video),Willie Nelson,Âu Mỹ | Rap / Hip Hop,zingmp3_title_artist_search,https://zingmp3.vn/bai-hat/Willie-Nelson-Lee-Sang-Gul/Bm7zozhjicuN.html,Willie Nelson,Lee Sang Gul,0.85,low,"[{""id"":""q3564DMx4CZN"",""name"":""Âu Mỹ"",""title"":""Âu Mỹ"",""alias"":""au-my"",""link"":""/the-loai-album/Au-My/q3564DMx4CZN.html""},{""id"":""XS3QXI9JwoS"",""name"":""Rap / Hip Hop"",""title"":""Rap / Hip Hop"",""alias"":""rap-hip-hop"",""link"":""/the-loai-album/Rap-Hip-Hop/XS3QXI9JwoS.html""}]; title_score=1.000; artist_score=0.400",found_needs_review,,,https://www.youtube.com/watch?v=x8A9Y1Dq_cQ,country|blues|jazz|audiophile|folk|world,apple_music|zingmp3|discogs,DIFFERENT,HIGH
song_b5af99b2b82ef617,WREN EVANS - Tò Te Tí | LOI CHOI The First Album (ft. itsnk),Wren Evans Official,R&B Việt,zingmp3_title_artist_search,https://zingmp3.vn/bai-hat/To-Te-Ti-Wren-Evans-Itsnk/1BRC7OmYzsf.html,Tò Te Tí,"Wren Evans, Itsnk",0.921,medium,"[{""id"":""el0RHYY9aI0v"",""name"":""Việt Nam"",""title"":""Việt Nam"",""alias"":""viet-nam"",""link"":""/the-loai-album/Viet-Nam/el0RHYY9aI0v.html""},{""id"":""Qvf5V6XIXLP3"",""name"":""R&B Việt"",""title"":""R&B Việt"",""alias"":""r-b-viet"",""link"":""/the-loai-album/R-B-Viet/Qvf5V6XIXLP3.html""}]; title_score=1.000; artist_score=0.686",found_needs_review,,,https://www.youtube.com/watch?v=aCqmdPaTVSg,v-pop,zingmp3,DIFFERENT,HIGH
song_a8a5b6187c8850ec,WREN EVANS - TỪNG QUEN | OFFICIAL AUDIO,Wren Evans Official,R&B Việt,youtube_description,https://www.youtube.com/watch?v=zepHPnUDROE,WREN EVANS - TỪNG QUEN | OFFICIAL AUDIO,Wren Evans Official,1.0,medium,Nhật Thi Rental: CineHanoi #tungquen #wrenevans #music #trending #monox #playlist #pop #reggaeton #rnb #afrobeat #afropop #youtubetrending #newmusic #wren #musicvideo #officialmusicvideo musicvideo #artist #hottrendmusic #hotmusic #hotmusicyoutube #mv #officialaudio #audio -----------------------------------------,found_needs_review,,,https://www.youtube.com/watch?v=zepHPnUDROE,pop|b việt|electronic|hip hop|funk|soul|drill|jersey club|v-pop|rhythm|blues|alt-pop,apple_music|zingmp3|discogs,DIFFERENT,HIGH
song_1a1b4cc023e97b86,Wxrdie - ANH FREESTYLE (ft. Gill) [prod. by Lucin3x],Wxrdie,Rap Việt,youtube_description,https://www.youtube.com/watch?v=raIssHWWs_g,Wxrdie - ANH FREESTYLE (ft. Gill) [prod. by Lucin3x],Wxrdie,1.0,medium,i sử dụng cũng như re-upload dưới mọi hình thức #Wxrdie #THEWXRDIES #AnhFreestyle #thewxrdiesalbum #rap #hiphop #Gill #Lucin3x,found_needs_review,,,https://www.youtube.com/watch?v=raIssHWWs_g,hip hop|rap,nhaccuatui|shazam|allmusic|nhac_vn|qobuz|youtube,DIFFERENT,HIGH
song_be03ccc6f9b14a13,Wxrdie - BĂNG QUA CẦU GIẤY (ft. @jasondilla2711) [prod. by @phongkhin],Wxrdie,Rap Việt,youtube_description,https://www.youtube.com/watch?v=H3sJ8NrQSks,Wxrdie - BĂNG QUA CẦU GIẤY (ft. @jasondilla2711) [prod. by @phongkhin],Wxrdie,1.0,medium,trước khi sử dụng cũng như re-upload dưới mọi hình thức #wxrdie #BangQuaCauGiay #BQCG #THEWXRDIES #rap #hiphop,found_needs_review,,,https://www.youtube.com/watch?v=H3sJ8NrQSks,hip hop|rap,nhaccuatui|shazam|nhac_vn|allmusic|qobuz|youtube,DIFFERENT,HIGH
song_c85549fa6b873a99,Wxrdie - Bước Za Đi Xa (prod. by @Lucin3x  & @Marlycrazybeat),Wxrdie,Rap Việt,youtube_description,https://www.youtube.com/watch?v=pIuqh7GP308,Wxrdie - Bước Za Đi Xa (prod. by @Lucin3x  & @Marlycrazybeat),Wxrdie,1.0,medium,i mọi hình thức #wxrdie #BZDX #buoczadixa #nangamxadan #sontungmtp #lucin3x #marlykid #420 #420ent #rap #hiphop #hyperfocus #hyperfocusvn,found_needs_review,,,https://www.youtube.com/watch?v=pIuqh7GP308,hip hop|rap,nhaccuatui|nhac_vn|shazam|allmusic|qobuz|youtube,DIFFERENT,HIGH
song_292ce4d5a3feed06,Wxrdie - ĐAU ĐẦU (prod. by Marlykid),Wxrdie,Rap Việt,youtube_description,https://www.youtube.com/watch?v=z_ioKFEp3LE,Wxrdie - ĐAU ĐẦU (prod. by Marlykid),Wxrdie,1.0,medium,c khi sử dụng cũng như re-upload dưới mọi hình thức #wxrdie #đauđầu #daudau #marlykid #420 #420ent #rap #hiphop #mumblerap #hyperfocus #hyperfocusvn #thewxrdies,found_needs_review,,,https://www.youtube.com/watch?v=z_ioKFEp3LE,hip hop|rap,nhaccuatui|nhac_vn|shazam|allmusic|qobuz|youtube,DIFFERENT,HIGH
song_30b2e688d58f65dd,Xin Anh Quay Về Bên Em,Tăng Quỳnh My,V-Pop,zingmp3_title_artist_search,https://zingmp3.vn/bai-hat/Xin-Anh-Quay-Ve-Ben-Em-Tang-Quynh-My-NIZ/cR2SBfjrmB.html,Xin Anh Quay Về Bên Em,"Tăng Quỳnh My, NIZ",0.967,medium,"[{""id"":""el0RHYY9aI0v"",""name"":""Việt Nam"",""title"":""Việt Nam"",""alias"":""viet-nam"",""link"":""/the-loai-album/Viet-Nam/el0RHYY9aI0v.html""},{""id"":""iawjijA80yVd"",""name"":""V-Pop"",""title"":""V-Pop"",""alias"":""v-pop"",""link"":""/the-loai-album/V-Pop/iawjijA80yVd.html""}]; title_score=1.000; artist_score=0.867",found_needs_review,ZW7UBA7I,https://zingmp3.vn/bai-hat/Xin-Anh-Quay-Ve-Ben-Em-Tang-Quynh-My/ZW7UBA7I.html,,pop,apple_music,DIFFERENT,HIGH
song_582f89bdd0cb1341,YK Osiris - Worth It (Official Video),YK Osiris,Âu Mỹ | R&B / Soul,zingmp3_title_artist_search,https://zingmp3.vn/bai-hat/Worth-It-YK-Osiris/SKiiCXJGuJbt.html,Worth It,YK Osiris,1.0,medium,"[{""id"":""q3564DMx4CZN"",""name"":""Âu Mỹ"",""title"":""Âu Mỹ"",""alias"":""au-my"",""link"":""/the-loai-album/Au-My/q3564DMx4CZN.html""},{""id"":""qMekMHrW3Gob"",""name"":""R&B / Soul"",""title"":""R&B / Soul"",""alias"":""r-b-soul"",""link"":""/the-loai-album/R-B-Soul/qMekMHrW3Gob.html""}]; title_score=1.000; artist_score=1.000",found_needs_review,,,https://www.youtube.com/watch?v=nPiFfJ0UTqE,hip hop|rap|country,apple_music|zingmp3|qobuz,DIFFERENT,HIGH
song_69c204137c7e5c15,Young,Mono Official,V-Pop,zingmp3_title_artist_search,https://zingmp3.vn/bai-hat/Young-MONO/e79Ph4CiZbtE.html,Young,MONO,0.868,low,"[{""id"":""el0RHYY9aI0v"",""name"":""Việt Nam"",""title"":""Việt Nam"",""alias"":""viet-nam"",""link"":""/the-loai-album/Viet-Nam/el0RHYY9aI0v.html""},{""id"":""iawjijA80yVd"",""name"":""V-Pop"",""title"":""V-Pop"",""alias"":""v-pop"",""link"":""/the-loai-album/V-Pop/iawjijA80yVd.html""}]; title_score=1.000; artist_score=0.471",found_needs_review,,,https://www.youtube.com/watch?v=liIP_HPXrds,rock|electronic|noise,apple_music|zingmp3|discogs,DIFFERENT,HIGH
song_4795427b6b0b5fc0,Yêu Anh Nhất Đời (Official Music Video) | LyLy Official,LyLy Official,V-Pop,zingmp3_title_artist_search,https://zingmp3.vn/bai-hat/Yeu-Anh-Nhat-Doi-LyLy/BoO6GPjSMU7a.html,Yêu Anh Nhất Đời,LyLy,0.868,low,"[{""id"":""el0RHYY9aI0v"",""name"":""Việt Nam"",""title"":""Việt Nam"",""alias"":""viet-nam"",""link"":""/the-loai-album/Viet-Nam/el0RHYY9aI0v.html""},{""id"":""iawjijA80yVd"",""name"":""V-Pop"",""title"":""V-Pop"",""alias"":""v-pop"",""link"":""/the-loai-album/V-Pop/iawjijA80yVd.html""}]; title_score=1.000; artist_score=0.471",found_needs_review,,,https://www.youtube.com/watch?v=dwp9V63-udA,rock|pop|j-pop,discogs,DIFFERENT,HIGH
song_f87d83036a054edb,Yêu Anh Yêu Bình Yên | Bảo Thy Official,Bảo Thy Official,V-Pop,zingmp3_title_artist_search,https://zingmp3.vn/bai-hat/Yeu-Anh-Yeu-Binh-Yen-Bao-Thy/3zVYakDRRDfl.html,Yêu Anh Yêu Bình Yên,Bảo Thy,0.902,medium,"[{""id"":""el0RHYY9aI0v"",""name"":""Việt Nam"",""title"":""Việt Nam"",""alias"":""viet-nam"",""link"":""/the-loai-album/Viet-Nam/el0RHYY9aI0v.html""},{""id"":""iawjijA80yVd"",""name"":""V-Pop"",""title"":""V-Pop"",""alias"":""v-pop"",""link"":""/the-loai-album/V-Pop/iawjijA80yVd.html""}]; title_score=1.000; artist_score=0.609",found_needs_review,,,https://www.youtube.com/watch?v=OZXqgx3sVSI,pop|folk|world|country|trữ tình,apple_music|discogs,DIFFERENT,HIGH
song_07a24a43f3383779,Yêu Bạn Được Không (Friendzone) - Juun Đăng Dũng ft RTee | Audio Lyric | Sing My Song 2018,VIVA SHOW,Rap Việt,youtube_description,https://www.youtube.com/watch?v=giT1jrgUZlE,Yêu Bạn Được Không (Friendzone) - Juun Đăng Dũng ft RTee | Audio Lyric | Sing My Song 2018,VIVA SHOW,1.0,medium,"hấu Sing My Song - Bài Hát Hay Nhất 2018 cực nóng với ca khúc ""Yêu bạn được không"" bằng phong cách hiphop, âm nhạc sôi động và phần rap ""cực chất"". ------------- Yêu bạn được không Audio Lyric Sáng tác - Trình bày: Juun Đăng Dũng và RTee RTEE : Em ơi! Từ vị trí bạn mình chuyển sang yêu được không? Để anh còn bi",found_needs_review,,,https://www.youtube.com/watch?v=giT1jrgUZlE,rock|funk|soul|pop|folk|world|country,discogs,DIFFERENT,HIGH
song_84d3095c136e7bc8,YÊU EM LÀ ĐỊNH MỆNH - CAO THÁI SƠN | OFFICIAL MUSIC VIDEO,Cao Thái Sơn,Nhạc Tôn Giáo,youtube_description,https://www.youtube.com/watch?v=rB2-3P6CMcI,YÊU EM LÀ ĐỊNH MỆNH - CAO THÁI SƠN | OFFICIAL MUSIC VIDEO,Cao Thái Sơn,1.0,medium,"THONG, BA THUONG - EDITOR & COLOR GRADING : PHAN LEN - ACTION DIRECTOR : BEA ROMEO PHAM - MAKEUP : THANH CASTA - HAIR STYLIST : THANH VU - PHOTOGRAPHER : TIEU VY - GRAPHIC DESIGNER : DUONG CAO TRI - LIGHTING : PHU PHUONG NAM ------------------------------------------------ Lyric : Từng vấp ngã với anh bao lần Lúc đ",found_needs_review,,,https://www.youtube.com/watch?v=rB2-3P6CMcI,pop|v-pop,apple_music|zingmp3,DIFFERENT,HIGH
song_596524df47f195cb,Yêu Em Rất Nhiều,HOÀNG TÔN,R&B Việt,zingmp3_title_artist_search,https://zingmp3.vn/bai-hat/Yeu-Em-Rat-Nhieu-Hoang-Ton/KOaQYeEGAVIY.html,Yêu Em Rất Nhiều,Hoàng Tôn,1.0,medium,"[{""id"":""el0RHYY9aI0v"",""name"":""Việt Nam"",""title"":""Việt Nam"",""alias"":""viet-nam"",""link"":""/the-loai-album/Viet-Nam/el0RHYY9aI0v.html""},{""id"":""Qvf5V6XIXLP3"",""name"":""R&B Việt"",""title"":""R&B Việt"",""alias"":""r-b-viet"",""link"":""/the-loai-album/R-B-Viet/Qvf5V6XIXLP3.html""}]; title_score=1.000; artist_score=1.000",found_needs_review,,,https://www.youtube.com/watch?v=rMbTExG9j1U,pop|b việt,apple_music|zingmp3,DIFFERENT,HIGH
song_0d3088ec0d0da0d4,Yêu Em Và Hãy Như Lời Anh Hứa ( OFFICIAL MV FULL ) | Khổng Tú Quỳnh,Khổng Tú Quỳnh Official,V-Pop,zingmp3_title_artist_search,https://zingmp3.vn/bai-hat/Yeu-Em-Va-Hay-Nhu-Loi-Anh-Hua-Khong-Tu-Quynh/6Tdv0MBAKGdz.html,Yêu Em Và Hãy Như Lời Anh Hứa,Khổng Tú Quỳnh,0.939,medium,"[{""id"":""el0RHYY9aI0v"",""name"":""Việt Nam"",""title"":""Việt Nam"",""alias"":""viet-nam"",""link"":""/the-loai-album/Viet-Nam/el0RHYY9aI0v.html""},{""id"":""iawjijA80yVd"",""name"":""V-Pop"",""title"":""V-Pop"",""alias"":""v-pop"",""link"":""/the-loai-album/V-Pop/iawjijA80yVd.html""}]; title_score=1.000; artist_score=0.757",found_needs_review,,,https://www.youtube.com/watch?v=dXa6FxwAG0k,pop|folk|world|country|trữ tình|ballad,discogs,DIFFERENT,HIGH
song_f86bb04022eaad97,Yêu Là Cưới Remix - (Phát Hồ X2X x Jenny Remix) - đếm bao ngày xuân đi qua remix hot tik tok,Jenny Remix,V-Pop,youtube_description,https://www.youtube.com/watch?v=qXwaGRK6GlU,Yêu Là Cưới Remix - (Phát Hồ X2X x Jenny Remix) - đếm bao ngày xuân đi qua remix hot tik tok,Jenny Remix,1.0,medium,"Đừng quên Đăng ký (Subscribe) BD Media Music để xem ngay Music Video Hot, Phim Ca Nhạc và Liên Khúc nhạc trẻ remix hay nhất 2018 nhé cả nhà. ✔ Đây là ca khúc được độc quyền bởi Công Ty BDMedia. Đề nghị các tổ chức, cá nhân không reup dưới mọi hình thức. LH Bản Quyền : bdmediamusic@gmail.com ----------------------------",found_needs_review,,,https://www.youtube.com/watch?v=qXwaGRK6GlU,pop,apple_music,DIFFERENT,HIGH
song_686fe753b162eb5a,"Yêu Là ""Tha Thu"" | Only C | Em Chưa 18 OST | Official Music Video",YEAH1 MUSIC,Nhạc Phim,youtube_description,https://www.youtube.com/watch?v=-nnWBhKZeg0,"Yêu Là ""Tha Thu"" | Only C | Em Chưa 18 OST | Official Music Video",YEAH1 MUSIC,1.0,medium,"Yêu Là ""Tha Thu"" | Only C | Em Chưa 18 OST | Official Music Video #yeah1 #YeuLaThaThu #OnlyC #EmChua18 Bài Hát: Yêu Là ""Tha Thu"" Sáng Tác: Nguyễn Phúc Thiện Sáng Tác Nhạc : Only C Trinh Bày : Only C Đạo Diễn : Lê Thanh Sơn Giám Đốc Sản Xuất: Jimmy Phạm Nghiê",found_needs_review,,,https://www.youtube.com/watch?v=-nnWBhKZeg0,soul,apple_music,DIFFERENT,HIGH
song_98d5fce7f1b3e7d4,Yêu Nhầm Người - Lê Bảo Bình,LIKE MUSIC,V-Pop,youtube_description,https://www.youtube.com/watch?v=DDlP6PBDvwc,Yêu Nhầm Người - Lê Bảo Bình,LIKE MUSIC,1.0,medium,🎵 Yêu Nhầm Người - Lê Bảo Bình 🎵 Đăng Ký Kênh (Subscribe) Ngay Để Cập Nhập Ca Khúc Nhạc Trẻ Mới Nhất ! Kênh channel của Lê Bảo Bình : https://m.youtube.com/channel/UClP6DSD9Ztkrdml-w-OZWCA Mọi Người Vào Đường Link Mô Tả Nghe Và Subscribe kênh Lê Bảo Bình nhé !,found_needs_review,,,https://www.youtube.com/watch?v=DDlP6PBDvwc,pop,apple_music,DIFFERENT,HIGH
song_a2d98e32eb64c33f,Yêu Từ Đâu Mà Ra,Lil Z Poet,R&B Việt,zingmp3_title_artist_search,https://zingmp3.vn/bai-hat/Yeu-Tu-Dau-Ma-Ra-Lil-Zpoet/KD2CTK50OnnO.html,Yêu Từ Đâu Mà Ra?,Lil Zpoet,0.987,medium,"[{""id"":""el0RHYY9aI0v"",""name"":""Việt Nam"",""title"":""Việt Nam"",""alias"":""viet-nam"",""link"":""/the-loai-album/Viet-Nam/el0RHYY9aI0v.html""},{""id"":""Qvf5V6XIXLP3"",""name"":""R&B Việt"",""title"":""R&B Việt"",""alias"":""r-b-viet"",""link"":""/the-loai-album/R-B-Viet/Qvf5V6XIXLP3.html""}]; title_score=1.000; artist_score=0.947",found_needs_review,,,https://www.youtube.com/watch?v=cD77ELHmbqo,pop|b việt,apple_music|zingmp3,DIFFERENT,HIGH
song_fed46801c21e8310,Ít Nhưng Dài Lâu - Yan Nguyễn (MV Official),BD Media Music,V-Pop,youtube_description,https://www.youtube.com/watch?v=LFEFS-mtW0c,Ít Nhưng Dài Lâu - Yan Nguyễn (MV Official),BD Media Music,1.0,medium,"Đừng quên Đăng ký (Subscribe) BD Media Music để xem ngay Music Video Hot, Phim Ca Nhạc và Liên Khúc nhạc trẻ remix hay nhất 2016 nhé cả nhà. ✔ Đây là ca khúc được độc quyền bởi Công Ty BDMedia. Đề nghị các tổ chức, cá nhân không reup dưới mọi hình thức. LH Bản Quyền : bdmediamusic@gmail.com ----------------------------",found_needs_review,,,https://www.youtube.com/watch?v=LFEFS-mtW0c,pop,apple_music,DIFFERENT,HIGH
song_db408716f8ee1bc5,đen đá không đường,AMEE,R&B Việt,zingmp3_title_artist_search,https://zingmp3.vn/bai-hat/Den-Da-Khong-Duong-AMEE/Y7hd6JOiUFzU.html,Đen Đá Không Đường,AMEE,1.0,medium,"[{""id"":""el0RHYY9aI0v"",""name"":""Việt Nam"",""title"":""Việt Nam"",""alias"":""viet-nam"",""link"":""/the-loai-album/Viet-Nam/el0RHYY9aI0v.html""},{""id"":""Qvf5V6XIXLP3"",""name"":""R&B Việt"",""title"":""R&B Việt"",""alias"":""r-b-viet"",""link"":""/the-loai-album/R-B-Viet/Qvf5V6XIXLP3.html""}]; title_score=1.000; artist_score=1.000",found_needs_review,,,https://www.youtube.com/watch?v=ofIzwjRu5r8,pop|b việt|bubblegum|v-pop,apple_music|zingmp3|discogs|musicbrainz,DIFFERENT,HIGH
song_dfe91f95ca12591d,Đi Về Đâu,Tiên Tiên,R&B Việt,zingmp3_title_artist_search,https://zingmp3.vn/bai-hat/Di-Ve-Dau-Tien-Tien/OXpSvYPonlRn.html,Đi Về Đâu,Tiên Tiên,1.0,medium,"[{""id"":""el0RHYY9aI0v"",""name"":""Việt Nam"",""title"":""Việt Nam"",""alias"":""viet-nam"",""link"":""/the-loai-album/Viet-Nam/el0RHYY9aI0v.html""},{""id"":""Qvf5V6XIXLP3"",""name"":""R&B Việt"",""title"":""R&B Việt"",""alias"":""r-b-viet"",""link"":""/the-loai-album/R-B-Viet/Qvf5V6XIXLP3.html""}]; title_score=1.000; artist_score=1.000",found_needs_review,,,https://www.youtube.com/watch?v=outOiTugUmU,soul|b việt|folk|world|country|rap,apple_music|zingmp3|discogs|nhaccuatui|nhac_vn|allmusic|shazam|qobuz|youtube,DIFFERENT,HIGH
song_4404687776203ebe,Điêu Toa - Masew x Pháo,Masew,Rap Việt,zingmp3_title_artist_search,https://zingmp3.vn/bai-hat/Dieu-Toa-Masew-Phao/xshvnZTkj04.html,Điêu Toa,"Masew, Pháo",0.917,medium,"[{""id"":""el0RHYY9aI0v"",""name"":""Việt Nam"",""title"":""Việt Nam"",""alias"":""viet-nam"",""link"":""/the-loai-album/Viet-Nam/el0RHYY9aI0v.html""},{""id"":""TqW0gmJ1dR5O"",""name"":""Rap Việt"",""title"":""Rap Việt"",""alias"":""rap-viet"",""link"":""/the-loai-album/Rap-Viet/TqW0gmJ1dR5O.html""}]; title_score=1.000; artist_score=0.667",found_needs_review,,,https://www.youtube.com/watch?v=KabeMVHgRLQ,edm việt|rock,zingmp3|qobuz,DIFFERENT,HIGH
song_43b0494357bff12c,ĐOÁ HỒNG CHƠI VƠI - Anh Tú trở lại với sở trường ballad cực da diết | Anh Trai Say Hi [Performance],Vie Channel - MUSIC,Rap Việt,youtube_description,https://www.youtube.com/watch?v=0H7mg-DklbU,ĐOÁ HỒNG CHƠI VƠI - Anh Tú trở lại với sở trường ballad cực da diết | Anh Trai Say Hi [Performance],Vie Channel - MUSIC,1.0,medium,p VieON tại: https://click.vieon.vn/wSBG/ytapp Xem các chương trình hấp dẫn khác của Vie Channel: ►Rap Việt Full: https://bit.ly/RAPVIETSS3 ►Người Ấy Là Ai Full: https://bit.ly/NALASS5 ►Hoa Vương Full: https://bit.ly/HoaVươngFull ►The Masked Singer Vietnam Full: https://bit.ly/TMSVNSS2 Hoặc xem thêm trên hệ thống Vie,found_needs_review,,,https://www.youtube.com/watch?v=0H7mg-DklbU,pop|house,nhac_vn|youtube,DIFFERENT,HIGH
song_fd13ac90fa2ae986,Đoạn Kết Trong Tình Yêu,Hoang Phu,V-Pop,zingmp3_title_artist_search,https://zingmp3.vn/bai-hat/Doan-Ket-Trong-Tinh-Yeu-Ung-Hoang-Phuc/iw2HKOkaScyc.html,Đoạn Kết Trong Tình Yêu,Ưng Hoàng Phúc,0.946,medium,"[{""id"":""el0RHYY9aI0v"",""name"":""Việt Nam"",""title"":""Việt Nam"",""alias"":""viet-nam"",""link"":""/the-loai-album/Viet-Nam/el0RHYY9aI0v.html""},{""id"":""iawjijA80yVd"",""name"":""V-Pop"",""title"":""V-Pop"",""alias"":""v-pop"",""link"":""/the-loai-album/V-Pop/iawjijA80yVd.html""}]; title_score=1.000; artist_score=0.783",found_needs_review,ZWZE6Z0D,https://zingmp3.vn/bai-hat/Doan-Ket-Trong-Tinh-Yeu-Ung-Hoang-Phuc/ZWZE6Z0D.html,,pop,apple_music,DIFFERENT,HIGH
song_4b30b24582eae213,Đánh Mất Em (Lofi Ver.) - Quang Đăng Trần x Freak D,Freak D Music,V-Pop,zingmp3_title_artist_search,https://zingmp3.vn/bai-hat/Danh-Mat-Em-Lofi-Version-Quang-Dang-Tran-Freak-D/TJalaVqDpqpK.html,Đánh Mất Em (Lofi Version),"Quang Đăng Trần, Freak D",0.779,low,"[{""id"":""el0RHYY9aI0v"",""name"":""Việt Nam"",""title"":""Việt Nam"",""alias"":""viet-nam"",""link"":""/the-loai-album/Viet-Nam/el0RHYY9aI0v.html""},{""id"":""iawjijA80yVd"",""name"":""V-Pop"",""title"":""V-Pop"",""alias"":""v-pop"",""link"":""/the-loai-album/V-Pop/iawjijA80yVd.html""}]; title_score=0.905; artist_score=0.400",found_needs_review,,,https://www.youtube.com/watch?v=bzetKbFnmSw,pop,apple_music,DIFFERENT,HIGH
song_922c8ba02268c456,Đã Lỡ Yêu Em Nhiều,JustaTeeMusic,R&B Việt,zingmp3_title_artist_search,https://zingmp3.vn/bai-hat/Da-Lo-Yeu-Em-Nhieu-JustaTee/9AA6ruR26G6L.html,Đã Lỡ Yêu Em Nhiều,JustaTee,0.94,medium,"[{""id"":""el0RHYY9aI0v"",""name"":""Việt Nam"",""title"":""Việt Nam"",""alias"":""viet-nam"",""link"":""/the-loai-album/Viet-Nam/el0RHYY9aI0v.html""},{""id"":""Qvf5V6XIXLP3"",""name"":""R&B Việt"",""title"":""R&B Việt"",""alias"":""r-b-viet"",""link"":""/the-loai-album/R-B-Viet/Qvf5V6XIXLP3.html""}]; title_score=1.000; artist_score=0.762",found_needs_review,,,https://www.youtube.com/watch?v=Pc1CD6sDuPc,b việt,zingmp3,DIFFERENT,HIGH
song_d3e531c31957d869,Đã Quá Muộn,Luu Hung,V-Pop,zingmp3_title_artist_search,https://zingmp3.vn/bai-hat/Da-Qua-Muon-Luu-Hung/2y3q4PoZQXXH.html,Đã Quá Muộn,Lưu Hưng,1.0,medium,"[{""id"":""el0RHYY9aI0v"",""name"":""Việt Nam"",""title"":""Việt Nam"",""alias"":""viet-nam"",""link"":""/the-loai-album/Viet-Nam/el0RHYY9aI0v.html""},{""id"":""iawjijA80yVd"",""name"":""V-Pop"",""title"":""V-Pop"",""alias"":""v-pop"",""link"":""/the-loai-album/V-Pop/iawjijA80yVd.html""}]; title_score=1.000; artist_score=1.000",found_needs_review,ZOAUDUC8,https://zingmp3.vn/bai-hat/Co-Phai-Da-Qua-Muon-Mang-Beat-Ung-Hoang-Phuc/ZOAUDUC8.html,,pop,apple_music,DIFFERENT,HIGH
song_5991d0a27bcf2624,Đêm Cuối Tình Yêu,"Khang Le,Ly Dieu Linh",Nhạc Trữ Tình,zingmp3_title_artist_search,https://zingmp3.vn/bai-hat/Dem-Cuoi-Tinh-Yeu-Ly-Dieu-Linh-Khang-Le/dRAOE30hrHcJ.html,Đêm Cuối Tình Yêu,"Lý Diệu Linh, Khang Lê",0.893,medium,"[{""id"":""el0RHYY9aI0v"",""name"":""Việt Nam"",""title"":""Việt Nam"",""alias"":""viet-nam"",""link"":""/the-loai-album/Viet-Nam/el0RHYY9aI0v.html""},{""id"":""brC6BYOzAGjo"",""name"":""Nhạc Trữ Tình"",""title"":""Nhạc Trữ Tình"",""alias"":""nhac-tru-tinh"",""link"":""/the-loai-album/Nhac-Tru-Tinh/brC6BYOzAGjo.html""}]; title_score=1.000; artist_score=0.571",found_needs_review,ZWZDZCAU,https://zingmp3.vn/bai-hat/Dem-Cuoi-Tinh-Yeu-Khang-Le-Ly-Dieu-Linh/ZWZDZCAU.html,,pop,apple_music,DIFFERENT,HIGH
song_a73cfe7d8a86b9e0,Đêm Giao Thừa Nghe Một Khúc Dân Ca,Hoàng Quân,Nhạc Trữ Tình | Tết,zingmp3_title_artist_search,https://zingmp3.vn/bai-hat/Dem-Giao-Thua-Nghe-Mot-Khuc-Dan-Ca-Huong-Thuy/uRpH00u8qkuP.html,Đêm Giao Thừa Nghe Một Khúc Dân Ca,Hương Thủy,0.9,medium,"[{""id"":""el0RHYY9aI0v"",""name"":""Việt Nam"",""title"":""Việt Nam"",""alias"":""viet-nam"",""link"":""/the-loai-album/Viet-Nam/el0RHYY9aI0v.html""},{""id"":""brC6BYOzAGjo"",""name"":""Nhạc Trữ Tình"",""title"":""Nhạc Trữ Tình"",""alias"":""nhac-tru-tinh"",""link"":""/the-loai-album/Nhac-Tru-Tinh/brC6BYOzAGjo.html""},{""id"":""nQZjDX1pgofW"",""name"":""Tết"",""title"":""Tết"",""alias"":""tet"",""link"":""/the-loai-album/Tet/nQZjDX1pgofW.html""}]; title_score=1.000; artist_score=0.600",found_needs_review,Z6B0U9B9,https://zingmp3.vn/bai-hat/Dem-Giao-Thua-Nghe-Mot-Khuc-Dan-Ca-Hoang-Quan/Z6B0U9B9.html,,worldwide,apple_music,DIFFERENT,HIGH
song_00b7811f91a16946,Đêm nghe hát đò đưa nhớ Bác,Bùi Lê Mận,Nhạc Trữ Tình,zingmp3_title_artist_search,https://zingmp3.vn/bai-hat/Dem-Nghe-Hat-Do-Dua-Nho-Bac-Thu-Hien/KMXzzHBszW2h.html,Đêm Nghe Hát Đò Đưa Nhớ Bác,Thu Hiền,0.861,low,"[{""id"":""brC6BYOzAGjo"",""name"":""Nhạc Trữ Tình"",""title"":""Nhạc Trữ Tình"",""alias"":""nhac-tru-tinh"",""link"":""/the-loai-album/Nhac-Tru-Tinh/brC6BYOzAGjo.html""},{""id"":""el0RHYY9aI0v"",""name"":""Việt Nam"",""title"":""Việt Nam"",""alias"":""viet-nam"",""link"":""/the-loai-album/Viet-Nam/el0RHYY9aI0v.html""}]; title_score=1.000; artist_score=0.444",found_needs_review,ZWADOW0W,https://zingmp3.vn/bai-hat/Dem-nghe-hat-do-dua-nho-Bac-Bui-Le-Man/ZWADOW0W.html,,alternative,apple_music,DIFFERENT,HIGH
song_7ef4274d36cc7809,Đêm Thành Phố Đầy Sao,AC&amp;M,Nhạc Trữ Tình,zingmp3_title_artist_search,https://zingmp3.vn/bai-hat/Dem-Thanh-Pho-Day-Sao-Cam-Van/1QH72T15KGem.html,Đêm Thành Phố Đầy Sao,Cẩm Vân,0.883,medium,"[{""id"":""el0RHYY9aI0v"",""name"":""Việt Nam"",""title"":""Việt Nam"",""alias"":""viet-nam"",""link"":""/the-loai-album/Viet-Nam/el0RHYY9aI0v.html""},{""id"":""brC6BYOzAGjo"",""name"":""Nhạc Trữ Tình"",""title"":""Nhạc Trữ Tình"",""alias"":""nhac-tru-tinh"",""link"":""/the-loai-album/Nhac-Tru-Tinh/brC6BYOzAGjo.html""}]; title_score=1.000; artist_score=0.533",found_needs_review,ZWZ9ZZ67,https://zingmp3.vn/bai-hat/Dem-Thanh-Pho-Day-Sao-AC-M/ZWZ9ZZ67.html,,pop,apple_music,DIFFERENT,HIGH
song_21622d190a6310aa,Đôi giày nhầm size (hơi rộng một chút) - Orange x Hứa Kim Tuyền x Biti's Hunter,Orange Singer Official,V-Pop,zingmp3_title_artist_search,https://zingmp3.vn/bai-hat/Doi-Giay-Nham-Size-hoi-rong-mot-chut-Orange-Hua-Kim-Tuyen/xHCruaUvjozR.html,Đôi Giày Nhầm Size (hơi rộng một chút),"Orange, Hứa Kim Tuyền",0.857,low,"[{""id"":""el0RHYY9aI0v"",""name"":""Việt Nam"",""title"":""Việt Nam"",""alias"":""viet-nam"",""link"":""/the-loai-album/Viet-Nam/el0RHYY9aI0v.html""},{""id"":""iawjijA80yVd"",""name"":""V-Pop"",""title"":""V-Pop"",""alias"":""v-pop"",""link"":""/the-loai-album/V-Pop/iawjijA80yVd.html""}]; title_score=1.000; artist_score=0.429",found_needs_review,,,https://www.youtube.com/watch?v=hM0r50--6ME,rap,nhaccuatui|nhac_vn|shazam|qobuz|allmusic|youtube,DIFFERENT,HIGH
song_90324cf4f95bcffa,ĐÔNG NHI - CÒN NƠI ĐÓ CHỜ EM OST | OFFICIAL MUSIC VIDEO,ĐÔNG NHI,Nhạc Phim,youtube_description,https://www.youtube.com/watch?v=in0tXLRb8Kg,ĐÔNG NHI - CÒN NƠI ĐÓ CHỜ EM OST | OFFICIAL MUSIC VIDEO,ĐÔNG NHI,1.0,medium,ĐÔNG NHI - CÒN NƠI ĐÓ CHỜ EM OST (Official Music Video) #dongnhi #connoidochoem #CNDCE Dong Nhi Official YouTube Channel ☞ Subscribe Kênh để ủng hộ Nhi nhé: http://yeah1.net/DongNhi ☞ Fanpage Dong Nhi : https://www.facebook.com/dongnhi ☞ Dong Nhi's,found_needs_review,,,https://www.youtube.com/watch?v=in0tXLRb8Kg,pop|v-pop,apple_music|zingmp3,DIFFERENT,HIGH
song_3b843427fff6bf9a,ĐÔNG NHI & NHẬT MINH - WE BELONG TOGETHER | OFFICIAL MUSIC VIDEO,ĐÔNG NHI,Hàn Quốc,zingmp3_title_artist_search,https://zingmp3.vn/bai-hat/We-Belong-Together-Ha-Dong-Yeon/u7kFuuWQzsK0.html,We Belong Together,Ha Dong Yeon,0.882,medium,"[{""id"":""XwxeLj1drHUZ"",""name"":""Hàn Quốc"",""title"":""Hàn Quốc"",""alias"":""han-quoc"",""link"":""/the-loai-album/Han-Quoc/XwxeLj1drHUZ.html""}]; title_score=1.000; artist_score=0.526",found_needs_review,,,https://www.youtube.com/watch?v=cUGDO7YojII,pop,apple_music,DIFFERENT,HIGH
song_ff3ce60bec6c24f0,ĐÔNG NHI & ÔNG CAO THẮNG - I WANNA BE YOUR LOVE | OFFICIAL MUSIC VIDEO,ĐÔNG NHI,Hàn Quốc,zingmp3_title_artist_search,https://zingmp3.vn/bai-hat/I-Wanna-Be-Your-Love-Choi-Rim/we0ARtg4yp4q.html,I Wanna Be Your Love,Choi Rim,0.85,low,"[{""id"":""XwxeLj1drHUZ"",""name"":""Hàn Quốc"",""title"":""Hàn Quốc"",""alias"":""han-quoc"",""link"":""/the-loai-album/Han-Quoc/XwxeLj1drHUZ.html""}]; title_score=1.000; artist_score=0.400",found_needs_review,,,https://www.youtube.com/watch?v=huswJbQmDts,pop|v-pop|electronic|vocal|dance-pop|ballad,apple_music|zingmp3|discogs,DIFFERENT,HIGH
song_540ed8d14164cab9,Đưa Em Theo Với,August - Topic,R&B Việt,zingmp3_title_artist_search,https://zingmp3.vn/bai-hat/Dua-Em-Theo-Voi-August-Anngo-Vu-Phung-Tien/MuTlwDK2MpNJ.html,Đưa Em Theo Với,"August, Anngo, Vũ Phụng Tiên",0.868,low,"[{""id"":""el0RHYY9aI0v"",""name"":""Việt Nam"",""title"":""Việt Nam"",""alias"":""viet-nam"",""link"":""/the-loai-album/Viet-Nam/el0RHYY9aI0v.html""},{""id"":""Qvf5V6XIXLP3"",""name"":""R&B Việt"",""title"":""R&B Việt"",""alias"":""r-b-viet"",""link"":""/the-loai-album/R-B-Viet/Qvf5V6XIXLP3.html""}]; title_score=1.000; artist_score=0.474",found_needs_review,,,https://www.youtube.com/watch?v=EjZzRPo1U0o,soul|b việt|pop,apple_music|zingmp3|nhaccuatui,DIFFERENT,HIGH
song_62c794448af91589,đưa em về nhàa,GREY D,R&B Việt,zingmp3_title_artist_search,https://zingmp3.vn/bai-hat/dua-em-ve-nhaa-GREY-D-Chillies/Xn4auRBtSlNf.html,đưa em về nhàa,"GREY D, Chillies",0.893,medium,"[{""id"":""el0RHYY9aI0v"",""name"":""Việt Nam"",""title"":""Việt Nam"",""alias"":""viet-nam"",""link"":""/the-loai-album/Viet-Nam/el0RHYY9aI0v.html""},{""id"":""Qvf5V6XIXLP3"",""name"":""R&B Việt"",""title"":""R&B Việt"",""alias"":""r-b-viet"",""link"":""/the-loai-album/R-B-Viet/Qvf5V6XIXLP3.html""}]; title_score=1.000; artist_score=0.571",found_needs_review,,,https://www.youtube.com/watch?v=YM5nx2s8cz0,soul|b việt,apple_music|zingmp3,DIFFERENT,HIGH
song_939798f16376c70a,Đường Một Chiều - Huỳnh Tú ft. Magazine || Official Music Video,Huỳnh Tú,V-Pop,zingmp3_title_artist_search,https://zingmp3.vn/bai-hat/Duong-Mot-Chieu-Huynh-Tu/5hYo3MetyvYd.html,Đường Một Chiều,Huỳnh Tú,1.0,medium,"[{""id"":""el0RHYY9aI0v"",""name"":""Việt Nam"",""title"":""Việt Nam"",""alias"":""viet-nam"",""link"":""/the-loai-album/Viet-Nam/el0RHYY9aI0v.html""},{""id"":""iawjijA80yVd"",""name"":""V-Pop"",""title"":""V-Pop"",""alias"":""v-pop"",""link"":""/the-loai-album/V-Pop/iawjijA80yVd.html""}]; title_score=1.000; artist_score=1.000",found_needs_review,,,https://www.youtube.com/watch?v=W6hxiDmMGSE,soul|b việt,apple_music|zingmp3,DIFFERENT,HIGH
song_7951888d07b3464e,ĐạtG X K-ICM - Buồn Của Anh ( Masew Remix ),Masew,EDM Việt,zingmp3_title_artist_search,https://zingmp3.vn/bai-hat/Buon-Cua-Anh-Masew-Mix-Masew-Dat-G-K-ICM/HWE49Lk9rag9.html,Buồn Của Anh (Masew Mix),"Masew, Đạt G, K-ICM",0.836,low,"[{""id"":""el0RHYY9aI0v"",""name"":""Việt Nam"",""title"":""Việt Nam"",""alias"":""viet-nam"",""link"":""/the-loai-album/Viet-Nam/el0RHYY9aI0v.html""},{""id"":""2kaEVD3AzGsv"",""name"":""EDM Việt"",""title"":""EDM Việt"",""alias"":""edm-viet"",""link"":""/the-loai-album/EDM-Viet/2kaEVD3AzGsv.html""}]; title_score=0.957; artist_score=0.476",found_needs_review,,,https://www.youtube.com/watch?v=FFWZJIlmvCQ,v-pop|country,zingmp3|youtube,DIFFERENT,HIGH
song_2dab0fc42a91095a,Đất Nước Tự Do - Tốp Ca Việt Lào [Official MV],Nhạc Cách Mạng Tiền Chiến,Nhạc Cách Mạng,youtube_description,https://www.youtube.com/watch?v=WICq1JCRbLw,Đất Nước Tự Do - Tốp Ca Việt Lào [Official MV],Nhạc Cách Mạng Tiền Chiến,1.0,medium,▶ Theo dõi kênh Nhạc Cách Mạng Tiền Chiến: https://goo.gl/asFAPL ----------------------------- Những Bài Hát Hay Nhất:https://goo.gl/VcdKsJ Nhạc Đỏ Trữ Tình Quê Hương:https://goo.gl/29b7nt Tình Ca Tây Bắc Hay Nhất:https://goo.gl/TTVzMq,found_needs_review,,,https://www.youtube.com/watch?v=WICq1JCRbLw,electronic,apple_music,DIFFERENT,HIGH
song_e0f6541865b807c7,"ĐỀU LÀ CỦA EM - Atus, Song Luân, Quang Trung, Anh Tú, Dương Domic | ATSH [Performance]",Vie Channel - MUSIC,Rap Việt,youtube_description,https://www.youtube.com/watch?v=3dmrlCRj8Co,"ĐỀU LÀ CỦA EM - Atus, Song Luân, Quang Trung, Anh Tú, Dương Domic | ATSH [Performance]",Vie Channel - MUSIC,1.0,medium,các chương trình hấp dẫn khác của Vie Channel: ►Anh Trai Say Hi Full: https://bit.ly/AnhTraiSayHi ►Rap Việt Full: https://bit.ly/RAPVIETSS3 ►Người Ấy Là Ai Full: https://bit.ly/NALASS5 ►The Masked Singer Vietnam Full: https://bit.ly/TMSVNSS2 Hoặc xem thêm trên hệ thống Vie Channel: ►Website: http://viechannel.vn/ ►Fa,found_needs_review,,,https://www.youtube.com/watch?v=3dmrlCRj8Co,alternative,shazam,DIFFERENT,LOW
song_fa36ce47f1e4d81c,Để Anh Được Yêu,"To Doan,Thanh Cong,Vu Le",V-Pop,zingmp3_title_artist_search,https://zingmp3.vn/bai-hat/De-Anh-Duoc-Yeu-To-Doan-Thanh-Cong-Vu-Le/brzPtPyWcdHr.html,Để Anh Được Yêu,"Tố Đoàn, Thành Công, Vũ Lê",0.995,medium,"[{""id"":""el0RHYY9aI0v"",""name"":""Việt Nam"",""title"":""Việt Nam"",""alias"":""viet-nam"",""link"":""/the-loai-album/Viet-Nam/el0RHYY9aI0v.html""},{""id"":""iawjijA80yVd"",""name"":""V-Pop"",""title"":""V-Pop"",""alias"":""v-pop"",""link"":""/the-loai-album/V-Pop/iawjijA80yVd.html""}]; title_score=1.000; artist_score=0.979",found_needs_review,ZWZE7A79,https://zingmp3.vn/bai-hat/De-Anh-Duoc-Yeu-Lan-Nua-Andree-BigDaddy/ZWZE7A79.html,,pop,apple_music,DIFFERENT,HIGH
song_f4f763881a3e0d46,ĐỔI THAY - HỒ QUANG HIẾU | OFFICIAL MV (4K),Hồ Quang Hiếu TV,V-Pop,zingmp3_title_artist_search,https://zingmp3.vn/bai-hat/Doi-Thay-Ho-Quang-Hieu/wQhO5DRhkS1f.html,Đổi Thay,Hồ Quang Hiếu,0.974,medium,"[{""id"":""el0RHYY9aI0v"",""name"":""Việt Nam"",""title"":""Việt Nam"",""alias"":""viet-nam"",""link"":""/the-loai-album/Viet-Nam/el0RHYY9aI0v.html""},{""id"":""iawjijA80yVd"",""name"":""V-Pop"",""title"":""V-Pop"",""alias"":""v-pop"",""link"":""/the-loai-album/V-Pop/iawjijA80yVd.html""}]; title_score=1.000; artist_score=0.897",found_needs_review,,,https://www.youtube.com/watch?v=RfAB6nYMG4g,pop|nhạc phim,apple_music|zingmp3,DIFFERENT,HIGH
song_dec2e4e47508edb7,Đổi Thay - Phương Anh (Official 4K MV),Phương Anh Bolero,Bolero,youtube_description,https://www.youtube.com/watch?v=pSAZ5XloHnw,Đổi Thay - Phương Anh (Official 4K MV),Phương Anh Bolero,1.0,medium,loi Riêng một mình tôi. ───────────────────── ➥Đây là kênh Youtube chính thức của ca sĩ Phương Anh Bolero. ➥Đừng quên đăng ký kênh để cập nhật những sản phẩm mới nhất nhé! ➥Đăng ký theo dõi kênh miễn phí tại: http://popsww.com/phuonganhbolero ───────────────────── ➥Connect with Phương Anh Bolero: ● Facebook: https://,found_needs_review,,,https://www.youtube.com/watch?v=pSAZ5XloHnw,traditional folk,apple_music,DIFFERENT,HIGH
song_ce10b80a4c0be588,ĐỖ HIẾU ft OSAD - 'Nên Hy Vọng Không' (Official Music Video),ĐỖ HIẾU OFFICIAL,V-Pop,zingmp3_title_artist_search,https://zingmp3.vn/bai-hat/Nen-Hy-Vong-Khong-Do-Hieu-OSAD/XbntU7F0m17R.html,Nên Hy Vọng Không,"Đỗ Hiếu, OSAD",0.923,medium,"[{""id"":""el0RHYY9aI0v"",""name"":""Việt Nam"",""title"":""Việt Nam"",""alias"":""viet-nam"",""link"":""/the-loai-album/Viet-Nam/el0RHYY9aI0v.html""},{""id"":""iawjijA80yVd"",""name"":""V-Pop"",""title"":""V-Pop"",""alias"":""v-pop"",""link"":""/the-loai-album/V-Pop/iawjijA80yVd.html""}]; title_score=1.000; artist_score=0.692",found_needs_review,,,https://www.youtube.com/watch?v=N-2sGGIks5U,pop,apple_music,DIFFERENT,HIGH
song_c65885427e108d69,Độc Thoại - Tuấn Hưng [OFFICIAL MV HD],Tuấn Hưng,V-Pop,youtube_description,https://www.youtube.com/watch?v=qxrPjjZgt1U,Độc Thoại - Tuấn Hưng [OFFICIAL MV HD],Tuấn Hưng,1.0,medium,facebook.com/tuanhung.fanpage ♫ Google Plus : http://bit.ly/TuanHungGGPlus Tuấn Hưng là một ca sĩ nhạc trẻ của Việt Nam. Anh được công chúng biết đến qua vai trò là thành viên của nhóm nhạc Quả dưa hấu - nhóm nhạc nổi tiếng của Hà Nội vào những năm cuối thế kỉ 20. Tuấn Hưng còn là một ca sĩ solo với các ca khúc nổi t,found_needs_review,,,https://www.youtube.com/watch?v=qxrPjjZgt1U,pop,apple_music,DIFFERENT,HIGH
song_69b7ec60508408fd,ĐỢI (Prod. RIO),52Hz,R&B Việt,zingmp3_title_artist_search,https://zingmp3.vn/bai-hat/DOI-Prod-RIO-52Hz-RIO/GcHXSy1Cc3Fq.html,ĐỢI (Prod. RIO),"52Hz, RIO",0.917,medium,"[{""id"":""el0RHYY9aI0v"",""name"":""Việt Nam"",""title"":""Việt Nam"",""alias"":""viet-nam"",""link"":""/the-loai-album/Viet-Nam/el0RHYY9aI0v.html""},{""id"":""Qvf5V6XIXLP3"",""name"":""R&B Việt"",""title"":""R&B Việt"",""alias"":""r-b-viet"",""link"":""/the-loai-album/R-B-Viet/Qvf5V6XIXLP3.html""}]; title_score=1.000; artist_score=0.667",found_needs_review,,,https://www.youtube.com/watch?v=VJ5N7NnD3-s,b việt|pop,zingmp3|youtube,DIFFERENT,HIGH
song_75b719c402b355b3,Đừng Giận Anh Nữa,Hoang Bach,V-Pop,zingmp3_title_artist_search,https://zingmp3.vn/bai-hat/Dung-Gian-Anh-Nua-The-Men-Le-Hoang-TM1981/BseKVytDLBGR.html,Đừng Giận Anh Nữa,"The Men, Lê Hoàng (TM1981)",0.841,low,"[{""id"":""el0RHYY9aI0v"",""name"":""Việt Nam"",""title"":""Việt Nam"",""alias"":""viet-nam"",""link"":""/the-loai-album/Viet-Nam/el0RHYY9aI0v.html""},{""id"":""iawjijA80yVd"",""name"":""V-Pop"",""title"":""V-Pop"",""alias"":""v-pop"",""link"":""/the-loai-album/V-Pop/iawjijA80yVd.html""}]; title_score=1.000; artist_score=0.364",found_needs_review,ZWZ9680O,https://zingmp3.vn/bai-hat/Dung-Gian-Anh-Nua-Hoang-Bach/ZWZ9680O.html,,pop|folk|world|country|trữ tình,apple_music|discogs,DIFFERENT,HIGH
song_1502f3ae761577cc,Đừng Nói Yêu Tôi - Phương Anh (Official 4K MV),Phương Anh Bolero,Bolero,youtube_description,https://www.youtube.com/watch?v=cUMCskRT99k,Đừng Nói Yêu Tôi - Phương Anh (Official 4K MV),Phương Anh Bolero,1.0,medium,g chết theo bao ngày qua ───────────────────── ➥Đây là kênh Youtube chính thức của ca sĩ Phương Anh Bolero. ➥Đừng quên đăng ký kênh để cập nhật những sản phẩm mới nhất nhé! ➥Đăng ký theo dõi kênh miễn phí tại: http://popsww.com/phuonganhbolero ───────────────────── ⏩ MV MỚI NHẤT: http://bit.ly/MvMoiNhatPhuongAnh ⏩ HÔM,found_needs_review,,,https://www.youtube.com/watch?v=cUMCskRT99k,traditional folk,apple_music,DIFFERENT,HIGH
song_81efb950638129cd,Đừng Xin Lỗi Nữa,ERIK Official,V-Pop,zingmp3_title_artist_search,https://zingmp3.vn/bai-hat/Dung-Xin-Loi-Nua-ERIK-MIN/wrYg4ILJwVvr.html,Đừng Xin Lỗi Nữa,"ERIK, MIN",0.893,medium,"[{""id"":""el0RHYY9aI0v"",""name"":""Việt Nam"",""title"":""Việt Nam"",""alias"":""viet-nam"",""link"":""/the-loai-album/Viet-Nam/el0RHYY9aI0v.html""},{""id"":""iawjijA80yVd"",""name"":""V-Pop"",""title"":""V-Pop"",""alias"":""v-pop"",""link"":""/the-loai-album/V-Pop/iawjijA80yVd.html""}]; title_score=1.000; artist_score=0.571",found_needs_review,,,https://www.youtube.com/watch?v=xOVzl46VDkU,pop|nhạc phim,apple_music|zingmp3,DIFFERENT,HIGH
song_bce9130eb5400f5a,Đừng Để Em Khóc (Beat),"Bàng Khánh Tùng Lâm, Ogenus",R&B Việt,zingmp3_api,https://zingmp3.vn/bai-hat/Dung-De-Em-Khoc-Beat-Bang-Khanh-Tung-Lam-Ogenus/XzEfp03h5I1v.html,Đừng Để Em Khóc (Beat),"Bàng Khánh Tùng Lâm, Ogenus",1.0,high,"[{""id"":""el0RHYY9aI0v"",""name"":""Việt Nam"",""title"":""Việt Nam"",""alias"":""viet-nam"",""link"":""/the-loai-album/Viet-Nam/el0RHYY9aI0v.html""},{""id"":""Qvf5V6XIXLP3"",""name"":""R&B Việt"",""title"":""R&B Việt"",""alias"":""r-b-viet"",""link"":""/the-loai-album/R-B-Viet/Qvf5V6XIXLP3.html""}]",found,ZWBIEWBO,https://zingmp3.vn/bai-hat/Dung-De-Em-Khoc-Beat-LIAM-Ogenus/ZWBIEWBO.html,,b việt|pop,zingmp3|apple_music,DIFFERENT,HIGH
song_99f3a48a44a4e41b,Đừng Để Em Khóc - Hoà Mi [Official],POPS MUSIC,V-Pop,zingmp3_title_artist_search,https://zingmp3.vn/bai-hat/Dung-De-Em-Khoc-Hoa-Mi/uowoA3mx9X1c.html,Đừng Để Em Khóc,Hòa Mi,0.875,low,"[{""id"":""el0RHYY9aI0v"",""name"":""Việt Nam"",""title"":""Việt Nam"",""alias"":""viet-nam"",""link"":""/the-loai-album/Viet-Nam/el0RHYY9aI0v.html""},{""id"":""iawjijA80yVd"",""name"":""V-Pop"",""title"":""V-Pop"",""alias"":""v-pop"",""link"":""/the-loai-album/V-Pop/iawjijA80yVd.html""}]; title_score=1.000; artist_score=0.500",found_needs_review,,,https://www.youtube.com/watch?v=A_XMee8-udw,pop,apple_music,DIFFERENT,HIGH
song_97a74d73f0b0d5bc,Ở hai đầu nổi nhớ (Remix),"Lương Gia Huy, Khưu Huy Vũ",Dance Việt,zingmp3_api,https://zingmp3.vn/bai-hat/O-hai-dau-noi-nho-Remix-Luong-Gia-Huy-Khuu-Huy-Vu/YnNsy6kzkp1J.html,Ở hai đầu nổi nhớ (Remix),"Lương Gia Huy, Khưu Huy Vũ",1.0,high,"[{""id"":""el0RHYY9aI0v"",""name"":""Việt Nam"",""title"":""Việt Nam"",""alias"":""viet-nam"",""link"":""/the-loai-album/Viet-Nam/el0RHYY9aI0v.html""},{""id"":""70R9PC5gb3Sr"",""name"":""Dance Việt"",""title"":""Dance Việt"",""alias"":""dance-viet"",""link"":""/the-loai-album/Dance-Viet/70R9PC5gb3Sr.html""}]",found,Z6IBZWB6,,,pop,apple_music,DIFFERENT,HIGH
