record_id,title,artist,genre_found,source_type,source_url,source_title,source_artist,match_score,confidence,evidence,status,zing_id,zing_url,youtube_url,genre_search_dc,genre_source,genre_status,genre_confidence
song_8a967cbba1927d32,01. BINZ - HỒN LỠ SA VÀO (ft. TRIPLE D) | OFFICIAL LYRICS VIDEO,Binz Da Poet,,,,,,,,,not_found,,,https://www.youtube.com/watch?v=-oaInOiczXc,rap việt|edm việt|hip hop|rap,zingmp3|apple_music|nhaccuatui|nhac_vn|shazam|allmusic|qobuz|youtube,MISSING_ORIGINAL,HIGH
song_6e3004f9a2449456,01 LẦN ( KHÔNG MỘT LẦN ) - PHÁT HUY T4 || MV OFFICIAL,Phát Huy T4,,,,,,,,,not_found,,,https://www.youtube.com/watch?v=AZcJJs1fANg,v-pop|pop|latin,zingmp3|apple_music|nhac_vn,MISSING_ORIGINAL,HIGH
song_c180f3c5bc2be547,02. BINZ - CHƯA YÊU LẦN NAO (ft. KRISS NGO) | OFFICIAL LYRICS VIDEO,Binz Da Poet,,,,,,,,,not_found,,,https://www.youtube.com/watch?v=dClUPnFaz9g,rap việt|edm việt|hip hop|rap,zingmp3|apple_music|nhaccuatui|nhac_vn|shazam|allmusic|qobuz|youtube,MISSING_ORIGINAL,HIGH
song_ab8a4df5db589304,02 Mơ Làm Ma,Ngọt,,,,,,,,,not_found,,,https://www.youtube.com/watch?v=AchhLf6Ax-U,v-pop|indie pop|pop|pop rock,zingmp3|apple_music|discogs|musicbrainz,MISSING_ORIGINAL,HIGH
song_e343f1502dfdda5d,03. BINZ - ĐÊM VŨ TRƯỜNG (ft. TRIPLE D) | OFFICIAL LYRICS VIDEO,Binz Da Poet,,,,,,,,,not_found,,,https://www.youtube.com/watch?v=Gv5GlyTvCpc,rap việt|edm việt|hip hop|rap,zingmp3|apple_music|nhaccuatui|nhac_vn|shazam|allmusic|qobuz|youtube,MISSING_ORIGINAL,HIGH
song_c0b173615f143bee,05 (Không Phai) | @tangduytan  x T.R.I x Phong Max ( phiên bản Phong Max ),Phong Max Official,,,,,,,,,not_found,,,https://www.youtube.com/watch?v=WAg0jKqgmuI,pop,allmusic,MISSING_ORIGINAL,LOW
song_ab80966d0cb3f9a6,055 - Gullivers Reisen (Teil 25),Die Originale,Âu Mỹ,zingmp3_api,https://zingmp3.vn/bai-hat/055-Gullivers-Reisen-Teil-25-Die-Originale/M1QmNMtzrD91.html,055 - Gullivers Reisen (Teil 25),Die Originale,1.0,high,"[{""id"":""q3564DMx4CZN"",""name"":""Âu Mỹ"",""title"":""Âu Mỹ"",""alias"":""au-my"",""link"":""/the-loai-album/Au-My/q3564DMx4CZN.html""}]",found,ZWA89UIU,https://zingmp3.vn/bai-hat/055-Gullivers-Reisen-Teil-25-Die-Originale/ZWA89UIU.html,,spoken word,apple_music,MISSING_ORIGINAL,HIGH
song_6a3834e29fb71bbd,1 2 3 4,Release - Topic,,,,,,,,,not_found,,,https://www.youtube.com/watch?v=rl9HS7TZits,pop latino|dance việt|electronic|rock|pop|pop rock|synthpop,apple_music|zingmp3|discogs,MISSING_ORIGINAL,HIGH
song_b1773e242d74420a,1 Phút - Andiez,Andiez Music,,,,,,,,,not_found,,,https://www.youtube.com/watch?v=dLQe4qEfVJw,pop|v-pop,apple_music|zingmp3,MISSING_ORIGINAL,HIGH
song_0b5631ae38a716bf,12 Bến Nước,Cam Ly,,,,,,,,,not_found,ZWZCW7OU,https://zingmp3.vn/bai-hat/12-Ben-Nuoc-Cam-Ly/ZWZCW7OU.html,,pop|folk|world|country,apple_music|discogs,MISSING_ORIGINAL,HIGH
song_c1fac8dc042c6b43,1234 | OFFICIAL MV FULL | CHI DÂN |MV HD,Chi Dân,,,,,,,,,not_found,,,https://www.youtube.com/watch?v=RneMEagAkcE,pop|v-pop|rock|indie rock,apple_music|zingmp3|discogs,MISSING_ORIGINAL,HIGH
song_d37334c32921c788,"2 Người Chia Tay 4 Người Hạnh Phúc | Hà Anh, Sixkie Dawgz, Eska | OFFICIAL MV",HAY Music,,,,,,,,,not_found,,,https://www.youtube.com/watch?v=nFEJVh12gSo,v-pop,zingmp3,MISSING_ORIGINAL,HIGH
song_2c944eb885cb880c,2 Phut Hon Funk,mgd,,,,,,,,,not_found,,,https://www.youtube.com/watch?v=dwattiWiacs,dance|electronic,apple_music|zingmp3,MISSING_ORIGINAL,HIGH
song_dc0f73e636a6f4f8,2AM - JustaTee  feat Big Daddy Official Audio,JustaTeeMusic,,,,,,,,,not_found,,,https://www.youtube.com/watch?v=XGrvLJG8tuM,house,web_search,MISSING_ORIGINAL,LOW
song_a0f44af34836c179,[2G17]  BÁT QUÁI - G.FAMILY | OFFICIAL AUDIO,G - FAMILY,,,,,,,,,not_found,,,https://www.youtube.com/watch?v=eYNvcr50GE8,rap việt,zingmp3,MISSING_ORIGINAL,HIGH
song_f1c1d361368584e6,[2G17] Mấy con mèo - Datmaniac,G - FAMILY,,,,,,,,,not_found,,,https://www.youtube.com/watch?v=QFZEqDdzoPo,rap việt,zingmp3,MISSING_ORIGINAL,HIGH
song_5ffbad1b6e64f53e,2h - MCK,MCK // Nger,,,,,,,,,not_found,,,https://www.youtube.com/watch?v=mbEZ_9dhM_Y,pop|rock|viking metal,apple_music|discogs,MISSING_ORIGINAL,HIGH
song_49a0497cb7f1dbfc,2T - LIỆU GIỜ ( WHAT IF ? ) x Venn ( Prod. KayT ) | M/V,2T // Mirror,,,,,,,,,not_found,,,https://www.youtube.com/watch?v=ss3NJ7uopjc,rock|alternative rock,discogs,MISSING_ORIGINAL,HIGH
song_7bf03e45ad316c20,3 Doors Down - Kryptonite (Official Video),3doorsdown,,,,,,,,,not_found,,,https://www.youtube.com/watch?v=xPU8OAjjS4k,rock,apple_music,MISSING_ORIGINAL,HIGH
song_bfc4707034451c44,3107,W/n,,,,,,,,,not_found,,,https://www.youtube.com/watch?v=otr8lLZILxY,electronic|hardcore|techno|acid|v-pop,apple_music|discogs|zingmp3,MISSING_ORIGINAL,HIGH
song_6635ec73d36d871f,365DABAND - ANH SỢ MẤT EM M/V [official],Studio68,,,,,,,,,not_found,,,https://www.youtube.com/watch?v=4DWNlfXd0hM,house,allmusic,MISSING_ORIGINAL,LOW
song_39dd760df1840659,365Daband - HAI CÔ TIÊN (Ngày Nảy Ngày Nay OST),Studio68,,,,,,,,,not_found,,,https://www.youtube.com/watch?v=Yr-fcbYVH3g,pop,apple_music,MISSING_ORIGINAL,HIGH
song_067fc44c0a6817af,365daband - NO LOVE NO LIFE (Nơi Anh Không Thuộc về),Studio68,,,,,,,,,not_found,,,https://www.youtube.com/watch?v=pnEBCayEldo,jazz|electronic,nhac_vn|allmusic,MISSING_ORIGINAL,HIGH
song_908969d56fa282ba,"#3D Do Em, Do Anh, Do Ai - Will x Andiez | Official Music Video",Will Official,,,,,,,,,not_found,,,https://www.youtube.com/watch?v=GKg4x5H5TZI,v-pop,zingmp3,MISSING_ORIGINAL,HIGH
song_ea06e9ae4301dd51,6262 (prod. Maiki) | Low G | Nhà Hoá Học Đống Đa,Nhà Hóa Học Đống Đa,,,,,,,,,not_found,,,https://www.youtube.com/watch?v=2nFfVsSy0JU,alternative|experimental|country,nhaccuatui|nhac_vn,MISSING_ORIGINAL,HIGH
song_1f18b97452fc208e,7dnight - 37 ĐÂY NÀY ft Eo$r / 37SOUND (Official Video),37Sound,,,,,,,,,not_found,,,https://www.youtube.com/watch?v=Wb3G0T9fH7s,alternative,nhac_vn,MISSING_ORIGINAL,LOW
song_0d35f2ffc71128e7,A-Gon - Brood,HearWeGo,,,,,,,,,not_found,,,https://www.youtube.com/watch?v=q6xJAb7rFxw,latin,nhaccuatui|shazam|nhac_vn|qobuz|allmusic|youtube,MISSING_ORIGINAL,HIGH
song_c179f34faae16f9c,A-Gon - Her Smile (Copyright Free),HearWeGo,,,,,,,,,not_found,,,https://www.youtube.com/watch?v=s6QMJ6Ne1A4,latin,shazam|nhac_vn|nhaccuatui|allmusic|qobuz|youtube,MISSING_ORIGINAL,HIGH
song_6b7d7c855767400f,A-Gon - Karlita (Copyright Free),HearWeGo,,,,,,,,,not_found,,,https://www.youtube.com/watch?v=zmDKoHCGZIk,latin,nhac_vn|shazam|nhaccuatui|qobuz|allmusic|youtube,MISSING_ORIGINAL,HIGH
song_4564a82401c34ac3,A-GON - Moon,HearWeGo,,,,,,,,,not_found,,,https://www.youtube.com/watch?v=5lq0qViCTvg,latin,shazam|nhac_vn|nhaccuatui|allmusic|qobuz|youtube,MISSING_ORIGINAL,HIGH
song_19e268473344d27f,A-Gon - Walked Away (Copyright Free),HearWeGo,,,,,,,,,not_found,,,https://www.youtube.com/watch?v=7gbwkmzRjEg,latin,nhac_vn|nhaccuatui|shazam|allmusic|qobuz|youtube,MISSING_ORIGINAL,HIGH
song_41fa0dd7d4914ea5,A Gon - You,HearWeGo,,,,,,,,,not_found,,,https://www.youtube.com/watch?v=eN9fGWaihZw,latin,nhaccuatui|shazam|nhac_vn|qobuz|allmusic|youtube,MISSING_ORIGINAL,HIGH
song_de8bb4391853d00c,"$A MILO & GXXFY - BUSINESS MODE ft OBITO , BWINE | ""OMERTÀ"" MIXTAPE",SA MILO OFFICIAL,,,,,,,,,not_found,,,https://www.youtube.com/watch?v=g_-OVK1cVbc,latin,shazam|nhac_vn|nhaccuatui|allmusic|qobuz|youtube,MISSING_ORIGINAL,HIGH
song_ec886e98101c822b,"Aaron Lewis - ""Country Boy"" (Official Video)",Aaron Lewis,,,,,,,,,not_found,,,https://www.youtube.com/watch?v=vsQzw_Ax8Cw,country|rock|non-music|noisecore|pop,apple_music|discogs|zingmp3,MISSING_ORIGINAL,HIGH
song_aa84f3ed8ff4fab4,"🌻 Acoustic (Royalty Free Music) - ""ÉPILOGUE PT. I"" by Leomind 🇧🇪",BreakingCopyright — Royalty Free Music,,,,,,,,,not_found,,,https://www.youtube.com/watch?v=2E_zus3M-6k,country,shazam,MISSING_ORIGINAL,LOW
song_2c1ad7a453ecd414,Adagio in G Minor (Albinoni),MoodTools,,,,,,,,,not_found,,,https://www.youtube.com/watch?v=XMbvcp480Y4,country,shazam,MISSING_ORIGINAL,LOW
song_6dd42a879179f38f,"Adam, The Litder / M D S D G [Official Music Video]","Adam, The Litder",,,,,,,,,not_found,,,https://www.youtube.com/watch?v=4VAJR2cPB6s,hip hop|rap,apple_music,MISSING_ORIGINAL,HIGH
song_b1c290ca116eb084,Aerosmith - I Don't Want to Miss a Thing (Official HD Video),Aerosmith,,,,,,,,,not_found,,,https://www.youtube.com/watch?v=JkK8g6FMEXE,rock|metal,apple_music|nhac_vn|nhaccuatui|shazam|allmusic|qobuz|youtube,MISSING_ORIGINAL,HIGH
song_23f9d3a6f258f8e3,AI CHUNG TÌNH ĐƯỢC MÃI @dinhtunghuy8765 - TRUNG QUÂN COVER - In the Moonlight 2022,TRUNG QUÂN,,,,,,,,,not_found,,,https://www.youtube.com/watch?v=U7K8SXUz3Aw,v-pop,zingmp3,MISSING_ORIGINAL,HIGH
song_d7057bac8ecd6cdc,AI RỒI CŨNG SẼ KHÁC | HÀ NHI | LIVE VERSION AT GIAO LỘ THỜI GIAN,Hà Nhi Official,,,,,,,,,not_found,,,https://www.youtube.com/watch?v=MJu_cgM6tMs,dance,apple_music,MISSING_ORIGINAL,HIGH
song_01c9878032873143,Ai Xuối Em Phụ Tình Anh,Du Ca,,,,,,,,,not_found,ZW78IFAB,https://zingmp3.vn/bai-hat/Ai-Xuoi-Em-Phu-Tinh-Anh-Du-Ca/ZW78IFAB.html,,worldwide|pop|folk|world|country|stage|screen|trữ tình|interview,apple_music|discogs,MISSING_ORIGINAL,HIGH
song_267ebb24ec0291c8,Ai Đã Muốn Chia Tay,Huy Nam (A#),,,,,,,,,not_found,ZW7UUUE8,https://zingmp3.vn/bai-hat/Ai-Da-Muon-Chia-Tay-Huy-Nam-A-Bao-Kun/ZW7UUUE8.html,,pop,apple_music,MISSING_ORIGINAL,HIGH
song_2cfbb0a618e921e9,#AiChoAi - FloD ft. M! (Giang Nguyen) | tas release,tas,,,,,,,,,not_found,,,https://www.youtube.com/watch?v=afNQLlTRvfM,hip hop|pop,discogs|nhac_vn,MISSING_ORIGINAL,HIGH
song_185c2f994abd58db,AINT - So Easy to Love You,We Are Diamond,,,,,,,,,not_found,,,https://www.youtube.com/watch?v=wN9wVsd_oTI,pop|funk|soul|disco,apple_music|discogs,MISSING_ORIGINAL,HIGH
song_4f296e3238c522ed,Airplane Mode,GEPPS - Topic,,,,,,,,,not_found,,,https://www.youtube.com/watch?v=LcKxYdbtTd0,dance,apple_music,MISSING_ORIGINAL,HIGH
song_ebcca085b1e0a759,Aiur Oscar - Island Syllan (Copyright Free),HearWeGo,,,,,,,,,not_found,,,https://www.youtube.com/watch?v=iFwLjRaxI5Q,indie,web_search,MISSING_ORIGINAL,LOW
song_0d8f7b03a2100c5b,AK - Abandoned,HearWeGo,,,,,,,,,not_found,,,https://www.youtube.com/watch?v=rCGsPNJ6hbk,electronic|dance,zingmp3,MISSING_ORIGINAL,HIGH
song_c173286c659f7cd1,AK - Flying,HearWeGo,,,,,,,,,not_found,,,https://www.youtube.com/watch?v=SZngphZ2sfg,nhật bản|rap|hip hop|pop,zingmp3|nhac_vn,MISSING_ORIGINAL,HIGH
song_0137e5cfd3517b7c,"AK, Mapps & October Child - Sublime Weekness",HearWeGo,,,,,,,,,not_found,,,https://www.youtube.com/watch?v=kIG3y-Dn-7k,country,shazam,MISSING_ORIGINAL,LOW
song_cb64ddcb16f52508,AK - Night Walk,HearWeGo,Khác,zingmp3_title_artist_search,https://zingmp3.vn/bai-hat/Night-Walk-Artifex/DX6uvpjt8UBt.html,Night Walk,Artifex,0.85,low,"[{""id"":""A6UHaAP1adyN"",""name"":""Khác"",""title"":""Khác"",""alias"":""khac"",""link"":""/the-loai-album/Khac/A6UHaAP1adyN.html""}]; title_score=1.000; artist_score=0.400",found_needs_review,,,https://www.youtube.com/watch?v=bYgxESXP8Sg,pop,shazam,MISSING_ORIGINAL,LOW
song_f711d06e4fb0dc6a,AK - Sad Tune,HearWeGo,,,,,,,,,not_found,,,https://www.youtube.com/watch?v=6otMqiufur4,house,web_search,MISSING_ORIGINAL,LOW
song_3da00b5388acb4ca,Alan Jackson - Chattahoochee (Official HD Video),Alan Jackson,,,,,,,,,not_found,,,https://www.youtube.com/watch?v=JW5UEW2kYvc,country,apple_music|zingmp3,MISSING_ORIGINAL,HIGH
song_8325308859c28125,Alan Jackson - Livin' On Love (Official Music Video),Alan Jackson,,,,,,,,,not_found,,,https://www.youtube.com/watch?v=DDXLmYyFu4I,country|jazz|funk|soul|non-music|pop|interview|rhythm|blues|disco,apple_music|discogs|zingmp3,MISSING_ORIGINAL,HIGH
song_7dd80ab328f782cf,Alan Jackson - Small Town Southern Man (Official Music Video),Alan Jackson,,,,,,,,,not_found,,,https://www.youtube.com/watch?v=5zwq9RCeISY,country|rock|non-music|noisecore,apple_music|discogs|zingmp3,MISSING_ORIGINAL,HIGH
song_5b38a1ed96400fbe,"Alan Walker, Emma Steinbakken - Not You (Lyrics)",The Vibe Guide,,,,,,,,,not_found,,,https://www.youtube.com/watch?v=_zOO52iosaE,pop,apple_music,MISSING_ORIGINAL,HIGH
song_8d01a394a035361a,Alanis Morissette - Ironic (Official 4K Music Video),Alanis Morissette,,,,,,,,,not_found,,,https://www.youtube.com/watch?v=Jne9t8sHpUc,alternative|nhạc phim,apple_music|zingmp3,MISSING_ORIGINAL,HIGH
song_feecf1458d6fe4e3,Alec Benjamin - Let Me Down Slowly (Lyrics),a paradise bird,,,,,,,,,not_found,,,https://www.youtube.com/watch?v=jLNrvmXboj8,pop|techno,apple_music|shazam,MISSING_ORIGINAL,HIGH
song_f51c71ab3aaed8a5,Alex Sampson - Pretty Baby (Official Music Video),Alex Sampson,,,,,,,,,not_found,,,https://www.youtube.com/watch?v=H9067mpZ090,pop,apple_music,MISSING_ORIGINAL,HIGH
song_b558325edc573a30,Alex Warren - Burning Down (with Joe Jonas) [Official Music Video],Alex Warren,,,,,,,,,not_found,,,https://www.youtube.com/watch?v=QC_mOB2uBj4,pop|electronic|hip hop|rock|funk|soul|ballad|alt-pop|alternative rock|country rock|dance-pop|happy hardcore|hard rock|house|indie pop|indie rock|pop rock|synthpop|tech house|vocal|dance,apple_music|discogs|zingmp3,MISSING_ORIGINAL,HIGH
song_47a678dc912c64d1,Alex Warren - Ordinary (Official Video),Alex Warren,Âu Mỹ,zingmp3_title_artist_search,https://zingmp3.vn/bai-hat/Ordinary-Warren-Alexander/Y7a2318chMO7.html,Ordinary,Warren Alexander,0.861,low,"[{""id"":""q3564DMx4CZN"",""name"":""Âu Mỹ"",""title"":""Âu Mỹ"",""alias"":""au-my"",""link"":""/the-loai-album/Au-My/q3564DMx4CZN.html""}]; title_score=1.000; artist_score=0.444",found_needs_review,,,https://www.youtube.com/watch?v=u2ah9tWTkmk,pop|electronic|dance,apple_music|zingmp3,MISSING_ORIGINAL,HIGH
song_ebcc2c4b83d9c781,Ali Gatie - It's You (Official Lyrics Video),Ali Gatie,,,,,,,,,not_found,,,https://www.youtube.com/watch?v=PXGycbkbtW0,soul|pop|electronic|dance,apple_music|zingmp3,MISSING_ORIGINAL,HIGH
song_b85ec3ec3e6b3e9b,Ali Gatie - Perfect (Official Lyric Video),Ali Gatie,,,,,,,,,not_found,,,https://www.youtube.com/watch?v=NXk_wWFxhEI,pop|electronic|dance|soul,apple_music|zingmp3,MISSING_ORIGINAL,HIGH
song_9b520c1c5a48035c,Almost a Lover,NLSN - Topic,,,,,,,,,not_found,,,https://www.youtube.com/watch?v=ecpCdqWksLs,dance|pop|country,apple_music|zingmp3|youtube,MISSING_ORIGINAL,HIGH
song_c333da454307cdc3,ALONE - KHỞI MY | OFFICIAL MUSIC VIDEO,Khởi My - Kelvin Khánh Official,,,,,,,,,not_found,,,https://www.youtube.com/watch?v=bLARfWtu0aQ,pop|v-pop,apple_music|zingmp3,MISSING_ORIGINAL,HIGH
song_cf8b55bc4f04ea76,AMEE - SAO ANH CHƯA VỀ NHÀ (ft. RICKY STAR) | Official Music Video,ST.319 Entertainment,,,,,,,,,not_found,,,https://www.youtube.com/watch?v=RlBkvjVss-s,pop|bubblegum|v-pop|b việt,apple_music|discogs|zingmp3,MISSING_ORIGINAL,HIGH
song_0cc66b34b2f9691f,AMEE x B RAY - ANH NHÀ Ở ĐÂU THẾ | Official Music Video,ST.319 Entertainment,,,,,,,,,not_found,,,https://www.youtube.com/watch?v=iE52-XXnQqs,pop,apple_music,MISSING_ORIGINAL,HIGH
song_493ed6748c720c19,AMEE - YÊU THÌ YÊU KHÔNG YÊU THÌ YÊU | Official Music Video,ST.319 Entertainment,,,,,,,,,not_found,,,https://www.youtube.com/watch?v=66GBxJYrmVM,pop|bubblegum|v-pop|house,discogs|apple_music|zingmp3|allmusic,MISSING_ORIGINAL,HIGH
song_e403845bb78beae0,AMEE - ĐEN ĐÁ KHÔNG ĐƯỜNG | Official Music Video,ST.319 Entertainment,,,,,,,,,not_found,,,https://www.youtube.com/watch?v=ZwDxaM5VBJM,pop|bubblegum|v-pop|b việt|house,apple_music|discogs|zingmp3|allmusic,MISSING_ORIGINAL,HIGH
song_e081b486639b7f1c,An Thần (ft. Thắng) | Low G | Rap Nhà Làm,Rap Nhà Làm,,,,,,,,,not_found,,,https://www.youtube.com/watch?v=J7eYhM6wXPo,funk|soul|blues|pop|v-pop,discogs,MISSING_ORIGINAL,HIGH
song_da7a8e5163961c7f,"Andree Right Hand - Dân Chơi Sao Phải Khóc ft. RHYDER, WOKEUP | Official MV",Andree Right Hand,,,,,,,,,not_found,,,https://www.youtube.com/watch?v=zDNOhR-Ms-I,hip hop|rap|rap việt,apple_music|zingmp3,MISSING_ORIGINAL,HIGH
song_d84d60b231868dcf,"Andree Right Hand - Em iu feat. Wxrdie, Bình Gold, 2pillz | Official MV",Andree Right Hand,,,,,,,,,not_found,,,https://www.youtube.com/watch?v=p7YGAKeDPkM,hip hop|rap|rap việt,apple_music|zingmp3,MISSING_ORIGINAL,HIGH
song_7f0a9002b7b1f5f9,Andree Right Hand - NHẠC ANH ft. Wxrdie [Official Music Video],Andree Right Hand,,,,,,,,,not_found,,,https://www.youtube.com/watch?v=3Zh6aSA0Nl0,rap|rap việt,apple_music|zingmp3,MISSING_ORIGINAL,HIGH
song_a8bcbcda19e842c7,Andree Right Hand x JC Hưng | WHERE U AT [Official MV],Andree Right Hand,,,,,,,,,not_found,,,https://www.youtube.com/watch?v=oQN5vB3VtUA,electronic,web_search,MISSING_ORIGINAL,LOW
song_93d3fd1e04fde3c5,Andrew Iqcon – It's Been a Long Way to Your Heart (Official Lyric Video),Andrew Iqcon,,,,,,,,,not_found,,,https://www.youtube.com/watch?v=GT1svvN7uTM,latin,nhaccuatui|shazam|nhac_vn|qobuz|allmusic|youtube,MISSING_ORIGINAL,HIGH
song_fae5cc2d9c240f7b,"Andy Grammer - Honey, I'm Good. (Official Music Video)",Andy Grammer,,,,,,,,,not_found,,,https://www.youtube.com/watch?v=Go7gn6dugu0,pop,apple_music|zingmp3,MISSING_ORIGINAL,HIGH
song_b4c0ebc5a0b1ef1f,ANH BIẾT – XÁM x D.BLUE  [MV],BẠN CÓ TÀI MÀ,,,,,,,,,not_found,,,https://www.youtube.com/watch?v=OufLTUWAEWc,hip hop,apple_music,MISSING_ORIGINAL,HIGH
song_0b442366e583e8b7,Anh Bờ Vai - VƯƠNG BÌNH | ‘ANH BỜ VAI’ Album,ST.319 Entertainment,,,,,,,,,not_found,,,https://www.youtube.com/watch?v=bW3fuX_HqKY,worldwide,apple_music,MISSING_ORIGINAL,HIGH
song_bcc67483e77b8ad6,ANH CHƯA TỪNG - WHEE! (Official Music Video),Whee!,,,,,,,,,not_found,,,https://www.youtube.com/watch?v=YGTs15d0IBM,pop|v-pop,apple_music|zingmp3,MISSING_ORIGINAL,HIGH
song_fd690eb4aa194bf0,ANH CHẲNG THOÁT ĐƯỢC ĐÂU (Lover Hunter) - MỸ MỸ x HỨA KIM TUYỀN | Official Music Video #ACTDD,Mỹ Mỹ Official,,,,,,,,,not_found,,,https://www.youtube.com/watch?v=LXcJ_8YvqHM,v-pop,zingmp3,MISSING_ORIGINAL,HIGH
song_e298f0397a9fc154,Anh Chỉ Là Người Thay Thế - HUI (Official HD MV),SRC Entertainment,,,,,,,,,not_found,,,https://www.youtube.com/watch?v=96TH095tI1A,pop,apple_music,MISSING_ORIGINAL,HIGH
song_e7af0b7488b15ef3,Anh Có Buồn Không,Hien Thuc,,,,,,,,,not_found,ZWZCUO0I,https://zingmp3.vn/bai-hat/Anh-Co-Buon-Khong-Hien-Thuc/ZWZCUO0I.html,,worldwide|pop|folk|world|country|trữ tình|ballad|v-pop,apple_music|discogs|musicbrainz,MISSING_ORIGINAL,HIGH
song_d8e1bc91d2ee3d65,Anh Có Vui Khi Mùa Xuân Đến,,,,,,,,,,not_found,Z7C9UIF9,https://zingmp3.vn/bai-hat/Anh-Co-Vui-Khi-Mua-Xuan-Den-Huong-Sac-Mua-Xuan-Xuan-Nghi/Z7C9UIF9.html,,pop|folk|world|country|chanson,apple_music|discogs,MISSING_ORIGINAL,HIGH
song_e37c6317f3c41d9b,Anh Ghét Làm Bạn Em - Phan Mạnh Quỳnh (HD Official MV),Zing MP3,,,,,,,,,not_found,,,https://www.youtube.com/watch?v=Hw7MD75JPFE,pop,apple_music,MISSING_ORIGINAL,HIGH
song_c27f45090a60cb80,Anh Hãy Quay Về Cùng Em,Phuong Thanh,,,,,,,,,not_found,ZWZ999UF,https://zingmp3.vn/bai-hat/Anh-Hay-Quay-Ve-Cung-Em-Phuong-Thanh/ZWZ999UF.html,,pop|v-pop|ballad,apple_music|discogs|musicbrainz,MISSING_ORIGINAL,HIGH
song_7cde4463831268fb,Anh Không Giữ,"Tien Cookie,BigDaddy,Bich Phuong",,,,,,,,,not_found,ZW6W989A,https://zingmp3.vn/bai-hat/Anh-Khong-Giu-Tien-Cookie-BigDaddy-Bich-Phuong/ZW6W989A.html,,pop,apple_music,MISSING_ORIGINAL,HIGH
song_b204b27b530b74f2,Anh Không Đòi Quà Version 2   OnlyC ft  Karik   Official MV,Zing MP3,,,,,,,,,not_found,,,https://www.youtube.com/watch?v=o5CSJNAWpjA,pop,apple_music,MISSING_ORIGINAL,HIGH
song_434700c9b01f66e3,ANH LUÔN GẦN | Always stay here | NGÔ ĐÌNH NAM | OFFICIAL MV,Ngô Đình Nam Official,,,,,,,,,not_found,,,https://www.youtube.com/watch?v=uZ7VXUbFqe4,latin|pop|folk|world|country|trữ tình,discogs,MISSING_ORIGINAL,HIGH
song_16cc87b8ebb409c3,ANH LÀ NGOẠI LỆ CỦA EM - PHƯƠNG LY | OFFICIAL MV,Phuong Ly Official,,,,,,,,,not_found,,,https://www.youtube.com/watch?v=q2YUtZum9wc,pop|b việt,apple_music|zingmp3,MISSING_ORIGINAL,HIGH
song_a8347d7b36b6cbc8,Anh Là Sinh Viên,,,,,,,,,,not_found,Z6O7OW7O,https://zingmp3.vn/bai-hat/Anh-La-Sinh-Vien-Ngheo-Short-Version-Parody-King-Band/Z6O7OW7O.html,,hip hop|rap|pop|folk|world|country|v-pop,apple_music|discogs,MISSING_ORIGINAL,HIGH
song_186e7c30fddd051e,Anh Là Tia Nắng Trong Em - Lâm Thúy Vân [asia SOUND] | ASIA 16,Asia Entertainment Official,,,,,,,,,not_found,,,https://www.youtube.com/watch?v=08W-_m1Od6o,electronic|trance,discogs,MISSING_ORIGINAL,HIGH
song_f7fffe9ac0012548,Anh Làm Em Đau (Remix),Pham Truong,,,,,,,,,not_found,ZW7WABZW,https://zingmp3.vn/bai-hat/Anh-Lam-Em-Dau-Remix-Pham-Truong/ZW7WABZW.html,,pop,apple_music,MISSING_ORIGINAL,HIGH
song_1420c383908d3ded,Anh Lại Làm Em Khóc Nữa Rồi - Khiem | OFFICIAL MUSIC VIDEO,DACI Entertainment,,,,,,,,,not_found,,,https://www.youtube.com/watch?v=osDMPchCdjM,v-pop,zingmp3,MISSING_ORIGINAL,HIGH
song_05086b20e9a860b9,Anh Muốn Em Sống Sao | Bảo Anh | Official MV,POPS MUSIC,,,,,,,,,not_found,,,https://www.youtube.com/watch?v=ZBT0Chsef0k,worldwide|v-pop,apple_music|zingmp3,MISSING_ORIGINAL,HIGH
song_298c893571fe4d29,Anh Mới Chính Là Người Em Yêu (Remix House),Orinn - Topic,,,,,,,,,not_found,,,https://www.youtube.com/watch?v=i1mJu-D7fkU,dangdut,apple_music,MISSING_ORIGINAL,HIGH
song_f448561b242e5c64,ANH NHỚ RA - Vũ. (Feat. Trang) / Official Audio,Vũ Official,,,,,,,,,not_found,,,https://www.youtube.com/watch?v=11XkLOIsLHI,pop|v-pop,apple_music|zingmp3,MISSING_ORIGINAL,HIGH
song_72e01266e13e9a46,Anh Nên Yêu Cô Ấy - N Ly | Official Music Video,Lặng,,,,,,,,,not_found,,,https://www.youtube.com/watch?v=lCdDKyBiZ3w,pop|v-pop,apple_music|zingmp3,MISSING_ORIGINAL,HIGH
song_42271de19a5075bf,Anh Nói Em Nghe Đi - Hoàng Yến Chibi | Official Music Video,Hoàng Yến Chibi Official,,,,,,,,,not_found,,,https://www.youtube.com/watch?v=HK_6yUm5Lec,pop|v-pop,apple_music|zingmp3,MISSING_ORIGINAL,HIGH
song_3c46098a7bb50776,ANH RỒNG | THAN THÂN | OFFICIAL MUSIC VIDEO,G5R SQUAD Official,,,,,,,,,not_found,,,https://www.youtube.com/watch?v=cNPOmJhI8Zo,electronic|trance|rap việt,discogs|zingmp3,MISSING_ORIGINAL,HIGH
song_7b0313a3d136d441,ANH RỒNG || VÁCH NGỌC NGÀ || OFFICIAL MUSIC VIDEO,Anh Rồng Official,,,,,,,,,not_found,,,https://www.youtube.com/watch?v=3JhJTYmzXK8,folk|world|country|v-pop,discogs|zingmp3,MISSING_ORIGINAL,HIGH
song_c42a25a14d00c7ef,Anh Thanh Niên - HuyR | HƯƠNG LY COVER,Nguyễn Hương Ly Official,,,,,,,,,not_found,,,https://www.youtube.com/watch?v=6_exaWxp_MQ,electronic|jazz|folk|world|country|contemporary jazz,discogs,MISSING_ORIGINAL,HIGH
song_da8c5e0e8320be75,Anh Thương Em Nhất Mà? (feat. Log & TiB),Lã Thùy Trang - Topic,,,,,,,,,not_found,,,https://www.youtube.com/watch?v=mCKK-59M5gE,pop|folk|world|country|trữ tình|rap việt,apple_music|discogs|zingmp3,MISSING_ORIGINAL,HIGH
song_8eed2b80cd22ba1a,ANH THƯƠNG EM NHẤT MÀ (NỮ VERSION) - Lã. x Log x TiB | HƯƠNG LY COVER,Nguyễn Hương Ly Official,,,,,,,,,not_found,,,https://www.youtube.com/watch?v=JwRHiS_WXoo,electronic|jazz|folk|world|country|contemporary jazz,discogs,MISSING_ORIGINAL,HIGH
song_80d328f7edf9eda0,Anh Trai Vượt Ngàn Chông Gai (S)TRONG Trọng Hiếu - Rise Up Underdog M/V,Trong Hieu Official,,,,,,,,,not_found,,,https://www.youtube.com/watch?v=_MhNtSBE8rY,pop,apple_music,MISSING_ORIGINAL,HIGH
song_d291a4e8e86ffca6,ANH TÚ X LYLY - HÀNG XÓM | OFFICIAL MUSIC VIDEO @anhtusinger,LyLy Official,,,,,,,,,not_found,,,https://www.youtube.com/watch?v=QQRHgzcmruY,v-pop,zingmp3,MISSING_ORIGINAL,HIGH
song_1b99c7e9b84ba688,Anh Từng Cố Gắng (Lofi Ver.) - Nhật Phong x Freak D,Freak D Music,,,,,,,,,not_found,,,https://www.youtube.com/watch?v=c15lrUz03C0,pop,apple_music,MISSING_ORIGINAL,HIGH
song_379ef479806f0147,Anh Và Anh,Vu Cat Tuong,,,,,,,,,not_found,ZW6FO66U,https://zingmp3.vn/bai-hat/Anh-Va-Anh-Vu-Cat-Tuong/ZW6FO66U.html,,pop|folk|world|country|trữ tình|v-pop|lgbt,apple_music|discogs|musicbrainz,MISSING_ORIGINAL,HIGH
song_03a66b70a15653e7,Anh Vẫn Biết,Various Artists,,,,,,,,,not_found,ZW60FBFO,https://zingmp3.vn/bai-hat/Anh-Van-Biet-Bang-Kieu/ZW60FBFO.html,,pop|folk|world|country,apple_music|discogs,MISSING_ORIGINAL,HIGH
song_920079d3f64750b6,ANH VẪN CỨ LO - JSOL | Official MV,DreamS Entertainment,,,,,,,,,not_found,,,https://www.youtube.com/watch?v=m8p8iqVASK4,pop,apple_music,MISSING_ORIGINAL,HIGH
song_1de7215837033dda,Anh Vẫn Yêu Em Như Ngày Đầu Tiên,Cao Thai Son,,,,,,,,,not_found,ZW7WB7C9,https://zingmp3.vn/bai-hat/Anh-Van-Yeu-Em-Nhu-Ngay-Dau-Tien-Cao-Thai-Son/ZW7WB7C9.html,,pop,apple_music,MISSING_ORIGINAL,HIGH
song_1b5ed75ea91d74ef,ANH VẪN YÊU EM NHƯ NGÀY ĐẦU TIÊN - CAO THÁI SƠN | OFFICIAL MUSIC VIDEO,Cao Thái Sơn,,,,,,,,,not_found,,,https://www.youtube.com/watch?v=zRxw8Yi_S64,pop|folk|world|country|v-pop,apple_music|discogs|zingmp3,MISSING_ORIGINAL,HIGH
song_c0a1b8736a63975e,Anh Đã Sai,OnlyC Production,,,,,,,,,not_found,,,https://www.youtube.com/watch?v=MhGN74OaEY8,pop|v-pop,apple_music|zingmp3,MISSING_ORIGINAL,HIGH
song_0a32801b8851b0a0,Anh Đã Từ Bỏ Rồi Đấy  - Nguyenn x @aric1407  | Official Music Video,Nguyên Trần Official,,,,,,,,,not_found,,,https://www.youtube.com/watch?v=zDrji1Uwnh8,pop,apple_music,MISSING_ORIGINAL,HIGH
song_d1a91d48f244dbca,"Anh Đếch Cần Gì Nhiều Ngoài Em (feat. Thành Đồng, Vũ.)",Đen Vâu Official,,,,,,,,,not_found,,,https://www.youtube.com/watch?v=tWTWGLN-bAg,hip hop|rap,apple_music,MISSING_ORIGINAL,HIGH
song_ee0e487fb1319a27,ANH ĐỢI EM ĐƯỢC KHÔNG - MỸ TÂM | OFFICIAL MV,My Tam,,,,,,,,,not_found,,,https://www.youtube.com/watch?v=5QfXwgkJITA,pop|v-pop|tết,apple_music|zingmp3,MISSING_ORIGINAL,HIGH
song_1a088ac7dd16415e,"anh ơi, anh ơi! em nào có tội... Thương Võ",THƯƠNG VÕ OFFICIAL,,,,,,,,,not_found,,,https://www.youtube.com/watch?v=7zoUYsKztpE,pop|folk|world|country|v-pop,apple_music|discogs,MISSING_ORIGINAL,HIGH
song_4ee89e558512db53,Anh Ơi Em Phải Làm Sao,Soái Nhi,,,,,,,,,not_found,,,,pop|v-pop,apple_music|zingmp3,MISSING_ORIGINAL,HIGH
song_323da566b073c098,Anh Ơi Ở Lại (feat. Đạt G),Chi Pu Official,,,,,,,,,not_found,,,https://www.youtube.com/watch?v=8onpTe2W8ls,pop|v-pop,apple_music|zingmp3,MISSING_ORIGINAL,HIGH
song_26f0c5a75764ac63,Anh Ở Đâu - Khởi My [MV HD OFFICIAL],Nam Việt Music,,,,,,,,,not_found,,,https://www.youtube.com/watch?v=XhcUFYT27bk,pop,apple_music,MISSING_ORIGINAL,HIGH
song_442fc149cc4eff89,Apna Dhori Pa Chua Len Ghee,Raja Writer,Âu Mỹ,zingmp3_api,https://zingmp3.vn/bai-hat/Apna-Dhori-Pa-Chua-Len-Ghee-Raja-Writer/ytQvDjzdLUqk.html,Apna Dhori Pa Chua Len Ghee,Raja Writer,1.0,high,"[{""id"":""q3564DMx4CZN"",""name"":""Âu Mỹ"",""title"":""Âu Mỹ"",""alias"":""au-my"",""link"":""/the-loai-album/Au-My/q3564DMx4CZN.html""}]",found,Z7U96FUF,https://zingmp3.vn/bai-hat/Apna-Dhori-Pa-Chua-Len-Ghee-Raja-Writer/Z7U96FUF.html,,worldwide,apple_music,MISSING_ORIGINAL,HIGH
song_a7b549ebf36fcbee,Ariana Grande - the boy is mine (lyric visualizer),Ariana Grande,,,,,,,,,not_found,,,https://www.youtube.com/watch?v=ZqCWXdZFc58,pop,apple_music|zingmp3,MISSING_ORIGINAL,HIGH
song_ffeb9a0dfac49521,Ariana Grande - we can't be friends (wait for your love) (official music video),Ariana Grande,,,,,,,,,not_found,,,https://www.youtube.com/watch?v=KNtJGQkC-WI,pop,apple_music|zingmp3,MISSING_ORIGINAL,HIGH
song_d5c7c503a99dcae4,AROUND THE WORLD | NOO PHƯỚC THỊNH | MV OFFICIAL,Noo Phước Thịnh,,,,,,,,,not_found,,,https://www.youtube.com/watch?v=ROnS-8RA41U,pop,discogs,MISSING_ORIGINAL,HIGH
song_01f1e723e4178da4,Artemas - i like the way you kiss me (lyric video),Artemas,,,,,,,,,not_found,,,https://www.youtube.com/watch?v=ODDRRXMi22E,pop,apple_music,MISSING_ORIGINAL,HIGH
song_f2a2537af4b3bc1d,Artemas - if u think i'm pretty (lyric video),Artemas,,,,,,,,,not_found,,,https://www.youtube.com/watch?v=x3tXq9xx7oI,pop|alternative,apple_music|shazam,MISSING_ORIGINAL,HIGH
song_c4aa583626e374e2,"🌾 Atmospheric & Ambient (Royalty Free Music) - ""PACIFIC"" by Riyhsal 🇮🇩",BreakingCopyright — Royalty Free Music,,,,,,,,,not_found,,,https://www.youtube.com/watch?v=c4anyyxy1oo,country,nhaccuatui,MISSING_ORIGINAL,LOW
song_4774aaad4d758dcc,Audioslave - Like a Stone (Official Video),Audioslave,,,,,,,,,not_found,,,https://www.youtube.com/watch?v=7QU1nvuxaMA,soul|rock|stage|screen|hard rock|music video,apple_music|discogs,MISSING_ORIGINAL,HIGH
song_ccda8fde3ecff322,Aurora B.Polaris - Forgotten,HearWeGo,,,,,,,,,not_found,,,https://www.youtube.com/watch?v=zeTR49Q1TkY,alternative,nhaccuatui|shazam|allmusic|qobuz|youtube,MISSING_ORIGINAL,HIGH
song_6945acbb660df4e9,AURORA - Runaway (Lyrics),Blissful Mind,,,,,,,,,not_found,,,https://www.youtube.com/watch?v=9LGXATiZEKs,alternative,nhac_vn|nhaccuatui|shazam|allmusic|qobuz|youtube,MISSING_ORIGINAL,HIGH
song_9a598abb4a1d21b8,Ava Max - My Oh My (Official Video),Ava Max,,,,,,,,,not_found,,,https://www.youtube.com/watch?v=8ocWUGARCB0,pop|alternative,apple_music|nhaccuatui,MISSING_ORIGINAL,HIGH
song_923e83633f97cc3a,Avenged Sevenfold - Hail To The King [Official Music Video],Avenged Sevenfold,,,,,,,,,not_found,,,https://www.youtube.com/watch?v=DelhLppPSxY,hard rock|rock|metal|pop,apple_music|discogs|zingmp3,MISSING_ORIGINAL,HIGH
song_f26248d45efe006c,Avenged Sevenfold - So Far Away [Official Music Video],Avenged Sevenfold,,,,,,,,,not_found,,,https://www.youtube.com/watch?v=A7ry4cx6HfY,hard rock|rock|metal|alternative rock|alternative,apple_music|discogs|zingmp3|youtube,MISSING_ORIGINAL,HIGH
song_bc0844c2daaa0157,Avril Lavigne - My Happy Ending (Official Video - Clean),Avril Lavigne,,,,,,,,,not_found,,,https://www.youtube.com/watch?v=s8QYxmpuyxg,pop|country|punk,apple_music|zingmp3|shazam|nhaccuatui|nhac_vn|allmusic|qobuz|youtube,MISSING_ORIGINAL,HIGH
song_227d8b42fa9f525a,AWOLNATION - Sail (Official Music Video),Red Bull Records,,,,,,,,,not_found,,,https://www.youtube.com/watch?v=tgIqecROs5M,pop,web_search,MISSING_ORIGINAL,LOW
song_296756d23c51b91c,B.O.F - NO FAIR | OFFICIAL MUSIC VIDEO,YEAH1 MUSIC,,,,,,,,,not_found,,,https://www.youtube.com/watch?v=b05mie1TWQM,soul|electronic|experimental|plunderphonics|v-pop|latin,apple_music|discogs|zingmp3|nhac_vn|nhaccuatui|shazam|allmusic|qobuz|youtube,MISSING_ORIGINAL,HIGH
song_0308e97e0ffdf213,B RAY | YÊU NHƯ TRẺ CON | Official MV,EvB Records,,,,,,,,,not_found,,,https://www.youtube.com/watch?v=OtnQyqb6-nM,rap việt|latin,zingmp3|nhac_vn|shazam|nhaccuatui|allmusic|qobuz|youtube,MISSING_ORIGINAL,HIGH
song_91bb4a36d9029d1b,B.S.N.L 2 - B-RAY ft. YOUNG-H,EvB Records,,,,,,,,,not_found,,,https://www.youtube.com/watch?v=mdd9FENKmDk,latin,shazam|nhaccuatui|nhac_vn|allmusic|qobuz|youtube,MISSING_ORIGINAL,HIGH
song_f7f75b66c57cf352,Back for More,Hurricane On Saturn,,,,,,,,,not_found,,,https://www.youtube.com/watch?v=WoPGkzFkp_k,metal|electronic|hip hop|rock|dance-pop|pop rap|alternative metal|post-hardcore|pop,apple_music|discogs|zingmp3|musicbrainz,MISSING_ORIGINAL,HIGH
song_d2575d08ade8060d,BADGAL - MLEE ft MR.A | Official Dance MV,MLee Official,,,,,,,,,not_found,,,https://www.youtube.com/watch?v=OM0fOiAGlwY,country,web_search,MISSING_ORIGINAL,LOW
song_32eae8f6103479bb,[BAE] Tăng Duy Tân - BÊN TRÊN TẦNG LẦU (Version2) ft. Th BAP | Official Music Video,Tăng Duy Tân,,,,,,,,,not_found,,,https://www.youtube.com/watch?v=Zj5kEvNIEOs,pop,nhaccuatui,MISSING_ORIGINAL,LOW
song_bbc85a9212f788fd,(BAE) TĂNG DUY TÂN - DẠ VŨ | Official Music Video,Tăng Duy Tân,,,,,,,,,not_found,,,https://www.youtube.com/watch?v=1So7VBehCQg,mandopop,apple_music,MISSING_ORIGINAL,HIGH
song_353553425bcf6b07,Bailey Zimmerman - Fall In Love (Official Music Video),Bailey Zimmerman,,,,,,,,,not_found,,,https://www.youtube.com/watch?v=d1yKrnPHAmo,country|pop|experimental,apple_music|zingmp3|nhac_vn,MISSING_ORIGINAL,HIGH
song_2065d3000d68b30b,Bailey Zimmerman - Rock and A Hard Place (Official Music Video),Bailey Zimmerman,,,,,,,,,not_found,,,https://www.youtube.com/watch?v=QyapQFCHUlg,country|pop,apple_music|zingmp3,MISSING_ORIGINAL,HIGH
song_49b383cf8bf7b65b,Ban Mai Ngày Xanh,Cam Ly,,,,,,,,,not_found,ZWZBIOFB,https://zingmp3.vn/bai-hat/Ban-Mai-Ngay-Xanh-Cam-Ly/ZWZBIOFB.html,,pop|folk|world|country,apple_music|discogs,MISSING_ORIGINAL,HIGH
song_e3e4ea1c2dd1c1b7,"🪕 Banjo & Country (Free Music) - ""BANJO FEVER"" by Alexander Nakarada 🇳🇴",BreakingCopyright — Royalty Free Music,,,,,,,,,not_found,,,https://www.youtube.com/watch?v=waR2SMQyMno,house,allmusic,MISSING_ORIGINAL,LOW
song_33365df9eb43b196,'bao tiền một mớ bình yên?' - 14 Casper & Bon Nghiêm (Official) (Track 09 - Album 'SỐ KHÔNG'),14 Casper,,,,,,,,,not_found,,,https://www.youtube.com/watch?v=vVhKA9Av6vA,pop|v-pop,apple_music|zingmp3,MISSING_ORIGINAL,HIGH
song_6f66f7f92b2d93a3,"bbno$, Low G & Anh Phan - pho real",bbno$,,,,,,,,,not_found,,,https://www.youtube.com/watch?v=6acS2vOxmRI,pop|rap,apple_music|shazam|nhaccuatui|nhac_vn|allmusic|qobuz|youtube,MISSING_ORIGINAL,HIGH
song_083c61fa1b440aae,"Bella Shmurda, FOLA - DANGBANA RIDDIM (Official Video)",Bella Shmurda,,,,,,,,,not_found,,,https://www.youtube.com/watch?v=nwSYUMzIXPM,afrobeats,apple_music,MISSING_ORIGINAL,HIGH
song_c8fd92c49918ec49,Benson Boone - Ghost Town (Official Music Video),Benson Boone,,,,,,,,,not_found,,,https://www.youtube.com/watch?v=prYbXj3zPfs,pop,apple_music,MISSING_ORIGINAL,HIGH
song_110971c70a10d50b,big sleepy.,murdermart,,,,,,,,,not_found,,,https://www.youtube.com/watch?v=N6vgYWk9yM0,indie pop|rap|hip hop,apple_music|zingmp3,MISSING_ORIGINAL,HIGH
song_cf787cc8661e26a7,Bigcityboi (feat. Touliver),Binz Da Poet,,,,,,,,,not_found,,,https://www.youtube.com/watch?v=_FnkDq4Cnb0,rap việt,zingmp3,MISSING_ORIGINAL,HIGH
song_5f80f24db69ea9dd,BIGDADDY x EMILY - Người Tình Nhỏ Bé (Bonus Track),BIGDADDY x EMILY,,,,,,,,,not_found,,,https://www.youtube.com/watch?v=M4Yx4W3MIU8,hip hop|rap,apple_music,MISSING_ORIGINAL,HIGH
song_78d6cb9075c7ab5d,BigXthaPlug - Home feat. Shaboozey (Official Music Video),BigXthaPlug,,,,,,,,,not_found,,,https://www.youtube.com/watch?v=xQmDjrEOXU8,country,apple_music,MISSING_ORIGINAL,HIGH
song_780a7557da4ad053,Billie Eilish - BIRDS OF A FEATHER (Official Lyric Video),Billie Eilish,,,,,,,,,not_found,,,https://www.youtube.com/watch?v=d5gf9dXbPi0,alternative|acoustic,apple_music|zingmp3|shazam|nhac_vn|nhaccuatui|allmusic|qobuz|youtube,MISSING_ORIGINAL,HIGH
song_0b5a2ff88a9d32fa,Billie Eilish - everything i wanted (Official Audio),Billie Eilish,,,,,,,,,not_found,,,https://www.youtube.com/watch?v=qCTMq7xvdXU,alternative|acoustic,apple_music|zingmp3|shazam|nhaccuatui|nhac_vn|allmusic|qobuz,MISSING_ORIGINAL,HIGH
song_db76a97c10458ddd,Billie Eilish - Happier Than Ever,Vibe Music,Khác,zingmp3_title_artist_search,https://zingmp3.vn/bai-hat/billie-eilish-live-Car-Driving-Music/B7qJ2QtB3eFl.html,billie eilish live,Car Driving Music,0.777,low,"[{""id"":""A6UHaAP1adyN"",""name"":""Khác"",""title"":""Khác"",""alias"":""khac"",""link"":""/the-loai-album/Khac/A6UHaAP1adyN.html""}]; title_score=0.839; artist_score=0.593",found_needs_review,,,https://www.youtube.com/watch?v=mA5Pby_UGck,alternative|acoustic,apple_music|zingmp3|nhac_vn|nhaccuatui|shazam|allmusic|qobuz|youtube,MISSING_ORIGINAL,HIGH
song_56b327d7202429da,Billie Eilish - i love you (Lyrics),Shadow Music,Khác,zingmp3_title_artist_search,https://zingmp3.vn/bai-hat/I-LOVE-YOU-Lashy-Music/GxuVdu0XVnot.html,I LOVE YOU,Lashy Music,0.924,medium,"[{""id"":""A6UHaAP1adyN"",""name"":""Khác"",""title"":""Khác"",""alias"":""khac"",""link"":""/the-loai-album/Khac/A6UHaAP1adyN.html""}]; title_score=1.000; artist_score=0.696",found_needs_review,,,https://www.youtube.com/watch?v=Fvj6PE3gN4o,alternative|acoustic,apple_music|nhaccuatui|nhac_vn|shazam|allmusic|qobuz|youtube,MISSING_ORIGINAL,HIGH
song_91b6cbfd60bfacab,Billie Eilish - What Was I Made For? (Official Music Video),Billie Eilish,,,,,,,,,not_found,,,https://www.youtube.com/watch?v=cW8VLC9nnTo,alternative|acoustic,apple_music|zingmp3|nhac_vn|shazam|nhaccuatui|allmusic|qobuz|youtube,MISSING_ORIGINAL,HIGH
song_cc3313dc61741ef6,Billy Currington - Must Be Doin' Somethin' Right (Official Music Video - Closed Captioned),Billy Currington,,,,,,,,,not_found,,,https://www.youtube.com/watch?v=FbQfE2Oi6Wo,country|house,apple_music|zingmp3|shazam,MISSING_ORIGINAL,HIGH
song_8b238d7451d26c15,Billy Currington - People Are Crazy (Official Music Video),Billy Currington,,,,,,,,,not_found,,,https://www.youtube.com/watch?v=PKpQRjj_WbU,country,apple_music|zingmp3,MISSING_ORIGINAL,HIGH
song_6c1bb955e51a0837,Billy Idol - Eyes Without A Face,Billy Idol,,,,,,,,,not_found,,,https://www.youtube.com/watch?v=9OFpfTd0EIs,rock|pop rock|pop,apple_music|discogs|zingmp3|nhac_vn,MISSING_ORIGINAL,HIGH
song_ef43e5147564285c,Billy Ray Cyrus - Achy Breaky Heart (Official Music Video),Billy Ray Cyrus,,,,,,,,,not_found,,,https://www.youtube.com/watch?v=byQIPdHMpjc,country|alternative|rap|hip hop|pop|rock,apple_music|zingmp3,MISSING_ORIGINAL,HIGH
song_6fcb26c80a620597,BINZ - DISLYTE | OFFICIAL MV,Binz Da Poet,,,,,,,,,not_found,,,https://www.youtube.com/watch?v=2rtnEhz_opk,rap,nhaccuatui|nhac_vn|shazam|allmusic|qobuz|youtube,MISSING_ORIGINAL,HIGH
song_93b0f555e1579234,BINZ x PHUONG LY - SO CLOSE [ OFFICIAL MV ],SpaceSpeakers Label,,,,,,,,,not_found,,,https://www.youtube.com/watch?v=mlFiwKicz7I,rap,shazam|nhac_vn|nhaccuatui|allmusic|qobuz|youtube,MISSING_ORIGINAL,HIGH
song_0c44f64e4382bac6,BINZ x ĐEN - CHO MÌNH EM (Studio Session),Binz Da Poet,,,,,,,,,not_found,,,https://www.youtube.com/watch?v=2OKYsYErfFo,spoken word|rap,apple_music|shazam|nhac_vn|nhaccuatui|allmusic|qobuz|youtube,MISSING_ORIGINAL,HIGH
song_da48896e028dff47,"BINZ - XUÂN ĐAN(G) ĐẾN BÊN EM (ft. MASTAL, GONZO, CHARLES.) | OFFICIAL MV",Binz Da Poet,,,,,,,,,not_found,,,https://www.youtube.com/watch?v=XEQDigtnZ9U,rap,shazam|nhaccuatui|nhac_vn|qobuz|allmusic|youtube,MISSING_ORIGINAL,HIGH
song_4912198d441d1184,BIẾT KHI NÀO GẶP LẠI - MỸ TÂM (Audio),My Tam,,,,,,,,,not_found,,,https://www.youtube.com/watch?v=LLH_SPAFLhg,pop,apple_music,MISSING_ORIGINAL,HIGH
song_4b289d12f34da698,Biển Tình,MayBae,,,,,,,,,not_found,,,https://www.youtube.com/watch?v=5f9-oeT3BV8,pop|trữ tình,apple_music|zingmp3,MISSING_ORIGINAL,HIGH
song_24eb2071bc463b1d,BLACKA - PHÍA CUỐI CON ĐƯỜNG CÓ NẮNG ft. ARTHUR (OFFICIAL MUSIC VIDEO),CROW ON HYENAS,,,,,,,,,not_found,,,https://www.youtube.com/watch?v=K18F3BU3R5I,rap việt,zingmp3,MISSING_ORIGINAL,HIGH
song_6a99e6627e27a4e7,Blake Shelton - Boys 'Round Here ft. Pistol Annies & Friends (Official Music Video),Blake Shelton,,,,,,,,,not_found,,,https://www.youtube.com/watch?v=JXAgv665J14,country|pop|electronic|dance|soul,apple_music|zingmp3,MISSING_ORIGINAL,HIGH
song_2f754659e2b818b7,Blake Shelton - God's Country (Official Music Video),Blake Shelton,,,,,,,,,not_found,,,https://www.youtube.com/watch?v=ZEWGyyLiqY4,country|pop|electronic|dance|soul|instrumental,apple_music|zingmp3|youtube,MISSING_ORIGINAL,HIGH
song_b0b4a0c8b474e221,Blake Shelton - Nobody But You (Duet with Gwen Stefani) (Official Music Video),Blake Shelton,,,,,,,,,not_found,,,https://www.youtube.com/watch?v=4h9o0Gujuoc,country|pop|electronic|dance|soul,apple_music|zingmp3,MISSING_ORIGINAL,HIGH
song_4677da5ca4daeb5c,Blake Shelton - Ol' Red (Official Music Video),Blake Shelton,,,,,,,,,not_found,,,https://www.youtube.com/watch?v=asxrMSVrJ08,country|pop|electronic|dance|soul,apple_music|zingmp3,MISSING_ORIGINAL,HIGH
song_37f30a5a42ea3752,blink-182 - All The Small Things (Official Music Video),blink-182,,,,,,,,,not_found,,,https://www.youtube.com/watch?v=9Ht5RZpzPqw,rock|punk|pop rock,discogs,MISSING_ORIGINAL,HIGH
song_bb19798fec7d2d7c,blink-182 - I Miss You (Official Video),blink-182,,,,,,,,,not_found,,,https://www.youtube.com/watch?v=s1tAYmMjLdY,rock|pop punk,apple_music|discogs,MISSING_ORIGINAL,HIGH
song_46cd71ab6117c952,Bon Iver & St. Vincent - Roslyn (Lyrics),Aurora Vibes,,,,,,,,,not_found,,,https://www.youtube.com/watch?v=MZSCXE4CpCA,alternative,apple_music,MISSING_ORIGINAL,HIGH
song_a245374b1651d02c,Bon Jovi - Bed Of Roses (Official Music Video),Bon Jovi,,,,,,,,,not_found,,,https://www.youtube.com/watch?v=NvR60Wg9R7Q,pop,apple_music|zingmp3,MISSING_ORIGINAL,HIGH
song_6c810f5555d89c78,Bon Jovi - I'll Be There For You,Bon Jovi,,,,,,,,,not_found,,,https://www.youtube.com/watch?v=mh8MIp2FOhc,rock|hard rock|pop rock,apple_music|discogs|zingmp3|youtube,MISSING_ORIGINAL,HIGH
song_4ecb0761cb39e62c,Bon Jovi - Livin' On A Prayer,Bon Jovi,,,,,,,,,not_found,,,https://www.youtube.com/watch?v=lDK9QqIzhwk,rock|hard rock|pop rock,apple_music|discogs|zingmp3,MISSING_ORIGINAL,HIGH
song_bbe4d1a9a1c93354,Bon Jovi - You Give Love A Bad Name,Bon Jovi,,,,,,,,,not_found,,,https://www.youtube.com/watch?v=KrZHPOeOxQQ,rock|hard rock|pop rock|pop,apple_music|discogs|zingmp3,MISSING_ORIGINAL,HIGH
song_264b28031b50b1cb,BountyTank - Chosen One (Official Music Video),Bounty Tank,,,,,,,,,not_found,,,https://www.youtube.com/watch?v=XV1SsbyKipc,house|country,allmusic|youtube,MISSING_ORIGINAL,HIGH
song_f7f08443b4a0ed24,Brad Paisley - Remind Me (Official Video) ft. Carrie Underwood,BRADPAISLEY,,,,,,,,,not_found,,,https://www.youtube.com/watch?v=7qzhngp7jh8,country,apple_music,MISSING_ORIGINAL,HIGH
song_98db42374981633a,Brad Paisley - She's Everything (Official Video),BRADPAISLEY,,,,,,,,,not_found,,,https://www.youtube.com/watch?v=JCjXaEbrLdw,country,apple_music,MISSING_ORIGINAL,HIGH
song_47778853590288bd,Brad Paisley - Whiskey Lullaby (Full Version - Official Video) ft. Alison Krauss,BRADPAISLEY,,,,,,,,,not_found,,,https://www.youtube.com/watch?v=IZbN_nmxAGk,country|soul,apple_music|nhac_vn|allmusic,MISSING_ORIGINAL,HIGH
song_32ef25f6fa052ea4,Brett Young - In Case You Didn't Know,Brett Young,,,,,,,,,not_found,,,https://www.youtube.com/watch?v=7qaHdHpSjX8,country|folk|world,apple_music|discogs|zingmp3,MISSING_ORIGINAL,HIGH
song_84495b315098f41f,Brooks & Dunn - Boot Scootin' Boogie (Official Video),Brooks & Dunn,,,,,,,,,not_found,,,https://www.youtube.com/watch?v=d05tQrhNMkA,country|folk,apple_music|zingmp3,MISSING_ORIGINAL,HIGH
song_06eb363518fb752e,Brooks & Dunn - Neon Moon (iTunes Originals),Brooks & Dunn,,,,,,,,,not_found,,,https://www.youtube.com/watch?v=f4sdG5frA0Q,country|folk,apple_music|zingmp3,MISSING_ORIGINAL,HIGH
song_82873c377883a637,Bruce Springsteen - Dancing In the Dark (Official Video),Bruce Springsteen,,,,,,,,,not_found,,,https://www.youtube.com/watch?v=129kuDCQtHs,rock|roll,apple_music|discogs|zingmp3,MISSING_ORIGINAL,HIGH
song_f6a78599c8388b73,Bryan Adams - Please Forgive Me (Radio Version),Bryan Adams,,,,,,,,,not_found,,,https://www.youtube.com/watch?v=7x8wPt8xarE,pop|rock,apple_music|discogs|zingmp3,MISSING_ORIGINAL,HIGH
song_bbcae97cc04003e6,Buông (feat. Hippohappy),The Masked Singer - Topic,,,,,,,,,not_found,,,https://www.youtube.com/watch?v=e71nA2ZAd9s,pop|v-pop,apple_music|zingmp3,MISSING_ORIGINAL,HIGH
song_8a30b45a8b9aac11,BUỒN HAY VUI - VSOUL x MCK x Obito x Ronboogz x Boyzed (Official Audio),VSOUL,,,,,,,,,not_found,,,https://www.youtube.com/watch?v=JV0dEgbX5yk,hip hop|rap|rap việt,apple_music|zingmp3,MISSING_ORIGINAL,HIGH
song_44c7aaf6b9640784,Buồn Không Em - Đạt G || OFFICIAL MV,DatG Music,,,,,,,,,not_found,,,https://www.youtube.com/watch?v=NtKX__-qPSI,pop|v-pop,apple_music|zingmp3,MISSING_ORIGINAL,HIGH
song_4f286739897d09ba,BUỒN KHÔNG THỂ BUÔNG,DREAMeR - Topic,,,,,,,,,not_found,,,https://www.youtube.com/watch?v=nLaQFjy15b4,pop|v-pop,apple_music|zingmp3,MISSING_ORIGINAL,HIGH
song_8cf1f0430837886f,Buồn Một Chút Rồi Thôi - Chi Dân | Official Music Video,Chi Dân,,,,,,,,,not_found,,,https://www.youtube.com/watch?v=mmqGVBPy-ls,pop|dance việt,apple_music|zingmp3,MISSING_ORIGINAL,HIGH
song_e4ba40bc9d5fe29c,Buồn Thì Cứ Khóc Đi,Forest Studio - Topic,,,,,,,,,not_found,,,https://www.youtube.com/watch?v=XkKG4qz73DM,pop|v-pop,apple_music|zingmp3,MISSING_ORIGINAL,HIGH
song_75bab4d665bc6880,Buồn Trong Kỷ Niệm (Phần 1),"Hãy Nghe Tôi Hát, Hà Thúy Anh",,,,,,,,,not_found,Z7Z6BF99,https://zingmp3.vn/bai-hat/Buon-Trong-Ky-Niem-Hay-Nghe-Toi-Hat-Ha-Thuy-Anh/Z7Z6BF99.html,,worldwide,apple_music,MISSING_ORIGINAL,HIGH
song_dbce7b1d08fb6399,Bà Xã Ơi Bà Xã,Hai Nguyen,,,,,,,,,not_found,ZWZACF7O,https://zingmp3.vn/bai-hat/Ba-Xa-Oi-Ba-Xa-Hai-Nguyen/ZWZACF7O.html,,pop|folk|world|country,apple_music|discogs,MISSING_ORIGINAL,HIGH
song_2940d7a1f1bee42d,Bài Ca Sông Hồng,Bá»©c TÆ°á»ng,,,,,,,,,not_found,ZWZ9Z0AB,https://zingmp3.vn/bai-hat/Bai-Ca-Song-Hong-Buc-Tuong/ZWZ9Z0AB.html,,country,shazam,MISSING_ORIGINAL,LOW
song_0d40864f196d5ac7,Bài Hát Cuối Cùng,"Tô Hoàng, Trái Mơ",,,,,,,,,not_found,Z7IOEUBC,https://zingmp3.vn/bai-hat/Bai-Hat-Cuoi-Cung-To-Hoang-Trai-Mo/Z7IOEUBC.html,,pop,apple_music,MISSING_ORIGINAL,HIGH
song_05612db6c55e4a3c,BÀI HÁT HUYỀN THOẠI | Please Tell Me Why - Bảo Thy X Vương Khang | LYRIC VIDEO,YEAH1 MUSIC,,,,,,,,,not_found,,,https://www.youtube.com/watch?v=WjgO0b0KzBM,electronic|pop|dance-pop|synthpop|tropical house|ballad|k-pop,discogs,MISSING_ORIGINAL,HIGH
song_d62ccf1fe8aeaea0,Bài Hát Ru Mùa Xuân (Hương Xuân),Huyền Hương Official,Khác,zingmp3_api,https://zingmp3.vn/bai-hat/Bai-Hat-Ru-Mua-Xuan-Huong-Xuan-Huyen-Huong-Official/vgQMxJrO6Fbz.html,Bài Hát Ru Mùa Xuân (Hương Xuân),Huyền Hương Official,1.0,high,"[{""id"":""A6UHaAP1adyN"",""name"":""Khác"",""title"":""Khác"",""alias"":""khac"",""link"":""/the-loai-album/Khac/A6UHaAP1adyN.html""}]",found,Z76WIFUO,https://zingmp3.vn/bai-hat/Bai-Hat-Ru-Mua-Xuan-Huong-Xuan-Huyen-Huong-Official/Z76WIFUO.html,,folk|world|country|pop,discogs|apple_music,MISSING_ORIGINAL,HIGH
song_43c0960f29174145,Bài Hát Ru Ngày Nắng,Thanh Lam,,,,,,,,,not_found,ZWZA08F6,https://zingmp3.vn/bai-hat/Bai-Hat-Ru-Ngay-Nang-Thanh-Lam/ZWZA08F6.html,,pop|folk|world|country|alternative|experimental,apple_music|discogs|nhaccuatui|youtube,MISSING_ORIGINAL,HIGH
song_a2e0b89a6bc83a26,(Bài hát) Đúc người - Cổ tích Việt Nam,Trang Dang,,,,,,,,,not_found,,,https://www.youtube.com/watch?v=86p2zPUjOfs,pop,apple_music,MISSING_ORIGINAL,HIGH
song_5a2b7858fd0932ae,Bài Học Trong Tình Yêu,Luong Gia Huy,,,,,,,,,not_found,ZWZCUOC9,https://zingmp3.vn/bai-hat/Bai-Hoc-Trong-Tinh-Yeu-Luong-Gia-Huy/ZWZCUOC9.html,,pop|country,apple_music|qobuz,MISSING_ORIGINAL,HIGH
song_d3518fb02d3731e9,"Bài Ka Tuổi Trẻ (feat. Vũ Bùi Thu Thuỷ, Linh Cáo & Mel G)",Emcee L - Topic,,,,,,,,,not_found,,,https://www.youtube.com/watch?v=rrJAQGxcjlQ,hip hop|rap|rap việt|pop,apple_music|zingmp3|qobuz,MISSING_ORIGINAL,HIGH
song_882495216e871902,Bài Ka Tuổi Trẻ - TamKa PKL | Official Music Video,Da LAB Official,,,,,,,,,not_found,,,https://www.youtube.com/watch?v=ghUh0NPHXy8,rap việt|alternative,zingmp3|qobuz,MISSING_ORIGINAL,HIGH
song_af40bda029667b75,Bài Này Chill Phết,Đen Vâu Official,,,,,,,,,not_found,,,https://www.youtube.com/watch?v=eJZ65JSoM6I,hip hop|rap,apple_music,MISSING_ORIGINAL,HIGH
song_2382936624eff5b4,Bán Duyên - Đình Dũng [LYRIC VIDEO] #BD,Hạ Vũ,,,,,,,,,not_found,,,https://www.youtube.com/watch?v=Me1qafR4qc8,pop,apple_music,MISSING_ORIGINAL,HIGH
song_94875cb9318adb36,Bên Anh Đêm Nay,"JC Hung,Binz",,,,,,,,,not_found,ZW7WFE67,https://zingmp3.vn/bai-hat/Ben-Anh-Dem-Nay-JC-Hung-Binz/ZW7WFE67.html,,pop,apple_music|qobuz,MISSING_ORIGINAL,HIGH
song_a388baf0dbf63a9c,Bên Trái,Trịnh Trung Kiên trên tàu ToniButter,,,,,,,,,not_found,,,https://www.youtube.com/watch?v=JpChOoax9ug,v-pop,zingmp3,MISSING_ORIGINAL,HIGH
song_0905447d3b9dd380,Bên Đời Lẻ Loi,LÃª Hiáº¿u,,,,,,,,,not_found,ZWZ9Z6WA,https://zingmp3.vn/bai-hat/Ben-Doi-Le-Loi-Le-Hieu/ZWZ9Z6WA.html,,metal,web_search,MISSING_ORIGINAL,LOW
song_4a0fef21b88dd948,BÍCH PHƯƠNG - Bao Giờ Lấy Chồng? [OFFICIAL M/V],BÍCH PHƯƠNG,,,,,,,,,not_found,,,https://www.youtube.com/watch?v=Hzbr4jMxvBk,pop|v-pop,apple_music|zingmp3,MISSING_ORIGINAL,HIGH
song_d2c2cc2c9550fd84,BÍCH PHƯƠNG - Bùa Yêu (Official M/V),BÍCH PHƯƠNG,,,,,,,,,not_found,,,https://www.youtube.com/watch?v=FkOt19CUC30,v-pop,zingmp3,MISSING_ORIGINAL,HIGH
song_dbc7c9c935a2400a,BÍCH PHƯƠNG - Chị Ngả Em Nâng (Official M/V),BÍCH PHƯƠNG,,,,,,,,,not_found,,,https://www.youtube.com/watch?v=csgwEmTti_o,pop|v-pop,apple_music|zingmp3,MISSING_ORIGINAL,HIGH
song_f56a4161b1ae5475,BÍCH PHƯƠNG - Drama Queen (Official M/V),BÍCH PHƯƠNG,,,,,,,,,not_found,,,https://www.youtube.com/watch?v=JBHTIy3-02Y,pop|v-pop,apple_music|zingmp3,MISSING_ORIGINAL,HIGH
song_90fe85c0aa279368,BÍCH PHƯƠNG - Gửi Anh Xa Nhớ [OFFICIAL M/V],BÍCH PHƯƠNG,,,,,,,,,not_found,,,https://www.youtube.com/watch?v=sbfks7HdRoE,pop|v-pop,apple_music|zingmp3,MISSING_ORIGINAL,HIGH
song_0aa6270a6f43c1af,BÍCH PHƯƠNG - Kén Cá Chọn Anh (Hoà Phát M/V),BÍCH PHƯƠNG,,,,,,,,,not_found,,,https://www.youtube.com/watch?v=fYNED3KA_Cc,pop|v-pop,apple_music|zingmp3,MISSING_ORIGINAL,HIGH
song_984dd7854d5a89c1,BÍCH PHƯƠNG - Nói Thương Nhau Thì Đừng Làm Trái Tim Em Đau [Official M/V],BÍCH PHƯƠNG,,,,,,,,,not_found,,,https://www.youtube.com/watch?v=2DuthnSIeYY,pop|v-pop,apple_music|zingmp3,MISSING_ORIGINAL,HIGH
song_7c4b0e2985c21df2,BÍCH PHƯƠNG - Rằng Em Mãi Ở Bên [OFFICIAL M/V],BÍCH PHƯƠNG,,,,,,,,,not_found,,,https://www.youtube.com/watch?v=RurxOHMxxPM,pop|v-pop,apple_music|zingmp3,MISSING_ORIGINAL,HIGH
song_447b0a96f7c1309f,BÍCH PHƯƠNG - Tết Nô Lo (Ăn Bánh Uống Trà) | Nhạc Tết 2022,BÍCH PHƯƠNG,,,,,,,,,not_found,,,https://www.youtube.com/watch?v=Vdrvo0wYuT8,v-pop,zingmp3,MISSING_ORIGINAL,HIGH
song_505b5ec628ffb4e1,"BÍCH PHƯƠNG x TCL - ""TA CÙNG LÀM - TẾT CÀNG LỚN"" - NHẠC TẾT 2024 (Official MV)",BÍCH PHƯƠNG,,,,,,,,,not_found,,,https://www.youtube.com/watch?v=sizIUgkUiC8,pop|v-pop,apple_music|zingmp3,MISSING_ORIGINAL,HIGH
song_a7c644704efebfd1,BÍCH PHƯƠNG - Đi Đu Đưa Đi (Official M/V),BÍCH PHƯƠNG,,,,,,,,,not_found,,,https://www.youtube.com/watch?v=ZF3b1nK-TjM,pop|v-pop,apple_music|zingmp3,MISSING_ORIGINAL,HIGH
song_42b82814182c4430,BÍCH PHƯƠNG - Đố Anh Đoán Được (Official M/V),BÍCH PHƯƠNG,,,,,,,,,not_found,,,https://www.youtube.com/watch?v=9yNEi6WBVFk,v-pop,zingmp3,MISSING_ORIGINAL,HIGH
song_603d9741f097a8bb,Bóng Hồng Lẻ Loi - Han Sara | Official Music Video,Han Sara,,,,,,,,,not_found,,,https://www.youtube.com/watch?v=i7m-O_ZJ2A4,pop|v-pop,apple_music|zingmp3,MISSING_ORIGINAL,HIGH
song_38ad078abcb00dfc,Bông Hoa Chẳng Thuộc Về Ta,VIET. / Như Việt,,,,,,,,,not_found,,,https://www.youtube.com/watch?v=CgM2NcQNyHQ,pop|v-pop,apple_music|zingmp3,MISSING_ORIGINAL,HIGH
song_21339d2ffdd7d4c3,Búp Bê Bằng Bông,Various Artists,,,,,,,,,not_found,ZW60FA7E,https://zingmp3.vn/bai-hat/Bup-Be-Bang-Bong-Thanh-Thao/ZW60FA7E.html,,pop,apple_music,MISSING_ORIGINAL,HIGH
song_60e6793fa65be0ca,Bước Qua Mùa Cô Đơn,Vũ Official,,,,,,,,,not_found,,,https://www.youtube.com/watch?v=l7oEVIZoZrQ,pop|v-pop,apple_music|zingmp3,MISSING_ORIGINAL,HIGH
song_9f5b64f4edad7e69,BƯỚC QUA MÙA CÔ ĐƠN / Vũ. (Official MV),Vũ Official,,,,,,,,,not_found,,,https://www.youtube.com/watch?v=n6Pnzi6r9NU,pop,apple_music,MISSING_ORIGINAL,HIGH
song_64cf92c739727a67,Bước Qua Nhau,Vũ Official,,,,,,,,,not_found,,,https://www.youtube.com/watch?v=Q3dktYAC1yM,blues|rock|pop|folk|world|country|trữ tình|surf|twist|v-pop,apple_music|discogs|zingmp3,MISSING_ORIGINAL,HIGH
song_4c4628847b490faf,Bạc Bẽo Tình Đời,Van Quang Long,,,,,,,,,not_found,ZWZAOZ7Z,https://zingmp3.vn/bai-hat/Bac-Beo-Tinh-Doi-Van-Quang-Long/ZWZAOZ7Z.html,,pop,apple_music,MISSING_ORIGINAL,HIGH
song_c81d59dc1c406e77,Bạc Phận Karaoke Beat Chuẩn | K-ICM ft. JACK,ICM Studio,,,,,,,,,not_found,,,https://www.youtube.com/watch?v=cdk2mDuKm38,funk|soul|pop,discogs,MISSING_ORIGINAL,HIGH
song_c550174e338d31d1,BẠN CỦA TAO - YoungH x Binz x SO x Pjpo | 2015 | Video Lyrics,Sư Tử RV,,,,,,,,,not_found,,,https://www.youtube.com/watch?v=mRGH4a4U74Y,latin|pop|indie pop,discogs,MISSING_ORIGINAL,HIGH
song_e010ce72152e7ab2,BẢO ANH | 20 25 30 | OFFICIAL MV,Bảo Anh,,,,,,,,,not_found,,,https://www.youtube.com/watch?v=B2w3g-KyMMo,pop|rock|folk|world|country|alternative rock|v-pop,apple_music|discogs|zingmp3,MISSING_ORIGINAL,HIGH
song_eece6be91d30b8c4,BẢO ANH | CÔ ẤY CỦA ANH ẤY | OFFICIAL MV,Bảo Anh,,,,,,,,,not_found,,,https://www.youtube.com/watch?v=RlTDbIutJsU,country|pop|v-pop,apple_music|discogs|zingmp3,MISSING_ORIGINAL,HIGH
song_9388573317eafe21,BẢO ANH - TỪNG LÀ CỦA NHAU (feat TÁO) | Official MV,Bảo Anh,,,,,,,,,not_found,,,https://www.youtube.com/watch?v=Udc6MAAZT30,pop|folk|world|country|trữ tình|v-pop,apple_music|discogs|zingmp3,MISSING_ORIGINAL,HIGH
song_46c57292dacecab8,Bảo Anh - Yêu Không Cần Ép | Official Music Video,Bảo Anh,,,,,,,,,not_found,,,https://www.youtube.com/watch?v=5lpYVDko6nk,pop|dance việt,apple_music|zingmp3,MISSING_ORIGINAL,HIGH
song_d65084c9c68b4d67,BẢO THY | Baby Em Cô Đơn - Bảo Thy x Nimbia x RedT | Official Music Video 4k |,Bảo Thy Official,,,,,,,,,not_found,,,https://www.youtube.com/watch?v=qVrTADuwmD4,edm việt,zingmp3,MISSING_ORIGINAL,HIGH
song_70a0fcc9efdda5a0,Bật Nhạc Lên,HIEUTHUHAI,,,,,,,,,not_found,,,https://www.youtube.com/watch?v=rg2FNrBM5Yo,hip hop|rap|v-pop,apple_music|zingmp3,MISSING_ORIGINAL,HIGH
song_ccf9e876c76aa355,BẮC BLING (BẮC NINH) | OFFICIAL MV | HOÀ MINZY ft NS XUÂN HINH x MASEW x TUẤN CRY,Hòa Minzy,,,,,,,,,not_found,,,https://www.youtube.com/watch?v=CL13X-8o4h0,pop|v-pop,apple_music|zingmp3,MISSING_ORIGINAL,HIGH
song_e97d1047e393959d,Bằng Kiều & Lam Anh - Nơi Tình Yêu Bắt Đầu - PBN 104,Thuy Nga,,,,,,,,,not_found,,,https://www.youtube.com/watch?v=2MUI2G8VWzw,worldwide,apple_music,MISSING_ORIGINAL,HIGH
song_95a535a0ce301e81,Bằng Kiều - Để Nhớ Một Thời Ta Đã Yêu (Thái Thịnh) PBN 106 VIP Party,Thuy Nga,,,,,,,,,not_found,,,https://www.youtube.com/watch?v=SdlhF96q_zE,rock việt,zingmp3,MISSING_ORIGINAL,HIGH
song_4ef0d00d103f88f9,Bến Sông Chờ - Lê Sang [MV OFFICIAL],Nam Viet Bolero,,,,,,,,,not_found,,,https://www.youtube.com/watch?v=PTN9aYHRawo,pop|trữ tình|electronic,apple_music|zingmp3|youtube,MISSING_ORIGINAL,HIGH
song_29d66f32a034a533,Bến Vong Tình,Ho Quang 8,,,,,,,,,not_found,ZWZAEA8Z,https://zingmp3.vn/bai-hat/Ben-Vong-Tinh-Ho-Quang-8/ZWZAEA8Z.html,,folk|world|country|pop,discogs|apple_music,MISSING_ORIGINAL,HIGH
song_40c798db8739564c,BẾN XƯA (sáo G4) ĐỨC LIÊN,Liên Dương Đỗ,,,,,,,,,not_found,,,https://www.youtube.com/watch?v=DRigMLd0FRA,alternative,shazam|qobuz,MISSING_ORIGINAL,HIGH
song_2417cabaeab3b71e,Bọt Mưa,Ha Vy,,,,,,,,,not_found,ZWZA0O6O,https://zingmp3.vn/bai-hat/Bot-Mua-Ha-Vy/ZWZA0O6O.html,,worldwide,apple_music,MISSING_ORIGINAL,HIGH
song_818a866bf159df0d,BỐN CHỮ LẮM (MV) - TRÚC NHÂN - TRƯƠNG THẢO NHI [ Chất Lượng 4k],Trúc Nhân,,,,,,,,,not_found,,,https://www.youtube.com/watch?v=i724lraI93s,v-pop,zingmp3,MISSING_ORIGINAL,HIGH
song_dfc7cf8cbb16d373,Bồ Công Anh,Phong Max Official,,,,,,,,,not_found,,,https://www.youtube.com/watch?v=NzF80GqYJmc,electronic|hip hop|pop|dance-pop|eurodance|v-pop,apple_music|discogs,MISSING_ORIGINAL,HIGH
song_01583c9f0e581f8e,Bức Thư Để Lại - Hồ Ngọc Hà & R.Tee (Official Music Video),Ho Ngoc Ha's Official Channel,,,,,,,,,not_found,,,https://www.youtube.com/watch?v=J4hohATfzc8,pop,apple_music,MISSING_ORIGINAL,HIGH
song_e6f0ac539d174dbc,Bức Tranh Từ Nước Mắt - Mr. Siro [Official MV HD 1080p],Mr. Siro,,,,,,,,,not_found,,,https://www.youtube.com/watch?v=qAHxvhGk_mQ,v-pop,zingmp3,MISSING_ORIGINAL,HIGH
song_5619dcbeb027a46f,Bức Tranh Xuân Ngời,Ho Ngoc Ha,,,,,,,,,not_found,ZW6U8COE,https://zingmp3.vn/bai-hat/Buc-Tranh-Xuan-Ngoi-Ho-Ngoc-Ha/ZW6U8COE.html,,pop,apple_music,MISSING_ORIGINAL,HIGH
song_af7673f3bdd30705,Bữa Tối Một Mình (Beat),Châu Khải Phong,,,,,,,,,not_found,ZW7UZE6I,https://zingmp3.vn/bai-hat/Bua-Toi-Mot-Minh-Beat-Chau-Khai-Phong/ZW7UZE6I.html,,worldwide|metal,apple_music|nhac_vn,MISSING_ORIGINAL,HIGH
song_60ac46b63a5701d2,Bữa Tối Một Mình - Châu Khải Phong [MV HD OFFICIAL],Em Xinh,,,,,,,,,not_found,,,https://www.youtube.com/watch?v=nIGPQtGyOik,pop,apple_music,MISSING_ORIGINAL,HIGH
song_6f1a1997c4091cfd,C'mon | UNI5 ft H.H.N | Debut MV 4K,Uni5,,,,,,,,,not_found,,,https://www.youtube.com/watch?v=0iWS3tS4ZN8,classical,apple_music,MISSING_ORIGINAL,HIGH
song_9e78bea232790121,Ca Khúc Eh Oh,Ly Hai,,,,,,,,,not_found,ZWZCWEB7,https://zingmp3.vn/bai-hat/Ca-Khuc-Eh-Oh-Ly-Hai/ZWZCWEB7.html,,adult contemporary,apple_music,MISSING_ORIGINAL,HIGH
song_21a8af8aa948041f,Calum Scott - If You Ever Change Your Mind,Calum Scott,,,,,,,,,not_found,,,https://www.youtube.com/watch?v=-nof7dz5a-I,pop|light|alternative|electronic|indie,apple_music|discogs|zingmp3|nhaccuatui|qobuz,MISSING_ORIGINAL,HIGH
song_85c55ea679a24642,CAM GIAC LANH FUNK,DJ MK13 - Topic,,,,,,,,,not_found,,,https://www.youtube.com/watch?v=-A6IpsQJZh4,baile funk|indie,apple_music|nhaccuatui,MISSING_ORIGINAL,HIGH
song_9c292403f32d62b4,Camila Cabello - Never Be the Same,Camila Cabello,,,,,,,,,not_found,,,https://www.youtube.com/watch?v=Ph54wQG8ynk,pop|latin|electronic|dance|soul,apple_music|discogs|zingmp3,MISSING_ORIGINAL,HIGH
song_176b92f057990589,CARAOKE | ANH TÚ | OFFICIAL MUSIC VIDEO,Anh Tú Official,,,,,,,,,not_found,,,https://www.youtube.com/watch?v=hx5it6R4Rgg,karaoke|folk|world|country|v-pop,apple_music|discogs|zingmp3,MISSING_ORIGINAL,HIGH
song_834fa9bd8da85e2e,Cash - Promise,HearWeGo,,,,,,,,,not_found,,,https://www.youtube.com/watch?v=Qgreya5PS-o,country,zingmp3,MISSING_ORIGINAL,HIGH
song_4b24ad32a71f3ced,CATCH ME IF YOU CAN - NEGAV x Quang Hùng MasterD x Nicky x Công Dương | ANH TRAI SAY HI,Negav,,,,,,,,,not_found,,,https://www.youtube.com/watch?v=WUbTGHzxeDI,v-pop,zingmp3,MISSING_ORIGINAL,HIGH
song_d68c67aa8e6b02a9,Cause I Love You - Noo Phước Thịnh [Official Music Video],Sony Music Entertainment Vietnam,,,,,,,,,not_found,,,https://www.youtube.com/watch?v=_E-7A81Ac8U,pop|v-pop,apple_music|zingmp3,MISSING_ORIGINAL,HIGH
song_3f6fea6eb8cf3353,Cha Và Con,Various Artists,,,,,,,,,not_found,ZW6I7ZED,https://zingmp3.vn/bai-hat/Cha-Va-Con-Buc-Tuong/ZW6I7ZED.html,,worldwide|electronic|rock|pop|pop rock|ebm|new wave|ska|synthpop|new beat,apple_music|discogs,MISSING_ORIGINAL,HIGH
song_62625515ec5172b5,Charli xcx - party 4 u (official video),Charli xcx,,,,,,,,,not_found,,,https://www.youtube.com/watch?v=agu22bqGHto,pop|hàn quốc,apple_music|zingmp3,MISSING_ORIGINAL,HIGH
song_f3aec83d9ad3d858,Charlie Puth - We Don't Talk Anymore (feat. Selena Gomez) [Official Video],Charlie Puth,,,,,,,,,not_found,,,https://www.youtube.com/watch?v=3AtDnEC4zak,pop|europop,apple_music|discogs|zingmp3|nhac_vn|shazam|nhaccuatui|qobuz|allmusic|youtube,MISSING_ORIGINAL,HIGH
song_f99b2a9dde43aa38,CHI DÂN | CÓ ĐƯỢC KHÔNG EM | OFFICIAL MV 4K | CHI DÂN OFFICIAL,Chi Dân,,,,,,,,,not_found,,,https://www.youtube.com/watch?v=5IqcHhA-q0k,folk|pop|v-pop|latin,apple_music|discogs|zingmp3|nhaccuatui|nhac_vn|shazam|allmusic|qobuz|youtube,MISSING_ORIGINAL,HIGH
song_dcfe31b74ac20973,Chi Pu | ANH ƠI Ở LẠI - Official M/V (Chuyện Cám Tấm) (치푸),Chi Pu Official,,,,,,,,,not_found,,,https://www.youtube.com/watch?v=3fi7uwBU-CE,v-pop|latin,zingmp3|shazam|nhaccuatui|nhac_vn|allmusic|qobuz|youtube,MISSING_ORIGINAL,HIGH
song_a22cf685d0d0076e,Chi Pu | CHO TA GẦN HƠN (I'm In Love) - OFFICIAL MV  (치푸),Chi Pu Official,,,,,,,,,not_found,,,https://www.youtube.com/watch?v=VZr3YwC5Mmw,v-pop|latin,zingmp3|shazam|nhac_vn|nhaccuatui|qobuz|allmusic|youtube,MISSING_ORIGINAL,HIGH
song_0e1e63f50590b914,Chi Pu | CUNG ĐÀN VỠ ĐÔI (Tân Cổ - Giao Duyên Chuyện) - Official MV,Chi Pu Official,,,,,,,,,not_found,,,https://www.youtube.com/watch?v=c7Yv9izJH5Y,latin,shazam|nhac_vn|qobuz|allmusic|nhaccuatui|youtube,MISSING_ORIGINAL,HIGH
song_75221a0f1f3befc5,Chi Pu | EM NÓI ANH RỒI (#BIDIBADIBIDIBU) - Official MV (치푸),Chi Pu Official,,,,,,,,,not_found,,,https://www.youtube.com/watch?v=6FOGdpQJ6nc,latin,shazam|nhac_vn|nhaccuatui|qobuz|allmusic|youtube,MISSING_ORIGINAL,HIGH
song_e6337e439cc49c30,Chi Pu | EM SAI RỒI ANH XIN LỖI EM ĐI (#ESRAXLED) - OFFICIAL M/V (치푸),Chi Pu Official,,,,,,,,,not_found,,,https://www.youtube.com/watch?v=rzUpGAmhgPc,latin,nhaccuatui|shazam|nhac_vn|allmusic|qobuz|youtube,MISSING_ORIGINAL,HIGH
song_3cd0d4618b4dd7cc,Chi Pu | MỜI ANH VÀO TEAM (❤️) EM - Dance Version (치푸),Chi Pu Official,,,,,,,,,not_found,,,https://www.youtube.com/watch?v=aWj1jI-h_X8,latin,nhac_vn|nhaccuatui|shazam|allmusic|qobuz|youtube,MISSING_ORIGINAL,HIGH
song_d6022f9793e723c4,Chi Pu | MỜI ANH VÀO TEAM (❤️) EM - Official M/V (치푸) (16+),Chi Pu Official,,,,,,,,,not_found,,,https://www.youtube.com/watch?v=AhNMmPuHt_8,latin,shazam|nhac_vn|nhaccuatui|allmusic|qobuz|youtube,MISSING_ORIGINAL,HIGH
song_0888213d220de475,Chi Pu | TALK TO ME (Có Nên Dừng Lại) (Dance Ver.) ft. The Heat & Oops Dance Crew,Chi Pu Official,,,,,,,,,not_found,,,https://www.youtube.com/watch?v=Xv3zriYFC-o,latin,shazam|nhaccuatui|nhac_vn|qobuz|allmusic|youtube,MISSING_ORIGINAL,HIGH
song_37e3ea2d53a2642b,Chi Pu | TALK TO ME (Có Nên Dừng Lại) - Official MV (치푸),Chi Pu Official,,,,,,,,,not_found,,,https://www.youtube.com/watch?v=AT9a3y9eQsI,latin,nhac_vn|nhaccuatui|shazam|allmusic|qobuz|youtube,MISSING_ORIGINAL,HIGH
song_01b21d6ab17533ba,Chi Pu | TÔI VẪN HÁT (Official Lyric Video),Chi Pu Official,,,,,,,,,not_found,,,https://www.youtube.com/watch?v=h4Nu-MaCKJ4,latin,nhaccuatui|shazam|nhac_vn|allmusic|qobuz|youtube,MISSING_ORIGINAL,HIGH
song_27c5fffa808bc5d6,Chi Pu | TỪ HÔM NAY (Feel Like Ooh) - Official Music Video (치푸),Chi Pu Official,,,,,,,,,not_found,,,https://www.youtube.com/watch?v=x5CNJUMJcII,v-pop|latin,zingmp3|shazam|nhaccuatui|nhac_vn|qobuz|allmusic|youtube,MISSING_ORIGINAL,HIGH
song_dcd4895e3e04c287,Chi Pu | ĐÓA HOA HỒNG (QUEEN) - Official M/V Dance Version,Chi Pu Official,,,,,,,,,not_found,,,https://www.youtube.com/watch?v=2aiGDiSxryQ,dance việt|latin,zingmp3|nhac_vn|shazam|nhaccuatui|qobuz|allmusic|youtube,MISSING_ORIGINAL,HIGH
song_01b14fff0be1ee1c,Chi Pu (芝芙) | Finding You (Official MV | Vietnamese Version),Chi Pu Official,,,,,,,,,not_found,,,https://www.youtube.com/watch?v=NR0mRaRwukk,latin,nhaccuatui|nhac_vn|shazam|allmusic|qobuz|youtube,MISSING_ORIGINAL,HIGH
song_d4c8dbc72d07ed07,CHI PU (芝芙) | HOA DƯỚI MẶT TRỜI (Official Music Video),Chi Pu Official,,,,,,,,,not_found,,,https://www.youtube.com/watch?v=Dnj5FglKgKk,latin,nhac_vn|shazam|nhaccuatui|qobuz|allmusic|youtube,MISSING_ORIGINAL,HIGH
song_29326d175a76b787,"CHI XÊ - ""Ý EM LÀ"" | Official Audio (Prod. by Siven)",Chi Xê,,,,,,,,,not_found,,,https://www.youtube.com/watch?v=DL8xrUm4lvI,pop|v-pop|latin,apple_music|zingmp3|nhac_vn|shazam|nhaccuatui|allmusic|qobuz|youtube,MISSING_ORIGINAL,HIGH
song_e4e5efa5c4066f55,Chia Tay,Bùi Anh Tuấn,,,,,,,,,not_found,,,https://www.youtube.com/watch?v=ZUZSQmMcCns,pop,apple_music,MISSING_ORIGINAL,HIGH
song_1c98a9a9e70d028a,#ChiCanEmOBen - OSAD | OFFICIAL MV,OSAD Official,,,,,,,,,not_found,,,https://www.youtube.com/watch?v=CEn-3VnMYqw,rap|rap việt|electronic|country,apple_music|zingmp3|shazam|qobuz,MISSING_ORIGINAL,HIGH
song_6343ba4b1cb39869,"🔭 Chill Instrumental (Free Music) - ""STARTUP"" by Alex Productions 🇮🇹",BreakingCopyright — Royalty Free Music,,,,,,,,,not_found,,,https://www.youtube.com/watch?v=JpuhuTkOQgw,alternative,nhaccuatui,MISSING_ORIGINAL,LOW
song_e708f00d09ec8d7c,"🍀 Chill Instrumental [Non Copyrighted Music] ""Embrace"" by @Sappheiros  🇺🇸",BreakingCopyright — Royalty Free Music,,,,,,,,,not_found,,,https://www.youtube.com/watch?v=DzYp5uqixz0,classical,nhaccuatui,MISSING_ORIGINAL,LOW
song_24b6b31502f30512,Chim Hót Trời Xanh,Bá»©c TÆ°á»ng,,,,,,,,,not_found,ZWZ9Z0A0,https://zingmp3.vn/bai-hat/Chim-Hot-Troi-Xanh-Buc-Tuong/ZWZ9Z0A0.html,,pop,nhaccuatui,MISSING_ORIGINAL,LOW
song_1058993183dbc513,Chiếc Khăn Gió Ấm | Khánh Phương | Official Music Video,POPS MUSIC,,,,,,,,,not_found,,,https://www.youtube.com/watch?v=aoBfJQFy8N0,v-pop,zingmp3,MISSING_ORIGINAL,HIGH
song_2dac9586e9817288,Chiếc Áo Bà Ba - Hòa tấu,Bùi Minh Hiển,,,,,,,,,not_found,,,https://www.youtube.com/watch?v=yD8AQTfAfZk,dance|nhạc không lời,apple_music|zingmp3,MISSING_ORIGINAL,HIGH
song_a63e16796cd6d134,Chiều Hôm Ấy,JayKii OFFICIAL,,,,,,,,,not_found,,,https://www.youtube.com/watch?v=Q-NzYzzx65c,pop,apple_music,MISSING_ORIGINAL,HIGH
song_d373bf97fc043454,Chiều hôm ấy - Jaykii [Lyric Video],Cu Ben,,,,,,,,,not_found,,,https://www.youtube.com/watch?v=7Y65mgJ6YA4,pop|electronic|alternative,apple_music|qobuz|allmusic,MISSING_ORIGINAL,HIGH
song_c9d5b41b835075ca,Chiều Nay Không Có Mưa Bay,Forest Studio - Topic,,,,,,,,,not_found,,,https://www.youtube.com/watch?v=uGEN1fI2IIE,dance|v-pop,apple_music|zingmp3,MISSING_ORIGINAL,HIGH
song_61fdc2acf3338847,Chiều nay không có mưa bay - Trung Quân Idol [Video Lyrics],Jen Hoang,,,,,,,,,not_found,,,https://www.youtube.com/watch?v=0yGNjxPI3lE,pop,apple_music,MISSING_ORIGINAL,HIGH
song_e0d87dd0961baa2f,CHIỀU THU HỌA BÓNG NÀNG REMIX | DATKAA x QT BEATZ | LATIN VERSION |,QT Beatz Official,,,,,,,,,not_found,,,https://www.youtube.com/watch?v=S6K3P9g8RnE,electronic|latin|house,discogs,MISSING_ORIGINAL,HIGH
song_5ee15df5e7dced19,"Chiều Vắng (From ""Tháng 5 Để Dành"")",TRUNG QUÂN,,,,,,,,,not_found,,,https://www.youtube.com/watch?v=lQ7u_bfupb4,pop|indie,apple_music|nhaccuatui,MISSING_ORIGINAL,HIGH
song_bcb628a7b80f8d48,CHO ANH SAY - PHAN DUY ANH [OFFICIAL MUSIC VIDEO],ACV Entertainment,,,,,,,,,not_found,,,https://www.youtube.com/watch?v=Exwbdxba2Mo,pop|v-pop|house,apple_music|zingmp3|nhaccuatui|shazam|nhac_vn|allmusic|qobuz|youtube,MISSING_ORIGINAL,HIGH
song_c284ac9dd050f076,Cho Con Được Thay Cha,Yen Le,,,,,,,,,not_found,ZW7WF0UC,https://zingmp3.vn/bai-hat/Cho-Con-Duoc-Thay-Cha-Yen-Le/ZW7WF0UC.html,,pop|house,apple_music|nhaccuatui|shazam|nhac_vn|allmusic|qobuz|youtube,MISSING_ORIGINAL,HIGH
song_d805cb7ce8ae9cd6,Cho Em Gần Anh Thêm Chút Nữa,Hương Tràm Charmy pham,,,,,,,,,not_found,,,https://www.youtube.com/watch?v=sVfbUXHxid4,pop|v-pop|house,apple_music|zingmp3|nhac_vn|nhaccuatui|shazam|allmusic|qobuz|youtube,MISSING_ORIGINAL,HIGH
song_7733c4ac0575d4bc,Cho Em Một Lần Yêu (Deep House),Orinn - Topic,,,,,,,,,not_found,,,https://www.youtube.com/watch?v=QSjhuT-7gwQ,dangdut|house,apple_music|shazam|nhaccuatui|nhac_vn|allmusic|qobuz|youtube,MISSING_ORIGINAL,HIGH
song_5e9ed9a94cab55c4,Cho Em Đi Tìm Bến Mới,Lâm Hùng,,,,,,,,,not_found,,,,pop|house,apple_music|shazam|nhaccuatui|nhac_vn|allmusic|qobuz|youtube,MISSING_ORIGINAL,HIGH
song_cfa75e8f707cca7b,Cho phép tôi mời anh một ly - VƯƠNG BÌNH & GREY D | ‘ANH BỜ VAI’ Album,ST.319 Entertainment,,,,,,,,,not_found,,,https://www.youtube.com/watch?v=M1mDEnGUR08,house,nhac_vn|nhaccuatui|shazam|allmusic|qobuz|youtube,MISSING_ORIGINAL,HIGH
song_73f3a0c57f3da2cf,[CHOREOGRAPHY] 지민 (Jimin) ‘Who’ Dance Practice,BANGTANTV,,,,,,,,,not_found,,,https://www.youtube.com/watch?v=xwADdJym_y4,dance,shazam|nhac_vn|nhaccuatui|allmusic|qobuz|youtube,MISSING_ORIGINAL,HIGH
song_7df1939fb97637aa,"Chris Janson - ""Buy Me A Boat"" (Official Video)",Chris Janson,,,,,,,,,not_found,,,https://www.youtube.com/watch?v=mQPjKSVe1tQ,country|rock,apple_music|shazam|nhac_vn|nhaccuatui|qobuz|allmusic|youtube,MISSING_ORIGINAL,HIGH
song_0adc58ee12c76f99,Chris Lane - I Don't Know About You (Official Music Video),Chris Lane,,,,,,,,,not_found,,,https://www.youtube.com/watch?v=8aUzwbp_NfI,country|electronic|funk|soul|non-music|pop|ballad|house|garage house|techno|trance|interview|rock,apple_music|discogs|zingmp3|shazam|nhac_vn|nhaccuatui|allmusic|qobuz|youtube,MISSING_ORIGINAL,HIGH
song_cf3ca6e23040878a,Chris Young - The Man I Want To Be (Official Video),Chris Young,,,,,,,,,not_found,,,https://www.youtube.com/watch?v=fWcs1GmJRQs,country|reggae|soul|rap|hip hop|pop|rock,apple_music|discogs|zingmp3|nhac_vn|shazam|nhaccuatui|allmusic|qobuz|youtube,MISSING_ORIGINAL,HIGH
song_6f6d5c9f0771387b,Christina Perri - A Thousand Years [Official Music Video],Christina Perri,,,,,,,,,not_found,,,https://www.youtube.com/watch?v=rtOvBOTyX00,children's|pop|stage|screen|ballad,apple_music|discogs|zingmp3|nhaccuatui|nhac_vn|shazam|qobuz|allmusic|youtube,MISSING_ORIGINAL,HIGH
song_3a7f6430aa89dbbc,"🎄 Christmas & Festive (Free Music) - ""CHRISTMAS IS COMING"" by Alex Productions 🇮🇹",BreakingCopyright — Royalty Free Music,,,,,,,,,not_found,,,https://www.youtube.com/watch?v=p9z8ByzKQtc,metal,youtube,MISSING_ORIGINAL,LOW
song_9e55f749ec33cf25,Christopher Shayne - NiceRide (After Dark Version),Christopher Shayne Official Music,,,,,,,,,not_found,,,https://www.youtube.com/watch?v=sfphmcDOQV0,rock|country|pop,apple_music|shazam|nhac_vn|nhaccuatui|allmusic|qobuz|youtube,MISSING_ORIGINAL,HIGH
song_ed214c46941de800,Chuyến Đò Quê Hương - Trung Hậu,Trung Hau singer,,,,,,,,,not_found,,,https://www.youtube.com/watch?v=0uY1EaM6kS4,worldwide,apple_music,MISSING_ORIGINAL,HIGH
song_cb8e0bd37188aca5,Chuyện Anh Vẫn Chưa Kể - Official Music Video | Chi Dân,Chi Dân,,,,,,,,,not_found,,,https://www.youtube.com/watch?v=n4JRQ5clT28,pop|v-pop,apple_music|zingmp3,MISSING_ORIGINAL,HIGH
song_d394a0edb8744321,Chuyện Ba Người Mashup I Rô Ti I Màu Nước Mắt I Nếu Ta Ngược Lối I Em Đang ở Đâu Đấy,Rô Ti Official,,,,,,,,,not_found,,,https://www.youtube.com/watch?v=Wr-n5dso_TU,rap,apple_music,MISSING_ORIGINAL,HIGH
song_23c12582e9557011,Chuyện Bên Bờ Ao,"Bé Bào Ngư, Như Ý",,,,,,,,,not_found,ZW67FA8C,https://zingmp3.vn/bai-hat/Chuyen-Ben-Bo-Ao-Be-Bao-Ngu-Nhu-Y/ZW67FA8C.html,,holiday,apple_music,MISSING_ORIGINAL,HIGH
song_fec9a56aa4c8cf65,CHUYỆN CŨ BỎ QUA 4  - TRÚC NHÂN X MIRINDA  - NHẠC TẾT 2024 (Official MV),Trúc Nhân,,,,,,,,,not_found,,,https://www.youtube.com/watch?v=6l11-YZOHzw,música mexicana|pop,apple_music|qobuz,MISSING_ORIGINAL,HIGH
song_8945b606d1977b94,Chuyện Nàng Công Chúa,Nam Cuong,,,,,,,,,not_found,ZWZ990F6,https://zingmp3.vn/bai-hat/Chuyen-Nang-Cong-Chua-Nam-Cuong/ZWZ990F6.html,,pop,apple_music,MISSING_ORIGINAL,HIGH
song_f4a2ac913f8a8500,Chuyện Rằng (Lofi Ver.) - Thịnh Suy x Freak D,Freak D Music,,,,,,,,,not_found,,,https://www.youtube.com/watch?v=5NeKaXMFL1Q,pop,apple_music,MISSING_ORIGINAL,HIGH
song_9873fa090add3536,Chuyện Tình Buồn (Giá Mình Là Người Lạ 2) - Nhật Kim Anh,POPS MUSIC,,,,,,,,,not_found,,,https://www.youtube.com/watch?v=0_vYGq9OtVA,pop,apple_music,MISSING_ORIGINAL,HIGH
song_d6b4df91d0b7c797,Chuyện Tình Của Thủy Thần,Various Artists,,,,,,,,,not_found,ZW6I7ZEE,https://zingmp3.vn/bai-hat/Chuyen-Tinh-Cua-Thuy-Than-Buc-Tuong/ZW6I7ZEE.html,,rock,apple_music,MISSING_ORIGINAL,HIGH
song_e21e52757c09b5e6,Chuyện Tình Em Và Tôi,"Thanh Ngân, Võ Minh Lê",,,,,,,,,not_found,Z6B7WCDC,https://zingmp3.vn/bai-hat/Chuyen-Tinh-Em-Va-Toi-Thanh-Ngan-Vo-Minh-Le/Z6B7WCDC.html,,pop,apple_music,MISSING_ORIGINAL,HIGH
song_fcd284edcd490bbf,Chuyện Tình Em Với Tôi,,,,,,,,,,not_found,ZW78I96E,https://zingmp3.vn/bai-hat/Chuyen-Tinh-Em-Voi-Toi-Tuan-Quang/ZW78I96E.html,,pop|folk|world|country|ballad|trữ tình,apple_music|discogs,MISSING_ORIGINAL,HIGH
song_43b3ba17b396b6e5,Chuyện Tình Mùa Đông,Tan Minh,,,,,,,,,not_found,ZWZ99IA6,https://zingmp3.vn/bai-hat/Chuyen-Tinh-Mua-Dong-Tan-Minh/ZWZ99IA6.html,,pop|blues|folk|world|country|trữ tình,apple_music|discogs,MISSING_ORIGINAL,HIGH
song_39fbb19d473f5580,Chuyện Đôi Ta (feat. Muộii),Da LAB Official,,,,,,,,,not_found,,,https://www.youtube.com/watch?v=4RzTAS6njw4,pop|rock việt,apple_music|zingmp3,MISSING_ORIGINAL,HIGH
song_ccc582779f46127c,Cháy Cùng Em,"Đàm Vĩnh Hưng, Đức Thuận",,,,,,,,,not_found,ZW6CF6B0,https://zingmp3.vn/bai-hat/Chay-Cung-Em-Dam-Vinh-Hung-Duc-Thuan/ZW6CF6B0.html,,folk|world|country,discogs,MISSING_ORIGINAL,HIGH
song_2edacb5facd85d66,Chìm Sâu - RPT MCK (feat. Trung Trần) | Official Lyrics Video,MCK // Nger,,,,,,,,,not_found,,,https://www.youtube.com/watch?v=Yw9Ra2UiVLw,rap việt,apple_music|zingmp3,MISSING_ORIGINAL,HIGH
song_057d11fb39a2cfbd,Chúng Ta Của Tương Lai,Sơn Tùng M-TP Official,,,,,,,,,not_found,,,https://www.youtube.com/watch?v=UoXllQoqEBY,pop|v-pop,apple_music|musicbrainz,MISSING_ORIGINAL,HIGH
song_0a963f1d61d029db,Chúng Ta Dừng Lại Ở Đây Thôi - Nguyễn Đình Vũ,Nam Việt Official,,,,,,,,,not_found,,,https://www.youtube.com/watch?v=rPEhb8FxfMI,worldwide|dance việt,apple_music|zingmp3,MISSING_ORIGINAL,HIGH
song_b8eb7388c1f94df3,Chúng ta là lu,Vang anh,,,,,,,,,not_found,,,https://www.youtube.com/watch?v=9D27meNf7tY,classical|v-pop,apple_music|zingmp3,MISSING_ORIGINAL,HIGH
song_7430ff1d2cdac164,Chút Kỷ Niệm Buồn (EDM Version),Cao Vu,,,,,,,,,not_found,ZW7UWIZ8,https://zingmp3.vn/bai-hat/Chut-Ky-Niem-Buon-EDM-Version-Cao-Thien-Vu/ZW7UWIZ8.html,,house,apple_music,MISSING_ORIGINAL,HIGH
song_52c3d993e03c2f5d,Chưa Thấy Chữ Tình,Quang Truong,,,,,,,,,not_found,ZW7IO78F,https://zingmp3.vn/bai-hat/Chua-Thay-Chu-Tinh-Quang-Truong/ZW7IO78F.html,,pop,apple_music,MISSING_ORIGINAL,HIGH
song_e839e3b6868d7d35,Chạy Theo Lý Trí - Hồ Ngọc Hà (Official Music Video),Ho Ngoc Ha's Official Channel,,,,,,,,,not_found,,,https://www.youtube.com/watch?v=quGW29NiblY,pop,apple_music,MISSING_ORIGINAL,HIGH
song_174c13fa25f8b811,"Chạy - Wowy , Karik  ft LD SouthGanz",Wowy,,,,,,,,,not_found,,,https://www.youtube.com/watch?v=amJh42wHL5s,worldwide,apple_music,MISSING_ORIGINAL,HIGH
song_481e25e8853d3c83,Chấm Hết Đi (R&B Version),Băng Tình,,,,,,,,,not_found,ZW7O7IEI,https://zingmp3.vn/bai-hat/Cham-Het-Di-R-B-Version-Bang-Tinh/ZW7O7IEI.html,,metal,apple_music|shazam,MISSING_ORIGINAL,HIGH
song_df6b64d78078b7ee,Chẳng biết điều gì - Emcee L (Da LAB) (Official MV),Da LAB Official,,,,,,,,,not_found,,,https://www.youtube.com/watch?v=Yqvof4YnuFE,pop,apple_music,MISSING_ORIGINAL,HIGH
song_971ac52d8920f7c6,Chẳng Nói Nên Lời - Acoustic Session | Hoàng Dũng,Hoàng Dũng,,,,,,,,,not_found,,,https://www.youtube.com/watch?v=9cPJLlNwO-w,pop|folk|world|country|trữ tình|v-pop,discogs|zingmp3,MISSING_ORIGINAL,HIGH
song_d0cfee3e99ced5b4,Chẳng Thể Nào Bên Nhau,BB Thy,,,,,,,,,not_found,ZW67DI0O,https://zingmp3.vn/bai-hat/Chang-The-Nao-Ben-Nhau-BB-Thy/ZW67DI0O.html,,pop,apple_music,MISSING_ORIGINAL,HIGH
song_267953b6eabf63b1,Chỉ Còn Trong Giấc Mơ,Nguyen Ngoc Anh,,,,,,,,,not_found,ZWZ997ZZ,https://zingmp3.vn/bai-hat/Chi-Con-Trong-Giac-Mo-Nguyen-Ngoc-Anh/ZWZ997ZZ.html,,pop,apple_music,MISSING_ORIGINAL,HIGH
song_652a6709439c5f8f,CHỈ CẦN ANH MUỐN - VŨ THẢO MY | OFFICIAL MV,VŨ THẢO MY,,,,,,,,,not_found,,,https://www.youtube.com/watch?v=j59JkxbJqpk,pop|v-pop,apple_music|zingmp3,MISSING_ORIGINAL,HIGH
song_4f02771c2ad6696b,Chỉ Là Muốn Nói (300) - Khải,Chang,,,,,,,,,not_found,,,https://www.youtube.com/watch?v=uUB7wnWeMdM,pop|v-pop,apple_music|zingmp3,MISSING_ORIGINAL,HIGH
song_e81b5cc8c448ba7a,CHỈ MÌNH ANH ĐI XA - HƯƠNG TRÀM | OFFICIAL MUSIC VIDEO,Hương Tràm Charmy pham,,,,,,,,,not_found,,,https://www.youtube.com/watch?v=tf6UCzdD_OM,pop,apple_music,MISSING_ORIGINAL,HIGH
song_2903d877461a7f18,Chọi Trâu,Buc Tuong,,,,,,,,,not_found,ZW6U9UD9,https://zingmp3.vn/bai-hat/Choi-Trau-Buc-Tuong/ZW6U9UD9.html,,rock|alternative rock|metal|hard rock,apple_music|discogs|musicbrainz,MISSING_ORIGINAL,HIGH
song_4d3a475ced7b98a2,Chờ Em Đến Bao Giờ?,Phong Max Official,,,,,,,,,not_found,,,https://www.youtube.com/watch?v=ECdQApvyOWw,electronic,apple_music,MISSING_ORIGINAL,HIGH
song_0d8535b56388cd03,Chờ Em Đến Bao Giờ? (New Mix),Phong Max Official,,,,,,,,,not_found,,,https://www.youtube.com/watch?v=Grjp68mKVlQ,electronic,apple_music,MISSING_ORIGINAL,HIGH
song_34d4d2c0d58dbb69,chờ mãi cũng đến … Cuối Tuần - Nguyên Hà & Minh Min |  Official MV,Nguyên Hà Official,,,,,,,,,not_found,,,https://www.youtube.com/watch?v=eqHzPdf_mrU,pop,apple_music,MISSING_ORIGINAL,HIGH
song_79adef6836e7e85f,CHỜ NGÀY CƯỚI EM - PHÁT HỒ Ft. HƯƠNG LY | OFFICIAL MUSIC VIDEO LYRICS,X2X Official,,,,,,,,,not_found,,,https://www.youtube.com/watch?v=FrYFkQtw-Z4,v-pop,zingmp3,MISSING_ORIGINAL,HIGH
song_4bc98509b62a8a9f,Chờ Đợi Một Điều Gì,Viet My,,,,,,,,,not_found,ZWZDFCIF,https://zingmp3.vn/bai-hat/Cho-Doi-Mot-Dieu-Gi-Viet-My/ZWZDFCIF.html,,pop,apple_music,MISSING_ORIGINAL,HIGH
song_d8601a4fdc1e8ad9,Chợt Khóc (Beat),Đinh Kiến Phương,,,,,,,,,not_found,ZZCEFIF7,https://zingmp3.vn/bai-hat/Chot-Khoc-Beat-Dinh-Kien-Phuong/ZZCEFIF7.html,,pop|j-pop,apple_music|shazam,MISSING_ORIGINAL,HIGH
song_65871535e366a11b,Cian Ducrot - I'll Be Waiting (Official Lyric Video),Cian Ducrot,,,,,,,,,not_found,,,https://www.youtube.com/watch?v=qKvlU2n1nso,pop|soul,apple_music|zingmp3,MISSING_ORIGINAL,HIGH
song_debf5d91f280e452,CILU (Cuz I Luv U) - JGKiD (Da LAB) x MPaKK (Da LAB) (Official MV),Da LAB Official,,,,,,,,,not_found,,,https://www.youtube.com/watch?v=O5nlyrBH3FQ,v-pop|country,zingmp3|shazam,MISSING_ORIGINAL,HIGH
song_d1ea5e64ad9df884,CINDERELLA ĐI BAR - LIZ KIM CƯƠNG | OFFICIAL MV,Liz Kim Cương,,,,,,,,,not_found,,,https://www.youtube.com/watch?v=zDL_PLHNTOY,b việt|house,zingmp3|nhac_vn|nhaccuatui|shazam|allmusic|qobuz|youtube,MISSING_ORIGINAL,HIGH
song_0273dc4be02cc778,"⏱️ Cinematic & Background (Free Music) - ""PASSAGE OF TIME"" by @ScottBuckley 🇦🇺 🇸🇪",BreakingCopyright — Royalty Free Music,,,,,,,,,not_found,,,https://www.youtube.com/watch?v=nX7-7miPPVk,alternative,nhac_vn,MISSING_ORIGINAL,LOW
song_311278551f386214,City Lights - Official MV | Superbrothers x Chau Dang Khoa,Superbrothers,,,,,,,,,not_found,,,https://www.youtube.com/watch?v=3UD4vNzSX2A,pop|country,apple_music|zingmp3,MISSING_ORIGINAL,HIGH
song_c29b7afe2ef39b99,"☁️ Classical & Contemplative (Free Music) - ""PHASE SHIFT"" by Scott Buckley 🇦🇺",BreakingCopyright — Royalty Free Music,,,,,,,,,not_found,,,https://www.youtube.com/watch?v=hbkeq71v5PA,soul,nhaccuatui,MISSING_ORIGINAL,LOW
song_cf9905ed8bb3ebd9,"🎻 Classical Strings & Orchestral (Music For Videos) - ""Eight Mountains"" by Savfk 🇮🇹 🇬🇧",BreakingCopyright — Royalty Free Music,,,,,,,,,not_found,,,https://www.youtube.com/watch?v=SPOfbFjD9eU,j-pop|pop|house,qobuz|youtube,MISSING_ORIGINAL,HIGH
song_096c805b28411a64,Clinton Kane - I GUESS I’M IN LOVE (Lyrics),Vibe Music,,,,,,,,,not_found,,,https://www.youtube.com/watch?v=Yb0ZGvccOAY,songwriter,apple_music,MISSING_ORIGINAL,HIGH
song_73e3c453c87e1e9a,Close Your Eyes | Beautiful Chill Mix,HearWeGo,,,,,,,,,not_found,,,https://www.youtube.com/watch?v=zu7qIwD7Nes,dance,youtube,MISSING_ORIGINAL,LOW
song_b8a568515ded93ab,Coast Ride,Sole Sole - Topic,,,,,,,,,not_found,,,https://www.youtube.com/watch?v=MIu3xEbS5-4,electronic|hip hop|gangsta|g-funk|country,apple_music|discogs|nhac_vn|shazam|nhaccuatui|allmusic|qobuz|musicbrainz|youtube,MISSING_ORIGINAL,HIGH
song_e5aeeb394b407325,Cody Johnson - 'Til You Can't (Official Music Video),Cody Johnson,,,,,,,,,not_found,,,https://www.youtube.com/watch?v=v2LixP7n_hM,country,apple_music|zingmp3,MISSING_ORIGINAL,HIGH
song_5bc96f88e6615456,"CODYNAMVO - ""YÊU VÔ CỰC"" | OFFICIAL MUSIC VIDEO",CODYNAMVO OFFICIAL,,,,,,,,,not_found,,,https://www.youtube.com/watch?v=O_2EedJDOHI,pop|v-pop|country|k-pop|j-pop,apple_music|zingmp3|shazam|youtube,MISSING_ORIGINAL,HIGH
song_818abbb691518960,Coldplay X Selena Gomez - Let Somebody Go (Official Video),Coldplay,,,,,,,,,not_found,,,https://www.youtube.com/watch?v=CWCMGIG1Y54,pop|country,apple_music|nhaccuatui,MISSING_ORIGINAL,HIGH
song_16da5a9d2116311d,"Coldzy - Cold Lạc Bộ ft Hoàng Dũng, Minsicko | Official Music Video",Coldzy,,,,,,,,,not_found,,,https://www.youtube.com/watch?v=NGz8_M1__vk,pop,apple_music,MISSING_ORIGINAL,HIGH
song_4de42d4a8a475427,Coldzy - Lại Ngây Thurr (ft. Taku/9) | Official Audio,Coldzy,,,,,,,,,not_found,,,https://www.youtube.com/watch?v=zmXkGZxbU5o,v-pop|rap việt,zingmp3,MISSING_ORIGINAL,HIGH
song_00cdfc3ded5481c8,Cole Swindell - You Should Be Here (Official Music Video),Cole Swindell,,,,,,,,,not_found,,,https://www.youtube.com/watch?v=K8WlCqZPTeg,pop|alternative,allmusic|youtube,MISSING_ORIGINAL,HIGH
song_f923e238844b64ea,COLIN - 9 PM,We Are Diamond,,,,,,,,,not_found,,,https://www.youtube.com/watch?v=Uw7Mky_p2mU,funk|soul,discogs,MISSING_ORIGINAL,HIGH
song_0157b8a06ab9b567,COLIN - Swim,We Are Diamond,,,,,,,,,not_found,,,https://www.youtube.com/watch?v=ClcKVYUQ2Fw,hòa tấu,zingmp3,MISSING_ORIGINAL,HIGH
song_c7b523b37440bad9,Con Ghẻ | Nhật Kim Anh | Official MV,POPS MUSIC,,,,,,,,,not_found,,,https://www.youtube.com/watch?v=rJqlbloD3L0,worldwide|nhạc dân ca - quê hương,apple_music|zingmp3,MISSING_ORIGINAL,HIGH
song_3fc0e5a315b46de0,Con Gái Có Quyền Điệu | Hari Won | Official Music Video,YEAH1 MUSIC,,,,,,,,,not_found,,,https://www.youtube.com/watch?v=6IhL_-PuDxw,v-pop,zingmp3,MISSING_ORIGINAL,HIGH
song_a7f351ae22f296ec,Con Nhớ Mẹ,Bao Thy,,,,,,,,,not_found,ZW60B7EI,https://zingmp3.vn/bai-hat/Con-Nho-Me-Bao-Thy/ZW60B7EI.html,,pop|folk|world|country,apple_music|discogs,MISSING_ORIGINAL,HIGH
song_9c66bfed0f2dcac5,Con Sẽ Về Mẹ Ơi,Ngọc Yến,,,,,,,,,not_found,ZUDZZEEA,https://zingmp3.vn/bai-hat/Con-Se-Ve-Me-Oi-Ngoc-Yen/ZUDZZEEA.html,,traditional country|pop|folk|world|country|v-pop,apple_music|discogs,MISSING_ORIGINAL,HIGH
song_054f78ba94f746df,Con Tim Em Đã Đổi Thay,Lam Chan Kiet,,,,,,,,,not_found,ZW6U9U8W,https://zingmp3.vn/bai-hat/Con-Tim-Em-Da-Doi-Thay-Lam-Chan-Kiet/ZW6U9U8W.html,,pop,apple_music,MISSING_ORIGINAL,HIGH
song_fa37c450018b4ec7,Con Tim Mong Manh - Miu Lê [Official],POPS MUSIC,,,,,,,,,not_found,,,https://www.youtube.com/watch?v=aSgpFLlZciY,pop,apple_music,MISSING_ORIGINAL,HIGH
song_a21b38fd0be8dc38,Con Tim Tan Vỡ,Phan Mạnh Quỳnh Official,,,,,,,,,not_found,,,https://www.youtube.com/watch?v=_-bqZhTzXLI,pop|trữ tình,apple_music|zingmp3,MISSING_ORIGINAL,HIGH
song_6a8f7b3ceeb568dc,Con Trai Cưng - B Ray x Masew | Official Audio,EvB Records,,,,,,,,,not_found,,,https://www.youtube.com/watch?v=zp-x4cY8fu0,pop,apple_music,MISSING_ORIGINAL,HIGH
song_3f230c0b796995ef,"🦓 Copyright Free African Music - ""Happy African Village"" by John Bartmann 🇿🇦",BreakingCopyright — Royalty Free Music,,,,,,,,,not_found,,,https://www.youtube.com/watch?v=25F5kUVM2So,alternative,allmusic,MISSING_ORIGINAL,LOW
song_d636feea0da5c4d0,"⭐ Copyright Free Epic Music - ""Journey To The Stars"" by @SavfkMusic  🇬🇧 🇮🇹",BreakingCopyright — Royalty Free Music,,,,,,,,,not_found,,,https://www.youtube.com/watch?v=MCscTvpQ7po,house,allmusic,MISSING_ORIGINAL,LOW
song_9d83c56597b4daf6,"🎉 Copyright Free House Music - ""To Be Free"" by Nck 🇮🇹",BreakingCopyright — Royalty Free Music,,,,,,,,,not_found,,,https://www.youtube.com/watch?v=lAmudPTKelU,alternative,qobuz,MISSING_ORIGINAL,LOW
song_5c27a8b175a93385,COVER | Trời giấu trời mang đi - Amee & Viruss | Hoàng Yến Chibi,Hoàng Yến Chibi Official,,,,,,,,,not_found,,,https://www.youtube.com/watch?v=sMMwjQlasTQ,pop|vocal,discogs,MISSING_ORIGINAL,HIGH
song_e7a45473217b7d49,Craze - Châu Đăng Khoa ft Karik [Official MV],POPS MUSIC,,,,,,,,,not_found,,,https://www.youtube.com/watch?v=EzmQ89SgDV0,pop,apple_music,MISSING_ORIGINAL,HIGH
song_f61a1e4d373cfca9,Creed - My Sacrifice,Creed,Khác,zingmp3_title_artist_search,https://zingmp3.vn/bai-hat/Creed-RekuudoTekk/wd3gHSrXjxCg.html,Creed,RekuudoTekk,0.844,low,"[{""id"":""A6UHaAP1adyN"",""name"":""Khác"",""title"":""Khác"",""alias"":""khac"",""link"":""/the-loai-album/Khac/A6UHaAP1adyN.html""}]; title_score=1.000; artist_score=0.375",found_needs_review,,,https://www.youtube.com/watch?v=O-fyNgHdmLI,hard rock|rock|alternative rock|pop,apple_music|discogs|zingmp3,MISSING_ORIGINAL,HIGH
song_ff8906b50e55e49d,Crowded House - Don't Dream It's Over (Official Music Video),Crowded House,Khác,zingmp3_title_artist_search,https://zingmp3.vn/bai-hat/Crowded-House-Serene-Soundscapes/CwmehNQ9tKsL.html,Crowded House,Serene Soundscapes,0.863,low,"[{""id"":""A6UHaAP1adyN"",""name"":""Khác"",""title"":""Khác"",""alias"":""khac"",""link"":""/the-loai-album/Khac/A6UHaAP1adyN.html""}]; title_score=1.000; artist_score=0.452",found_needs_review,,,https://www.youtube.com/watch?v=J9gKyRmic20,rock|pop,apple_music|zingmp3,MISSING_ORIGINAL,HIGH
song_6dc8eca96e2e69ed,CUA,HIEUTHUHAI,,,,,,,,,not_found,,,https://www.youtube.com/watch?v=P8qEusQiwsw,hip hop|rap|rap việt,apple_music|zingmp3,MISSING_ORIGINAL,HIGH
song_3ee250da7d639b22,Cutting Crew - (I Just) Died In Your Arms (Official Music Video),Cutting Crew Music,,,,,,,,,not_found,,,https://www.youtube.com/watch?v=6dOwHzCHfgA,rock|electronic|jazz|stage|screen|soul-jazz|pop rock|hip hop|latin jazz|synthpop|classic rock|new wave|metal|hard rock|video game,apple_music|discogs,MISSING_ORIGINAL,HIGH
song_4827ac83e3b658e6,Cuộc gọi lúc nửa đêm - AMEE | Official Music Video (from ‘MỘNGMEE’ album),ST.319 Entertainment,,,,,,,,,not_found,,,https://www.youtube.com/watch?v=8sMP7Medjzs,pop|v-pop,apple_music|discogs|zingmp3,MISSING_ORIGINAL,HIGH
song_d6fcdc69f583e600,Cuộc Sống Xa Nhà - Minh Vương M4U,Minh Vương M4U,,,,,,,,,not_found,,,https://www.youtube.com/watch?v=wUAbxnkma24,pop|v-pop|tết,apple_music|zingmp3,MISSING_ORIGINAL,HIGH
song_0edb15d432f994ea,Cuộc Tình Nuối Tiếc,Manh Quynh,,,,,,,,,not_found,ZWZDZO7Z,https://zingmp3.vn/bai-hat/Cuoc-Tinh-Nuoi-Tiec-Manh-Quynh/ZWZDZO7Z.html,,worldwide|trữ tình|vietnamese bolero,apple_music|musicbrainz,MISSING_ORIGINAL,HIGH
song_3a8bb1d8bd4c38a5,Cuộc Vui Cô Đơn - Lê Bảo Bình [LYRIC VIDEO] #CVCD,Hạ Vũ,,,,,,,,,not_found,,,https://www.youtube.com/watch?v=dXTlxZu1tMc,house,web_search,MISSING_ORIGINAL,LOW
song_4f223d8dff851aaf,Czee - Hai bầu trời hai lựa chọn | Music Video Official - Nếu em có hai lựa chọn,CZEE Official,,,,,,,,,not_found,,,https://www.youtube.com/watch?v=95wveu-Nqno,rock,youtube,MISSING_ORIGINAL,LOW
song_4efafc429e8c6e64,Cành Phi Yến Trong Mưa | KHỞI MY | OFFICIAL MV,VMG MUSIC,,,,,,,,,not_found,,,https://www.youtube.com/watch?v=-WVDW1IsggI,v-pop,zingmp3,MISSING_ORIGINAL,HIGH
song_38869c184e1f69e8,CÁ BƠI NGƯỢC DÒNG - VƯƠNG ANH TÚ | MUSIC VIDEO OFFICIAL,Vương Anh Tú Official,,,,,,,,,not_found,,,https://www.youtube.com/watch?v=YmMfzd40NOY,v-pop,zingmp3,MISSING_ORIGINAL,HIGH
song_0250daf092e9ef10,"CÁI ĐẸP x I'M THINKING ABOUT YOU | tlinh, Pháo, Pháp Kiều, WEAN, RHYDER, Hùng Huỳnh",WeChoice Awards,,,,,,,,,not_found,,,https://www.youtube.com/watch?v=366sFZhmSeg,pop,youtube,MISSING_ORIGINAL,LOW
song_51a419e3a04ec221,Cám Ơn Ba Mẹ,Be Bao Ngu,,,,,,,,,not_found,ZW7WDC9D,https://zingmp3.vn/bai-hat/Cam-On-Ba-Me-Be-Bao-Ngu/ZW7WDC9D.html,,soul,apple_music,MISSING_ORIGINAL,HIGH
song_8400a8bc75b787b2,Cánh Diều Chiều Mưa,"Thu Phuong,Phung Khanh Linh,Kimmese",,,,,,,,,not_found,ZW7ICFW6,https://zingmp3.vn/bai-hat/Canh-Dieu-Chieu-Mua-Thu-Phuong-Phung-Khanh-Linh-Kimmese/ZW7ICFW6.html,,soul,web_search,MISSING_ORIGINAL,LOW
song_b5d9d354c47e2c76,Cánh Hoa Héo Tàn - Mochiii x Domino Remix | Có Lẽ Em Đã Không Còn Nước Mắt |Giống Như 1 Vở Kịch Buồn,ACV Entertainment,,,,,,,,,not_found,,,https://www.youtube.com/watch?v=YizrmzMvr7Q,latin,youtube,MISSING_ORIGINAL,LOW
song_e62994191c425e61,Cánh hoa tổn thương - Hoàng Yến Chibi | Official Music Video,Hoàng Yến Chibi Official,,,,,,,,,not_found,,,https://www.youtube.com/watch?v=Fvn141xXDwc,pop|v-pop,apple_music|zingmp3,MISSING_ORIGINAL,HIGH
song_4c619cb79c2a124d,CÁNH HOA VỤT MẤT - ANH TÀI TRƯƠNG THẾ VINH | Tiết mục SOLO tại ANH TRAI VƯỢT NGÀN CHÔNG GAI 2024,YEAH1 MUSIC,,,,,,,,,not_found,,,https://www.youtube.com/watch?v=GGg-zIF4gCA,electronic|metal,shazam|nhac_vn,MISSING_ORIGINAL,HIGH
song_54112ec6c61dbd2b,[CÂU CHUYỆN NGÀY CẬN TẾT] SƠN TÙNG M-TP | CHÚNG TA CỦA HIỆN TẠI DANCE BY B-WILD | PHỐ ĐI BỘ VIỆT NAM,B-Wild Official,,,,,,,,,not_found,,,https://www.youtube.com/watch?v=h0kHeJPz7LI,country,nhac_vn|allmusic,MISSING_ORIGINAL,HIGH
song_279f4b9de2003f63,CÂU HẸN CÂU THỀ - ĐÌNH DŨNG | OFFICIAL MUSIC VIDEO,Đình Dũng Official,,,,,,,,,not_found,,,https://www.youtube.com/watch?v=QXmn3aw-2dE,pop|folk|world|country|ballad|trữ tình|v-pop|alternative,apple_music|discogs|zingmp3|nhaccuatui|allmusic,MISSING_ORIGINAL,HIGH
song_808ab669810a32e3,Câu Hẹn Câu Thề - Đình Dũng | Thương Võ Cover,THƯƠNG VÕ OFFICIAL,,,,,,,,,not_found,,,https://www.youtube.com/watch?v=xPXEhO2keEU,folk|world|country|v-pop,discogs|zingmp3,MISSING_ORIGINAL,HIGH
song_0a86896ad3919eda,Câu Hỏi Em Chưa Trả Lời - Lâm Chấn Khang [Official MV],NhacPro Tube,,,,,,,,,not_found,,,https://www.youtube.com/watch?v=gXdj97MoeXs,latin,web_search,MISSING_ORIGINAL,LOW
song_97ae91e07ead8c51,Còn Ai Với Ai,Cam Van,,,,,,,,,not_found,ZWZ9FDUU,https://zingmp3.vn/bai-hat/Con-Ai-Voi-Ai-Cam-Van/ZWZ9FDUU.html,,pop|folk|world|country|ballad,apple_music|discogs|musicbrainz,MISSING_ORIGINAL,HIGH
song_809cca512da1d1fd,Còn Gì Đau Hơn Chữ Đã Từng | Quân A.P | Official Music Video | POPS Music,POPS MUSIC,,,,,,,,,not_found,,,https://www.youtube.com/watch?v=sYxj9A2V6eg,classical|modern|v-pop|rock,discogs|zingmp3|shazam,MISSING_ORIGINAL,HIGH
song_e1a5168098d225ee,CÒN LẠI MỘT MÌNH | ĐAN TRƯỜNG | JACK VIET NAM | COVER,Jack Viet Nam,,,,,,,,,not_found,,,https://www.youtube.com/watch?v=f5zfM6PFRAU,folk|world|country,discogs,MISSING_ORIGINAL,HIGH
song_dc971e6f368342ad,Còn Mãi Nơi Đây,Quang Dung,,,,,,,,,not_found,ZWZ9787C,https://zingmp3.vn/bai-hat/Con-Mai-Noi-Day-Quang-Dung/ZWZ9787C.html,,pop|folk|world|country|ballad,apple_music|discogs|musicbrainz,MISSING_ORIGINAL,HIGH
song_df254cc297bd33c9,Còn Thương Thì Không Để Em Khóc - Miu Lê x Đạt G x Karik | Official MV,Miu Lê Official,,,,,,,,,not_found,,,https://www.youtube.com/watch?v=ioHp2iGUwyg,v-pop,zingmp3,MISSING_ORIGINAL,HIGH
song_061e15b8ae84fefc,CÒN YÊU SAO NÓI KHÔNG HỢP - JSOL | Official MV,DreamS Entertainment,,,,,,,,,not_found,,,https://www.youtube.com/watch?v=wDp51iSbjwA,pop|v-pop,apple_music|zingmp3,MISSING_ORIGINAL,HIGH
song_1759acea27e657bc,"CÒN YÊU, ĐÂU AI RỜI ĐI - ĐỨC PHÚC | OFFICIAL MV",ĐỨC PHÚC OFFICIAL,,,,,,,,,not_found,,,https://www.youtube.com/watch?v=VCYJckDc_fw,pop|v-pop,apple_music|zingmp3,MISSING_ORIGINAL,HIGH
song_6f21e74c75598110,Có Chàng Trai Viết Lên Cây - Phan Mạnh Quỳnh | AUDIO LYRIC OFFICIAL,Phan Mạnh Quỳnh Official,,,,,,,,,not_found,,,https://www.youtube.com/watch?v=EUEUZDV-in0,worldwide|nhạc phim,apple_music|zingmp3,MISSING_ORIGINAL,HIGH
song_3e561194b7907a9d,Có Duyên Không Nợ Rumba (Cover),Tina Ho - Topic,,,,,,,,,not_found,,,https://www.youtube.com/watch?v=QFyeniYEyf8,pop|v-pop|rock|alternative,apple_music|zingmp3|nhac_vn|shazam,MISSING_ORIGINAL,HIGH
song_c3766cc9a2f3d87c,Có Em Trong Đời | Châu Khải Phong | Official MV,POPS MUSIC,,,,,,,,,not_found,,,https://www.youtube.com/watch?v=QUTGXFU6VTM,v-pop,zingmp3,MISSING_ORIGINAL,HIGH
song_a13b3fb610d05cec,Có Hẹn Cùng Hạnh Phúc | Trương Quỳnh Anh | Yeah1 Superstar (Official Music Video),YEAH1 MUSIC,,,,,,,,,not_found,,,https://www.youtube.com/watch?v=hXcJUv5Chvg,instrumental|rap,allmusic,MISSING_ORIGINAL,LOW
song_5c0df58c7977171b,có hẹn với thanh xuân - MONSTAR | official music video,ST.319 Entertainment,,,,,,,,,not_found,,,https://www.youtube.com/watch?v=vpRi8S6uXAg,pop|v-pop,apple_music|zingmp3,MISSING_ORIGINAL,HIGH
song_476f50ec2929e17e,Có Khi Nào Rời Xa - Bích Phương ( Official Full MV ),ColoristaPictures Viet Nam,,,,,,,,,not_found,,,https://www.youtube.com/watch?v=ALdPR6HjyI8,alternative|pop,nhac_vn|shazam,MISSING_ORIGINAL,HIGH
song_fb0b96f2658f1942,Có Không Giữ Mất Đừng Tìm - Cảnh Minh [MV Official],NhacPro Tube,,,,,,,,,not_found,,,https://www.youtube.com/watch?v=zFFET9PEdGA,v-pop|metal,zingmp3|youtube,MISSING_ORIGINAL,HIGH
song_fae589ff741ce729,Có Lẽ Anh Chưa Từng (feat. Karik),OnlyC Production,,,,,,,,,not_found,,,https://www.youtube.com/watch?v=3GOLNa-SG7U,pop|v-pop|country|soul|alternative,apple_music|zingmp3|nhac_vn|allmusic,MISSING_ORIGINAL,HIGH
song_bc64a1f7d11e8cca,CÓ LẼ ANH CHƯA TỪNG - ONLY C ft. KARIK |  OFFICIAL MUSIC VIDEO,OnlyC Production,,,,,,,,,not_found,,,https://www.youtube.com/watch?v=g_TGYUr0Lcs,pop|house,apple_music|shazam,MISSING_ORIGINAL,HIGH
song_160c68e5904e1451,Có một chuyện tình (OST Ngày Xưa Có Một Chuyện Tình) | Phan Mạnh Quỳnh | Showcase stage,Phan Mạnh Quỳnh Official,,,,,,,,,not_found,,,https://www.youtube.com/watch?v=uL1upk_4MV4,pop|folk|world|country|stage|screen|trữ tình|interview,discogs,MISSING_ORIGINAL,HIGH
song_2c07c82cc9b47005,Có Một Nơi Như Thế - Phan Mạnh Quỳnh | AUDIO LYRIC OFFICIAL,Phan Mạnh Quỳnh Official,,,,,,,,,not_found,,,https://www.youtube.com/watch?v=MyOGna7Zzv8,worldwide|v-pop,apple_music|zingmp3,MISSING_ORIGINAL,HIGH
song_c5b300b5ec45ed9d,CÓ NGƯỜI (SOMEONE) - VŨ CÁT TƯỜNG | OFFICIAL MV,Vũ Cát Tường,,,,,,,,,not_found,,,https://www.youtube.com/watch?v=BhbETPFyuaY,pop|v-pop,apple_music|zingmp3,MISSING_ORIGINAL,HIGH
song_9b4be75d28bf3510,Có Những Yêu Thương Nào,Dong Nhi,,,,,,,,,not_found,ZWZD8DIC,https://zingmp3.vn/bai-hat/Co-Nhung-Yeu-Thuong-Nao-Dong-Nhi-Huynh-Thanh-Binh/ZWZD8DIC.html,,pop|v-pop|vocal|ballad,apple_music|discogs|musicbrainz,MISSING_ORIGINAL,HIGH
song_5d6f6ca1c254c4e2,"Có Quên Được Đâu, Em Vẫn Chờ, Tạm Biệt Tình Yêu",Various Artists,,,,,,,,,not_found,ZW6IIZAF,https://zingmp3.vn/bai-hat/Co-Quen-Duoc-Dau-Em-Van-Cho-Tam-Biet-Tinh-Yeu-Thanh-Thao/ZW6IIZAF.html,,pop,apple_music,MISSING_ORIGINAL,HIGH
song_a886c660ba03887c,CÓ TẤT CẢ NHƯNG THIẾU ANH - ERIK | HƯƠNG LY COVER,Nguyễn Hương Ly Official,,,,,,,,,not_found,,,https://www.youtube.com/watch?v=l38C4YQjkV0,electronic|jazz|folk|world|country|contemporary jazz,discogs,MISSING_ORIGINAL,HIGH
song_0f592570082780a2,Có Đâu Ai Ngờ (Lofi),Cầm OFFICIAL,,,,,,,,,not_found,,,https://www.youtube.com/watch?v=WQgX_NSXWdQ,pop|v-pop,apple_music|zingmp3,MISSING_ORIGINAL,HIGH
song_064ddb045fe76a82,Cô gái m52 ‣ HuyR ft. Tùng Viu (bimm release),bimm,,,,,,,,,not_found,,,https://www.youtube.com/watch?v=nHK0u40Ompc,alternative,nhaccuatui|nhac_vn|shazam|allmusic|qobuz|youtube,MISSING_ORIGINAL,HIGH
song_33afe0de99ad1d68,Cô gái m52 ‣ HuyR ft. Tùng Viu | PROD BY DANNY E.B 「Lyric Video」| Meens,Meens,,,,,,,,,not_found,,,https://www.youtube.com/watch?v=ci9GSE9iEso,jazz|free improvisation|alternative,discogs|nhaccuatui|nhac_vn|shazam|allmusic|qobuz|youtube,MISSING_ORIGINAL,HIGH
song_1acc34176ea081e8,Cô Gái M52 I Huy ft. Tùng Viu I MUSIC OFFICIAL I Phiên bản học đường,Xe điện PEGA - HKBike Fan Club,,,,,,,,,not_found,,,https://www.youtube.com/watch?v=Yp-sVNTXSB0,alternative,nhaccuatui|nhac_vn|allmusic|shazam|qobuz|youtube,MISSING_ORIGINAL,HIGH
song_66be4f8622cd7d73,"""Cô gái m52” siêu cute | Kay Trần - Thảo Phạm | HTV NHẠC HỘI SONG CA MÙA 2 | NHSC #12 | 1/7/2018",HTV Entertainment,,,,,,,,,not_found,,,https://www.youtube.com/watch?v=-eNzVJ3yJi0,alternative,nhaccuatui|shazam|nhac_vn|allmusic|qobuz|youtube,MISSING_ORIGINAL,HIGH
song_5285a483e1d220a9,Cô Gái Miền Tây | Jokes Bii x Fay x Sinike | Official Music Video,X2X Official,,,,,,,,,not_found,,,https://www.youtube.com/watch?v=d0Nhn57Xbvk,alternative,nhaccuatui|nhac_vn|allmusic|qobuz|shazam|youtube,MISSING_ORIGINAL,HIGH
song_d11508f0f20856ff,Cô Gái Mù,Bá»©c TÆ°á»ng,,,,,,,,,not_found,ZWZ9Z0A9,https://zingmp3.vn/bai-hat/Co-Gai-Mu-Buc-Tuong/ZWZ9Z0A9.html,,alternative,nhaccuatui|nhac_vn|shazam|allmusic|qobuz|youtube,MISSING_ORIGINAL,HIGH
song_7cc954a7f181bca9,Cô Gái Vàng (feat. Tùng Viu),HuyR,,,,,,,,,not_found,,,https://www.youtube.com/watch?v=geTaJiG0OCI,reggae|v-pop|alternative,apple_music|zingmp3|nhaccuatui|nhac_vn|allmusic|shazam|qobuz|youtube,MISSING_ORIGINAL,HIGH
song_85b23dfbbbda852d,CÔ TA / Vũ. (Official MV),Vũ Official,,,,,,,,,not_found,,,https://www.youtube.com/watch?v=lxBC4SYjb2I,alternative,nhaccuatui|nhac_vn|shazam|allmusic|qobuz|youtube,MISSING_ORIGINAL,HIGH
song_c8129bb83431959d,CÔ THẮM KHÔNG VỀ [ NEW VERSION ] - HƯƠNG LY ft JOKES Bii x SINIKE,Nguyễn Hương Ly Official,,,,,,,,,not_found,,,https://www.youtube.com/watch?v=J_pQox08wHY,alternative,nhaccuatui|shazam|nhac_vn|allmusic|qobuz|youtube,MISSING_ORIGINAL,HIGH
song_ea2ac755d9d3fa97,CÔ THẮM KHÔNG VỀ | Phát Hồ x JokeS Bii x Sinike ft. DinhLong | Official Music Video,X2X Official,,,,,,,,,not_found,,,https://www.youtube.com/watch?v=J1VzE0S-jzk,alternative,nhaccuatui|nhac_vn|shazam|allmusic|qobuz|youtube,MISSING_ORIGINAL,HIGH
song_50c4dcd2773d2d6e,CÔ ĐƠN DÀNH CHO AI | LEE KEN x NAL | OFFICIAL MUSIC VIDEO || Buông sợi tơ chia tay tàn phai giấc mơ,ECM SQUAD Official,,,,,,,,,not_found,,,https://www.youtube.com/watch?v=0I4bDR9vu5Q,alternative,nhaccuatui|nhac_vn|shazam|allmusic|qobuz|youtube,MISSING_ORIGINAL,HIGH
song_4a52d13a315cf569,Cô Đơn Giữa Cuộc Tình - Hồ Ngọc Hà (Official Music Video),Ho Ngoc Ha's Official Channel,,,,,,,,,not_found,,,https://www.youtube.com/watch?v=-N1H37hevUQ,pop|alternative,apple_music|nhaccuatui|nhac_vn|shazam|allmusic|qobuz|youtube,MISSING_ORIGINAL,HIGH
song_0b2e82d04986342a,Cô Đơn Sẽ Tốt Hơn - Lương Gia Hùng [LYRIC VIDEO] #CDSTH,Hạ Vũ,,,,,,,,,not_found,,,https://www.youtube.com/watch?v=qzrv-g06yhU,alternative,nhaccuatui|nhac_vn|shazam|allmusic|qobuz|youtube,MISSING_ORIGINAL,HIGH
song_45f3c9b7bf862f2c,CÔ ĐƠN ĐÃ QUÁ BÌNH THƯỜNG - MIU LÊ | (Official MV) ft. OnlyC Pro.,Miu Lê Official,,,,,,,,,not_found,,,https://www.youtube.com/watch?v=HFDoBL7FKsw,v-pop|alternative,zingmp3|nhaccuatui|shazam|nhac_vn|allmusic|qobuz|youtube,MISSING_ORIGINAL,HIGH
song_b967c11c2ca50131,Cô Độc Vương|Thiên Tú|Lời Việt|Hải Lai A Mộc|Nửa Đời Sầu Nửa Đời Âu,Thiên Tú Official,,,,,,,,,not_found,,,https://www.youtube.com/watch?v=zydLfNn9T18,alternative,nhaccuatui|nhac_vn|shazam|allmusic|qobuz|youtube,MISSING_ORIGINAL,HIGH
song_a84e6d0d0ed80ed5,Công Chúa Bong Bóng,Forest Studio - Topic,,,,,,,,,not_found,,,https://www.youtube.com/watch?v=aI-Ij_M699I,pop|v-pop,apple_music|zingmp3,MISSING_ORIGINAL,HIGH
song_4ca551937c8626db,CÔNG CHÚA CỦA BA - HAN SARA | OFFICIAL MV,Han Sara,,,,,,,,,not_found,,,https://www.youtube.com/watch?v=QPOfJ6Yjk7c,pop|v-pop|alternative,apple_music|zingmp3|nhaccuatui,MISSING_ORIGINAL,HIGH
song_b92dab1c210b334d,Căn Gác Trống ( R&B Version ),Ung Hoang Phuc,,,,,,,,,not_found,ZWZB7B7A,https://zingmp3.vn/bai-hat/Can-Gac-Trong-R-B-Version-Ung-Hoang-Phuc/ZWZB7B7A.html,,rock,apple_music,MISSING_ORIGINAL,HIGH
song_cfb1f097ed16ab1c,Cũng Đành Thôi | Đức Phúc | Official MV 4K | Nhạc trẻ hay mới nhất,YEAH1 MUSIC,,,,,,,,,not_found,,,https://www.youtube.com/watch?v=czT05ygS_Oc,v-pop,zingmp3,MISSING_ORIGINAL,HIGH
song_de7140b237b904eb,Cơn Mơ Băng Giá (Lê Thành Trung) - Bằng Kiều | PBN 115,Thuy Nga,,,,,,,,,not_found,,,https://www.youtube.com/watch?v=nzNPjDjORDU,country,shazam,MISSING_ORIGINAL,LOW
song_a2e4bd1629d4a636,Cơn Mưa Ngang Qua - MTP Sơn Tùng K+,VietMusicTuBe,,,,,,,,,not_found,,,https://www.youtube.com/watch?v=r1OtnOs-utU,alternative,web_search,MISSING_ORIGINAL,LOW
song_c826f88ce5805686,Cơn Mưa Trong Đời,Sơn Tuyền,,,,,,,,,not_found,ZZEEWIZA,https://zingmp3.vn/bai-hat/Con-Mua-Trong-Doi-Son-Tuyen/ZZEEWIZA.html,,worldwide|pop|folk|world|country|soul,apple_music|discogs|shazam,MISSING_ORIGINAL,HIGH
song_1d5d4511f67114fc,"Cưa Là Đổ Remix - Phát Hồ X2X, Đại Mèo Remix - Facebook em trăm ngàn follow remix tik tok",BD Media Music,,,,,,,,,not_found,,,https://www.youtube.com/watch?v=-YDSTATCLJo,dance,apple_music,MISSING_ORIGINAL,HIGH
song_b46075f67404bd07,"Cưới Nhau Đi (Yes I Do) - Bùi Anh Tuấn, Hiền Hồ & 100 cặp cô dâu chú rể | Gala Nhạc Việt",Gala Nhạc Việt,,,,,,,,,not_found,,,https://www.youtube.com/watch?v=o_lN37OAJ9U,country,qobuz,MISSING_ORIGINAL,LOW
song_6ca418c2785f43db,CƯỚI ĐI - 2T x ChangC || Lyrics,peace,,,,,,,,,not_found,,,https://www.youtube.com/watch?v=9nKncN5SMmM,rock|pop|pop rock|synthpop,discogs,MISSING_ORIGINAL,HIGH
song_0a7225ddebe3c763,Cường Seven - Make U Mine ( Official M/V ),Cường Seven Official,,,,,,,,,not_found,,,https://www.youtube.com/watch?v=1KqeQQmjKjo,v-pop,zingmp3,MISSING_ORIGINAL,HIGH
song_5b41298a99c4996b,Cường Seven - Đêm ft Charles Huỳnh ( Official M/V ),Cường Seven Official,,,,,,,,,not_found,,,https://www.youtube.com/watch?v=4hLUO24GHH0,v-pop,zingmp3,MISSING_ORIGINAL,HIGH
song_805e926a496173c4,Cảm Giác Lạ (Beat),Linh Rin,,,,,,,,,not_found,Z7WCE6EW,https://zingmp3.vn/bai-hat/Cam-Giac-La-Beat-Linh-Rin/Z7WCE6EW.html,,pop,apple_music,MISSING_ORIGINAL,HIGH
song_fc353e850f81fc8c,Cảm Nắng,SUNI,,,,,,,,,not_found,,,https://www.youtube.com/watch?v=wq3zrt_8uko,b việt,apple_music|zingmp3,MISSING_ORIGINAL,HIGH
song_09a52bce8586ca27,CẢM NẮNG - SUNI HẠ LINH | Official M/V,DreamS Entertainment,,,,,,,,,not_found,,,https://www.youtube.com/watch?v=hQklJKoEmjs,electronic|dub|techno|downtempo|ambient,discogs,MISSING_ORIGINAL,HIGH
song_98e84a4fbfe87621,Cảm ơn em đã thương anh ... Tình Thương Phu Thê - Chí Hướng || Thái Học (Cover) - Nhạc Hot TIKTOK,Nguyễn Thái Học Official,,,,,,,,,not_found,,,https://www.youtube.com/watch?v=wiuhbH2Yap0,worldwide,apple_music,MISSING_ORIGINAL,HIGH
song_0d4cf2ee06c381da,Cảm Ơn Vì Tất Cả - Anh Quân Idol,Zing MP3,,,,,,,,,not_found,,,https://www.youtube.com/watch?v=MEJSsd0MTQs,v-pop,zingmp3,MISSING_ORIGINAL,HIGH
song_492c8165d3af6958,Cất Giấu Một Bóng Hình,Kayay,,,,,,,,,not_found,ZZEEWWIA,https://zingmp3.vn/bai-hat/Cat-Giau-Mot-Bong-Hinh-Kayay/ZZEEWWIA.html,,pop,apple_music,MISSING_ORIGINAL,HIGH
song_7383931edbc0846b,"Cần Không Có, Có Không Cần - Thanh Hưng (Lyrics Video)",Thanh Hưng Official,,,,,,,,,not_found,,,https://www.youtube.com/watch?v=5MTSQspPjXQ,pop|v-pop|folk,apple_music|zingmp3|nhaccuatui,MISSING_ORIGINAL,HIGH
song_22c9823f4b25955c,Cần Một Hơi Ấm,Do Minh Quan,,,,,,,,,not_found,ZW69DAOE,https://zingmp3.vn/bai-hat/Can-Mot-Hoi-Am-Do-Minh-Quan/ZW69DAOE.html,,pop|alternative,apple_music|nhac_vn,MISSING_ORIGINAL,HIGH
song_70cf1b458cdd5207,Cầu Vồng Tình Yêu,Ustylez,,,,,,,,,not_found,,https://zingmp3.vn/bai-hat/Cau-Vong-Tinh-Yeu-Ustylez/IWA7Z7IC.html,,v-pop,zingmp3,MISSING_ORIGINAL,HIGH
song_b5dc5eb55919f0f4,Cậu Cả - XAVI Phạm,DZUS Records,,,,,,,,,not_found,,,https://www.youtube.com/watch?v=01xRJV3Xzcc,rap việt,zingmp3,MISSING_ORIGINAL,HIGH
song_8d82570e194cdfd2,Cố Quên Cuộc Tình,,,,,,,,,,not_found,Z7C6IIWC,https://zingmp3.vn/bai-hat/CO-QUEN-CUOC-TINH-Brazen/Z7C6IIWC.html,,pop|folk|world|country|house|rock,apple_music|discogs|nhaccuatui|musicbrainz,MISSING_ORIGINAL,HIGH
song_38d7022cd890a138,Cứ Chill Thôi - Chillies (Official Music Video) ft. Suni Hạ Linh & Rhymastic,Chillies,,,,,,,,,not_found,,,https://www.youtube.com/watch?v=LZN4I3K8SC0,v-pop,zingmp3,MISSING_ORIGINAL,HIGH
song_077bc52490c7f032,CỨ NGỠ LÀ ANH - ĐINH TÙNG HUY [OFFICIAL MUSIC VIDEO],ACV Entertainment,,,,,,,,,not_found,,,https://www.youtube.com/watch?v=CWYPdvUd6mk,pop|v-pop,apple_music|zingmp3,MISSING_ORIGINAL,HIGH
song_e9e1273a93897cfb,Cứ Yêu Đi - Đức Phúc ft Hòa Minzy (OST 100 Ngày Bên Em),YEAH1 MUSIC,,,,,,,,,not_found,,,https://www.youtube.com/watch?v=vqiYI2V56XM,pop,apple_music,MISSING_ORIGINAL,HIGH
song_e52741bfef51e141,D Empty - ÁNH CHIỀU TÀN ft. Poll (Prod. by Vic) | OFFICIAL LYRIC VIDEO,D Empty,,,,,,,,,not_found,,,https://www.youtube.com/watch?v=AOYdD-3ole0,v-pop|latin,zingmp3|nhaccuatui|shazam|nhac_vn|allmusic|qobuz|youtube,MISSING_ORIGINAL,HIGH
song_483be5e751e15cd3,Da LAB - Một Nhà (Lyric Video) | tas release,tas,,,,,,,,,not_found,,,https://www.youtube.com/watch?v=Uwvvc51JLrk,hip hop,discogs,MISSING_ORIGINAL,HIGH
song_9a425cf6e1e869f9,Damiano David - Born With a Broken Heart (Official Video),Damiano David,,,,,,,,,not_found,,,https://www.youtube.com/watch?v=Z4-g8UXa944,pop,apple_music|zingmp3,MISSING_ORIGINAL,HIGH
song_b1fc2e4d287c6a7d,Damiano David - Next Summer (Lyrics),Vibe Music,,,,,,,,,not_found,,,https://www.youtube.com/watch?v=nZb8sKIS5uE,dance|pop,web_search,MISSING_ORIGINAL,LOW
song_257412f44918eefa,"Dan + Shay, Justin Bieber - 10,000 Hours (Official Music Video)",Dan + Shay,,,,,,,,,not_found,,,https://www.youtube.com/watch?v=Y2E71oe0aSM,country,apple_music,MISSING_ORIGINAL,HIGH
song_9f89f7f6a52d37f6,Dan + Shay - Speechless (Wedding Video),Dan + Shay,,,,,,,,,not_found,,,https://www.youtube.com/watch?v=7UoP9ABJXGE,country|pop,apple_music|zingmp3,MISSING_ORIGINAL,HIGH
song_0976eb5d01246eff,Dan + Shay - Tequila (Official Music Video),Dan + Shay,,,,,,,,,not_found,,,https://www.youtube.com/watch?v=c4qgqNS_20s,country|pop,apple_music|zingmp3,MISSING_ORIGINAL,HIGH
song_9a2bd91740d76974,Dang Dở Tình Buồn (Rumba),"Thanh Vinh, CT",,,,,,,,,not_found,Z76ZEDA9,https://zingmp3.vn/bai-hat/Dang-Do-Tinh-Buon-Rumba-Thanh-Vinh-CT/Z76ZEDA9.html,,pop,apple_music,MISSING_ORIGINAL,HIGH
song_a255434a6884eb16,Darin - Fade Away (Music Video),Darin Music,,,,,,,,,not_found,,,https://www.youtube.com/watch?v=plU4bT61Buw,bluegrass,apple_music,MISSING_ORIGINAL,HIGH
song_209b7fb2ce66acca,Darin - I Lost You (Lyric Video),Darin Music,,,,,,,,,not_found,,,https://www.youtube.com/watch?v=lm6VlGXnt_M,pop,apple_music,MISSING_ORIGINAL,HIGH
song_54032e84da2ba80e,Darin - I'm Gone (Music Video),Darin Music,,,,,,,,,not_found,,,https://www.youtube.com/watch?v=fanFJAWCow8,pop,apple_music|discogs|qobuz,MISSING_ORIGINAL,HIGH
song_dbfc539f58643e46,"💀 Dark & Mysterious (Royalty Free Music) - ""SINKING"" by Neutrin05 🇺🇸",BreakingCopyright — Royalty Free Music,,,,,,,,,not_found,,,https://www.youtube.com/watch?v=r-3PRii66M0,alternative,qobuz,MISSING_ORIGINAL,LOW
song_82cbbb8073971210,Datmaniac - Souls,Datmaniac,,,,,,,,,not_found,,,https://www.youtube.com/watch?v=OIhpb7XFw78,hip hop|rap|rap việt,apple_music|zingmp3,MISSING_ORIGINAL,HIGH
song_0759772b4aedab02,David Nail - Whatever She's Got,David Nail,,,,,,,,,not_found,,,https://www.youtube.com/watch?v=o1C3mVUkAt8,country|folk|world,apple_music|discogs,MISSING_ORIGINAL,HIGH
song_d596bb0826119236,Dean Lewis - Be Alright (Official Video),Dean Lewis,Âu Mỹ,zingmp3_title_artist_search,https://zingmp3.vn/bai-hat/Be-Alright-Dean-Lewis/9EjN9V7yQpEd.html,Be Alright,Dean Lewis,1.0,medium,"[{""id"":""q3564DMx4CZN"",""name"":""Âu Mỹ"",""title"":""Âu Mỹ"",""alias"":""au-my"",""link"":""/the-loai-album/Au-My/q3564DMx4CZN.html""}]; title_score=1.000; artist_score=1.000",found_needs_review,,,https://www.youtube.com/watch?v=I0czvJ_jikg,songwriter|electronic|dance|trance|house|techno|pop|synthpop,apple_music|zingmp3|discogs,MISSING_ORIGINAL,HIGH
song_c4a7903c8a7402ea,Dean Lewis - How Do I Say Goodbye (Official Video),Dean Lewis,,,,,,,,,not_found,,,https://www.youtube.com/watch?v=QCtEe-zsCtQ,songwriter|electronic|dance|trance|house|techno|rock|non-music|noisecore,apple_music|zingmp3|discogs,MISSING_ORIGINAL,HIGH
song_d50f3281eba597f8,Dean Lewis - Waves (Official Video),Dean Lewis,Âu Mỹ,zingmp3_title_artist_search,https://zingmp3.vn/bai-hat/Waves-Dean-Lewis/oGHzMeqDmuOH.html,Waves,Dean Lewis,1.0,medium,"[{""id"":""q3564DMx4CZN"",""name"":""Âu Mỹ"",""title"":""Âu Mỹ"",""alias"":""au-my"",""link"":""/the-loai-album/Au-My/q3564DMx4CZN.html""}]; title_score=1.000; artist_score=1.000",found_needs_review,,,https://www.youtube.com/watch?v=dKlgCk3IGBg,songwriter|electronic|dance|trance|house|techno,apple_music|zingmp3,MISSING_ORIGINAL,HIGH
song_8f0d8660c5efdf00,Deeplace - In Vain (feat. CLOSR),We Are Diamond,,,,,,,,,not_found,,,https://www.youtube.com/watch?v=Evb5LlZ72hQ,house,web_search,MISSING_ORIGINAL,LOW
song_a322c2298be58f1a,"Deeplace, Nimus - Heartbeats",We Are Diamond,,,,,,,,,not_found,,,https://www.youtube.com/watch?v=_JvOL9KdT-A,dance,apple_music,MISSING_ORIGINAL,HIGH
song_388c73e88361373c,Dermot Kennedy - Outnumbered (Official Music Video),Dermot Kennedy,Âu Mỹ,zingmp3_title_artist_search,https://zingmp3.vn/bai-hat/Outnumbered-Dermot-Kennedy/m4hTR7PzRKzi.html,Outnumbered,Dermot Kennedy,1.0,medium,"[{""id"":""q3564DMx4CZN"",""name"":""Âu Mỹ"",""title"":""Âu Mỹ"",""alias"":""au-my"",""link"":""/the-loai-album/Au-My/q3564DMx4CZN.html""}]; title_score=1.000; artist_score=1.000",found_needs_review,,,https://www.youtube.com/watch?v=A48hOToMuRE,pop,apple_music|zingmp3,MISSING_ORIGINAL,HIGH
song_2a89cf41588acae1,dhruv - double take (lyrics),SuperbLyrics,,,,,,,,,not_found,,,https://www.youtube.com/watch?v=Cw5dQ4jxlgE,dance,web_search,MISSING_ORIGINAL,LOW
song_28973b42fc78f65a,Di Lạc Chơn Kinh,Đồng Nhi Cao Đài,,,,,,,,,not_found,,,,pop,apple_music,MISSING_ORIGINAL,HIGH
song_d7d366e61fbf99f5,Dierks Bentley - Drunk On A Plane (Official Music Video),Dierks Bentley,,,,,,,,,not_found,,,https://www.youtube.com/watch?v=QrM39m22jH4,country,apple_music|zingmp3,MISSING_ORIGINAL,HIGH
song_84ace064902110ae,Dimatis - Emotional Tourism,HearWeGo,,,,,,,,,not_found,,,https://www.youtube.com/watch?v=U3hTX-e7WMg,electronic|dance,zingmp3,MISSING_ORIGINAL,HIGH
song_33d1735c1c6fcad1,DNA - NICKY | Official Music Video,ST.319 Entertainment,,,,,,,,,not_found,,,https://www.youtube.com/watch?v=FEZDwrBZnaA,v-pop,zingmp3,MISSING_ORIGINAL,HIGH
song_aab61884bb6e7cb7,Donald Gold -  Bốc Bát Họ Remix DJ Tuấn Su,Donald Gold,,,,,,,,,not_found,,,https://www.youtube.com/watch?v=z5nKPz4KZj0,v-pop,zingmp3,MISSING_ORIGINAL,HIGH
song_edaef65bab1a1dee,Donald Gold - Lái Máy Bay  | Official Lyrics Video,Donald Gold,,,,,,,,,not_found,,,https://www.youtube.com/watch?v=FmYDVcxLApo,pop,apple_music|zingmp3,MISSING_ORIGINAL,HIGH
song_aa72611d74a2f229,Donald Gold - OBGTLH x Lil Shady | Official MV,Donald Gold,,,,,,,,,not_found,,,https://www.youtube.com/watch?v=siEhdhxiqHg,v-pop,zingmp3,MISSING_ORIGINAL,HIGH
song_003f8a885b669f46,Donald Gold - Trăng Hoa Mây Mưa,Donald Gold,,,,,,,,,not_found,,,https://www.youtube.com/watch?v=SPTUEeGW50E,hip hop|rap|v-pop,apple_music|zingmp3,MISSING_ORIGINAL,HIGH
song_23fddaaa7e3bf393,DONALD GOLD - ĐỔI TƯ THẾ x ANDREE RIGHT HAND | OFFICIAL MUSIC VIDEO,Donald Gold,,,,,,,,,not_found,,,https://www.youtube.com/watch?v=wkMwq6NUUmM,soul|v-pop,apple_music|zingmp3,MISSING_ORIGINAL,HIGH
song_917b3fd63052911e,Double2T - Bad Day (Prod. MinBoo) | 10 Năm Trước Album | OFFICIAL VISUALIZER VIDEO,Double2T Official,Khác,zingmp3_title_artist_search,https://zingmp3.vn/bai-hat/Bad-Day-Sempol-Goreng-Official/HhNQZzV5br4q.html,Bad Day,Sempol Goreng Official,0.904,medium,"[{""id"":""A6UHaAP1adyN"",""name"":""Khác"",""title"":""Khác"",""alias"":""khac"",""link"":""/the-loai-album/Khac/A6UHaAP1adyN.html""}]; title_score=1.000; artist_score=0.615",found_needs_review,,,https://www.youtube.com/watch?v=jMhehPP2KjY,house,nhaccuatui,MISSING_ORIGINAL,LOW
song_8d9d89f85c5c72b7,Double2T - Tan Vỡ (Prod. MinBoo) | 10 Năm Trước Album | OFFICIAL MUSIC VIDEO,Double2T Official,,,,,,,,,not_found,,,https://www.youtube.com/watch?v=hYsOBCHUpUk,house,shazam,MISSING_ORIGINAL,LOW
song_f2e334ac226d48e9,Double2T - À Lôi (Prod. HaiMa x MinBoo) | Official Music Video @Double2TOfficial,Gia Đình Lớn,,,,,,,,,not_found,,,https://www.youtube.com/watch?v=86tDEt7IH40,pop|v-pop,apple_music|zingmp3,MISSING_ORIGINAL,HIGH
song_47ae4bcd590481c2,Down from This High,AINT - Topic,,,,,,,,,not_found,,,https://www.youtube.com/watch?v=8wd2No_mV7I,dance|rock|punk|emo|pop rock,apple_music|discogs,MISSING_ORIGINAL,HIGH
song_0746c4a96411415d,"🌠 Downtempo (Free Music) - ""FALLING STARS"" by @Nomyn 🇫🇷",BreakingCopyright — Royalty Free Music,,,,,,,,,not_found,,,https://www.youtube.com/watch?v=sbIiBUdCBa8,house,youtube,MISSING_ORIGINAL,LOW
song_37186f5db2b1f8cf,"Downtown Baby - BLOO, Rtee, Lyly (Official Lyrics Video)",Warner Music Vietnam,,,,,,,,,not_found,,,https://www.youtube.com/watch?v=9BrtQnzFlMw,hip hop|rap,apple_music,MISSING_ORIGINAL,HIGH
song_e14a3e502ce89cc7,"DOÃN HIẾU | ANH SẼ CHẲNG BUỒN ĐÂU (OFFICIAL MV) - Track 1 of Album ""TÌM LẠI SỨC SỐNG""",Doãn Hiếu,,,,,,,,,not_found,,,https://www.youtube.com/watch?v=6bVdx8o9d8A,country,youtube,MISSING_ORIGINAL,LOW
song_2d3bb169d2571263,Doãn Hiếu - 'Tình Sầu Thiên Thu Muôn Lối'  (M/V) (Prod.LongDrae),Doãn Hiếu,,,,,,,,,not_found,,,https://www.youtube.com/watch?v=Lm3UG2GXLHk,v-pop,zingmp3,MISSING_ORIGINAL,HIGH
song_f24adde5f70c759b,DRAM - Broccoli feat. Lil Yachty (Official Music Video),DRAM,,,,,,,,,not_found,,,https://www.youtube.com/watch?v=K44j-sb1SRY,hip hop|rap|metal,apple_music|nhaccuatui|nhac_vn|shazam|allmusic|qobuz|youtube,MISSING_ORIGINAL,HIGH
song_7737cb6c69b9649d,Dua Lipa - Dance The Night (From Barbie The Album) [Official Music Video],Dua Lipa,,,,,,,,,not_found,,,https://www.youtube.com/watch?v=OiC1rgCPmUQ,pop,apple_music|zingmp3,MISSING_ORIGINAL,HIGH
song_503ef35f4e57aac2,Dua Lipa - Illusion (Official Music Video),Dua Lipa,,,,,,,,,not_found,,,https://www.youtube.com/watch?v=a9cyG_yfh1k,pop,apple_music|zingmp3,MISSING_ORIGINAL,HIGH
song_fcf678e0b8ed46da,Dua Lipa - Training Season (Official Music Video),Dua Lipa,,,,,,,,,not_found,,,https://www.youtube.com/watch?v=ZjBZ8MUnB0E,pop,apple_music|zingmp3,MISSING_ORIGINAL,HIGH
song_1f064abfd89db4f3,Duncan Laurence - Arcade (Lyrics) ft. FLETCHER,7clouds,,,,,,,,,not_found,,,https://www.youtube.com/watch?v=PNozaFzqOvI,pop,apple_music,MISSING_ORIGINAL,HIGH
song_ae1b828df3d4a2b0,"Duyên Do Trời, Phận Tại Ta (feat. Voi Bản Đôn)",The Masked Singer - Topic,,,,,,,,,not_found,,,https://www.youtube.com/watch?v=CoBVp_vekh0,pop|v-pop,apple_music|zingmp3,MISSING_ORIGINAL,HIGH
song_7c87d74e1b621cb4,Duyên Trả Nợ Đời,Bé Hà Vi,,,,,,,,,not_found,ZWADUOD6,https://zingmp3.vn/bai-hat/Duyen-Tra-No-Doi-Be-Ha-Vi/ZWADUOD6.html,,worldwide|alternative,apple_music|qobuz,MISSING_ORIGINAL,HIGH
song_31be6aa9838ca6e6,Duyên Âm,Hoàng Thùy Linh,,,,,,,,,not_found,,,https://www.youtube.com/watch?v=trcl4nhtP7E,pop|electronic|v-pop,apple_music|discogs|musicbrainz,MISSING_ORIGINAL,HIGH
song_23063c07e6a0c2ec,Dylan Scott - My Girl (Official Music Video and #1 Song),Dylan Scott,,,,,,,,,not_found,,,https://www.youtube.com/watch?v=YEKLeWBr9jY,country|rock|non-music|pop|roll|prog rock|punk|vocal|interview|hard rock|classic rock|house,apple_music|discogs|nhac_vn,MISSING_ORIGINAL,HIGH
song_c2de03315800dd9d,Dành Cả Thanh Xuân Cho Một Người - Trương Quỳnh Anh | Official MV,Trương Quỳnh Anh Official,,,,,,,,,not_found,,,https://www.youtube.com/watch?v=egyQz1d42n0,pop|v-pop|k-pop,apple_music|zingmp3|qobuz,MISSING_ORIGINAL,HIGH
song_319256284ecdd7e5,Dành Hết Xuân Thì Để Chờ Nhau,Vũ Official,,,,,,,,,not_found,,,https://www.youtube.com/watch?v=lbq4SCtRCKU,pop|v-pop|country|rock,apple_music|zingmp3|nhaccuatui|qobuz,MISSING_ORIGINAL,HIGH
song_97604e79425a7609,Dáng Em Remix,"Lương Gia Hùng, Cao Đại Hưng",,,,,,,,,not_found,ZW6COI08,https://zingmp3.vn/bai-hat/Dang-Em-Remix-Luong-Gia-Hung-Cao-Dai-Hung/ZW6COI08.html,,pop,apple_music,MISSING_ORIGINAL,HIGH
song_89acc5efec72e4ca,Dáng Đứng Bến Tre,Ngoc Yen,,,,,,,,,not_found,ZWZ979UF,https://zingmp3.vn/bai-hat/Dang-Dung-Ben-Tre-Ngoc-Yen-Model/ZWZ979UF.html,,pop,apple_music|discogs,MISSING_ORIGINAL,HIGH
song_4175590b05ac13d8,Dân Ca 3 Miền,Cam Ly,,,,,,,,,not_found,ZWZCOFI0,https://zingmp3.vn/bai-hat/Dan-Ca-3-Mien-Cam-Ly/ZWZCOFI0.html,,pop|folk|world|country,apple_music|discogs,MISSING_ORIGINAL,HIGH
song_9b6385206efa611e,Dù Anh Có Đứng Lại,JustaTeeMusic,,,,,,,,,not_found,,,https://www.youtube.com/watch?v=nTmlj-MYLPg,v-pop,zingmp3,MISSING_ORIGINAL,HIGH
song_fcd2f5c6a931f6d0,Dù Anh Không Đến,KhÃ¡nh Linh,,,,,,,,,not_found,ZWZ9ZW9F,https://zingmp3.vn/bai-hat/Du-Anh-Khong-Den-Khanh-Linh/ZWZ9ZW9F.html,,hip hop|rap,apple_music,MISSING_ORIGINAL,HIGH
song_e6a354836776f2d5,Dù Biết,Justin Nguyen,,,,,,,,,not_found,ZWZ9CZ00,https://zingmp3.vn/bai-hat/Du-Biet-Justin-Nguyen/ZWZ9CZ00.html,,pop,apple_music,MISSING_ORIGINAL,HIGH
song_adb2c6af45d48fb1,Dĩ Vãng Nhạt Nhòa (Remake),Hà Nhi Official,,,,,,,,,not_found,,,https://www.youtube.com/watch?v=7ym_-52w65M,pop,apple_music,MISSING_ORIGINAL,HIGH
song_285eff268bc752fd,Dại (feat. Tuyên),buitruonglinh,,,,,,,,,not_found,,,https://www.youtube.com/watch?v=SCmFqMZ3XNM,pop|v-pop,apple_music|zingmp3|nhaccuatui,MISSING_ORIGINAL,HIGH
song_a3fa0dd7f6fb5643,Dấu Vết Nghiệt Ngã,Various Artists,,,,,,,,,not_found,ZW6I7ZEF,https://zingmp3.vn/bai-hat/Dau-Vet-Nghiet-Nga-Buc-Tuong/ZW6I7ZEF.html,,rock,apple_music,MISSING_ORIGINAL,HIGH
song_05853fd60deae980,Dấu Yêu Chiều Mưa,Le Uyen Nhi,,,,,,,,,not_found,ZWZC09AA,https://zingmp3.vn/bai-hat/Dau-Yeu-Chieu-Mua-Le-Uyen-Nhi/ZWZC09AA.html,,worldwide|electronic|pop|dance-pop|ballad,apple_music|discogs,MISSING_ORIGINAL,HIGH
song_94380989b24d9ed8,Dấu Yêu Xa Rồi,Ha Vy,,,,,,,,,not_found,ZWZCABIW,https://zingmp3.vn/bai-hat/Dau-Yeu-Xa-Roi-Ha-Vy/ZWZCABIW.html,,pop|folk|world|country|ballad|trữ tình,apple_music|discogs,MISSING_ORIGINAL,HIGH
song_2d25fad462cfcd00,Dế Choắt - Đời lạ lắm à nghen (Official MV),Dế Choắt,,,,,,,,,not_found,,,https://www.youtube.com/watch?v=WD4i1gKZzuk,dance|rap việt,apple_music|zingmp3,MISSING_ORIGINAL,HIGH
song_ef2795236242e689,"👂 Easy listening & Chill (Free Music) - ""COZY PLACE"" by @KeysofMoonMusic 🇺🇸 🇷🇺",BreakingCopyright — Royalty Free Music,,,,,,,,,not_found,,,https://www.youtube.com/watch?v=SO-ibuo_TAI,dance|latin,allmusic,MISSING_ORIGINAL,LOW
song_661d1a1902c20891,Ed Sheeran - Azizam (Official Music Video),Ed Sheeran,,,,,,,,,not_found,,,https://www.youtube.com/watch?v=MI9ZpIKgyf0,pop,apple_music|zingmp3,MISSING_ORIGINAL,HIGH
song_4f22a670bd2739b2,Ed Sheeran - Boat [Official Video],Ed Sheeran,,,,,,,,,not_found,,,https://www.youtube.com/watch?v=mKEphyIbtXo,pop,apple_music|discogs,MISSING_ORIGINAL,HIGH
song_b66cf522a518e31a,Ed Sheeran - Old Phone (Lyric Video),Ed Sheeran,,,,,,,,,not_found,,,https://www.youtube.com/watch?v=KoM13RvBHrk,pop,apple_music|zingmp3,MISSING_ORIGINAL,HIGH
song_1f95952afa70e943,Em Của Quá Khứ (Deep House),NH4T Official,,,,,,,,,not_found,,,https://www.youtube.com/watch?v=NsqD1wkfbu4,house,apple_music,MISSING_ORIGINAL,HIGH
song_0bde765fd8aaeec2,Em Của Quá Khứ | Huy Nam | Official Music Video,Lưu Minh Tuấn,,,,,,,,,not_found,,,https://www.youtube.com/watch?v=us8eh6Wj-NI,v-pop|folk|world|country,zingmp3|discogs,MISSING_ORIGINAL,HIGH
song_ef7d0a87869b1e2d,Em Cứ Hiền Xinh Như Thế,Hong Nhung,,,,,,,,,not_found,ZWZA6B97,https://zingmp3.vn/bai-hat/Em-Cu-Hien-Xinh-Nhu-The-Hong-Nhung/ZWZA6B97.html,,pop,apple_music,MISSING_ORIGINAL,HIGH
song_ef2830b1741ef105,Em Hát Ai Nghe? - Orange「Cukak Remix」/ Audio Lyrics Video,Cukak,,,,,,,,,not_found,,,https://www.youtube.com/watch?v=j1dowXlMULg,pop,apple_music,MISSING_ORIGINAL,HIGH
song_1741770e83918e15,Em iu,Andree Right Hand,,,,,,,,,not_found,,,https://www.youtube.com/watch?v=KVaFisERfro,hip hop|rap|rap việt,apple_music|zingmp3,MISSING_ORIGINAL,HIGH
song_6a109c463413210d,Em Không,Vu Thanh Van,,,,,,,,,not_found,,,https://www.youtube.com/watch?v=ZCqdEs825Y4,pop|v-pop|folk|world|country|trữ tình,apple_music|zingmp3|discogs,MISSING_ORIGINAL,HIGH
song_a2e883d68f4f047f,Em Không Khóc (feat. Vũ Phụng Tiên),buitruonglinh,,,,,,,,,not_found,,,https://www.youtube.com/watch?v=o-RgD-DRh3M,pop|rap việt,apple_music|zingmp3,MISSING_ORIGINAL,HIGH
song_274a831e699dc621,Em Luôn Ở Trong Tâm Trí Anh | The Men | Official MV,POPS MUSIC,,,,,,,,,not_found,,,https://www.youtube.com/watch?v=fO-ZP0ie1c8,v-pop|rock|pop|pop rock,zingmp3|discogs,MISSING_ORIGINAL,HIGH
song_687f064b0fe26442,EM LÀ CỦA ANH S.T 365 | OFFICIAL MV | 365Daband | ST : RHYMASTIC,Studio68,,,,,,,,,not_found,,,https://www.youtube.com/watch?v=fgPrp1KElQk,pop,apple_music,MISSING_ORIGINAL,HIGH
song_99a31992794ca755,Em là mưa. - Vũ. (in EP: Hỏi & Đáp),Vũ Official,,,,,,,,,not_found,,,https://www.youtube.com/watch?v=IKx5CvIayV0,hip hop|rap|v-pop,apple_music|zingmp3,MISSING_ORIGINAL,HIGH
song_97ff8a599a926da8,Em Là Nhất,kis.,,,,,,,,,not_found,,,https://www.youtube.com/watch?v=8wGV5iKCprk,pop|dance việt,apple_music|zingmp3,MISSING_ORIGINAL,HIGH
song_02a6b681063148f4,EM LÀ NHẤT MIỀN TÂY | VÕ LÊ MI & JIN TUẤN NAM  | OFFICIAL MUSIC VIDEO,AC MEDIA MUSIC,,,,,,,,,not_found,,,https://www.youtube.com/watch?v=YhDRtKTAQ-M,v-pop,zingmp3,MISSING_ORIGINAL,HIGH
song_e8bbc4976f971bbb,Em Lại Nhớ Anh Rồi (Remix Deep House),H2O Remix - Topic,,,,,,,,,not_found,,,https://www.youtube.com/watch?v=-OXUA_ZsT_o,dance,apple_music,MISSING_ORIGINAL,HIGH
song_d81c172782276276,Em Nhớ Anh - Miu Lê ft Huỳnh Anh | Official Music Video,AVATAR Entertainment,,,,,,,,,not_found,,,https://www.youtube.com/watch?v=S0c14NdWkHA,pop,apple_music,MISSING_ORIGINAL,HIGH
song_c612fc5b02b25af6,Em Quá Vô Tâm Beat,Bảo Khanh,,,,,,,,,not_found,Z7WCD0Z8,https://zingmp3.vn/bai-hat/Em-Qua-Vo-Tam-Beat-Bao-Khanh/Z7WCD0Z8.html,,pop,apple_music,MISSING_ORIGINAL,HIGH
song_f70269d70c840f47,Em Sẽ Quên Người Ơi,Cam Ly,,,,,,,,,not_found,ZWZCW6ED,https://zingmp3.vn/bai-hat/Em-Se-Quen-Nguoi-Oi-Cam-Ly/ZWZCW6ED.html,,worldwide|pop|folk|world|country|v-pop,apple_music|discogs,MISSING_ORIGINAL,HIGH
song_973e164bbad7e4a2,Em Vẫn Yêu Đời - Hoàng Yến Chibi | Official Music Video,Hoàng Yến Chibi Official,,,,,,,,,not_found,,,https://www.youtube.com/watch?v=brSkdsrqPAg,pop|v-pop,apple_music|zingmp3,MISSING_ORIGINAL,HIGH
song_f553853ecbc8f8ee,EM ĐI TRÊN CỎ NON   DƯƠNG HỒNG LOAN   YouTube,Phuc Huynh,,,,,,,,,not_found,,,https://www.youtube.com/watch?v=0bJotlEcZ5c,pop,apple_music,MISSING_ORIGINAL,HIGH
song_bfa20dc7964c7b73,Em Đi Tìm Anh - Hồ Ngọc Hà ft. Noo Phước Thịnh (OFFICIAL),Zing MP3,,,,,,,,,not_found,,,https://www.youtube.com/watch?v=oLMchzofenQ,pop,apple_music,MISSING_ORIGINAL,HIGH
song_92e09a8888b0dd55,Em Đã Biết,SUNI,,,,,,,,,not_found,,,https://www.youtube.com/watch?v=w9WQu8QtZEo,k-pop|v-pop,apple_music|zingmp3,MISSING_ORIGINAL,HIGH
song_914f7d64563e32c5,EM ĐÃ BIẾT - SUNI HẠ LINH (Acoustic Ver.) | Official M/V,DreamS Entertainment,,,,,,,,,not_found,,,https://www.youtube.com/watch?v=q6SEf-FnoXQ,electronic|dub|techno|downtempo|ambient,discogs,MISSING_ORIGINAL,HIGH
song_122d1d3a0e60a1f5,'EM ĐÃ CỐ' - BẢO THY | OFFICIAL MUSIC VIDEO,Bảo Thy Official,,,,,,,,,not_found,,,https://www.youtube.com/watch?v=iK-NzGmsJW8,pop|v-pop|folk|world|country|vocal|ballad|trữ tình,apple_music|zingmp3|discogs,MISSING_ORIGINAL,HIGH
song_972a5e4a8da92155,Em Đã Sai Vì Em Tin,Bich Phuong,,,,,,,,,not_found,ZW6ZUDA8,https://zingmp3.vn/bai-hat/Em-Da-Sai-Vi-Em-Tin-Bich-Phuong/ZW6ZUDA8.html,,pop|v-pop,apple_music|musicbrainz,MISSING_ORIGINAL,HIGH
song_51a0a8722e495702,Em Đã Từng Yêu - Bảo Anh [Official],POPS MUSIC,,,,,,,,,not_found,,,https://www.youtube.com/watch?v=qadaMcIBav4,pop,apple_music,MISSING_ORIGINAL,HIGH
song_e87fc86c063b589e,Em Đừng Khóc - Chillies (Official Music Video),Chillies,,,,,,,,,not_found,,,https://www.youtube.com/watch?v=zZWICdCVKXo,v-pop,zingmp3,MISSING_ORIGINAL,HIGH
song_3ee10eae3afd3363,Em Ơi Anh Phải Làm Sao - Dương Minh Tuấn (Soái Nhi - Cover Guitar Full),Dương Minh Tuấn,,,,,,,,,not_found,,,https://www.youtube.com/watch?v=nVjkV75VBEI,v-pop,zingmp3,MISSING_ORIGINAL,HIGH
song_14cba88d66485852,EMILY ft LK - Nơi Cuối Cùng [ OFFICIAL MV ],Stella Shine,,,,,,,,,not_found,,,https://www.youtube.com/watch?v=001Ps9wpOhE,soul,apple_music,MISSING_ORIGINAL,HIGH
song_38f7b6303c00d180,"EmmE (Em,Tôi) - ĐạtG x DuUyen || OFFICIAL MV",DatG Music,,,,,,,,,not_found,,,https://www.youtube.com/watch?v=A_GjXILBkp0,ballad,nhaccuatui|nhac_vn|shazam|allmusic|qobuz|youtube,MISSING_ORIGINAL,HIGH
song_76cd224f7462f735,"Epic Electronic & Cinematic (Music For Videos) - ""Reloaded"" by Savfk",BreakingCopyright — Royalty Free Music,,,,,,,,,not_found,,,https://www.youtube.com/watch?v=DQ8ZwW3Hk9k,alternative,nhaccuatui,MISSING_ORIGINAL,LOW
song_9e978460601ce7a2,"⚔️ Epic (Free Music) - ""RITES OF PASSAGE"" by Scott Buckley 🇦🇺🇸🇪",BreakingCopyright — Royalty Free Music,,,,,,,,,not_found,,,https://www.youtube.com/watch?v=aDZE8kLSFF4,country,nhac_vn,MISSING_ORIGINAL,LOW
song_9212b2d578c044b1,Eric Church - Smoke A Little Smoke (Official Music Video),Eric Church,,,,,,,,,not_found,,,https://www.youtube.com/watch?v=XxWjtWONuGc,country|rap,apple_music|zingmp3|nhaccuatui|nhac_vn|allmusic|shazam|qobuz|youtube,MISSING_ORIGINAL,HIGH
song_7e33940600112d94,"ERIK - ""Anh Luôn Là Lý Do"" (Official MV)",ERIK Official,,,,,,,,,not_found,,,https://www.youtube.com/watch?v=1PQU1n6nMq8,soul,apple_music,MISSING_ORIGINAL,HIGH
song_0aedea7e3a568c98,ERIK - ANH TA LÀ SAO? [MV Final Version],ERIK Official,,,,,,,,,not_found,,,https://www.youtube.com/watch?v=FxwLQLa8KNo,house,nhaccuatui,MISSING_ORIGINAL,LOW
song_56ac26315e29f8c4,ERIK - ‘Có Tất Cả Nhưng Thiếu Anh’ (Official MV),ERIK Official,,,,,,,,,not_found,,,https://www.youtube.com/watch?v=LSjFMH1tsFc,pop,apple_music,MISSING_ORIGINAL,HIGH
song_611cf545656128f8,"ERIK - 'Em Không Sai, Chúng Ta Sai' (Official MV)",ERIK Official,,,,,,,,,not_found,,,https://www.youtube.com/watch?v=iwGuiSnr2Qc,pop,apple_music,MISSING_ORIGINAL,HIGH
song_9b15a4716cc1ff3d,ERIK - LẠC NHAU CÓ PHẢI MUÔN ĐỜI | Official Music Video,ST.319 Entertainment,,,,,,,,,not_found,,,https://www.youtube.com/watch?v=Mb4xUU0utEI,pop|nhạc phim|v-pop|ballad,apple_music|zingmp3|discogs,MISSING_ORIGINAL,HIGH
song_2ecdcafa36e91225,ERIK - SAU TẤT CẢ | Official Music Video,ST.319 Entertainment,,,,,,,,,not_found,,,https://www.youtube.com/watch?v=wHF3Jv6Gk2o,pop|v-pop,apple_music|zingmp3,MISSING_ORIGINAL,HIGH
song_28099b5a222ba28a,ERIK - TỪ BỎ (Cover),ERIK Official,,,,,,,,,not_found,,,https://www.youtube.com/watch?v=63tNyg-zO9E,pop|pop rap|parody|alternative,apple_music|discogs|qobuz,MISSING_ORIGINAL,HIGH
song_c7d6630ba8cd79c2,ERIK x FREAKY x BENNY - 'Yêu Bền Bỉ' | Official MV,ERIK Official,,,,,,,,,not_found,,,https://www.youtube.com/watch?v=6zw3yCCrFyM,pop|v-pop,apple_music|zingmp3,MISSING_ORIGINAL,HIGH
song_d0b0638cad0e484b,ERIK x KHẮC HƯNG - 'Bao Giờ Đủ Lớn' (Official MV),ERIK Official,,,,,,,,,not_found,,,https://www.youtube.com/watch?v=LICfNY_DPds,pop|country,apple_music|nhaccuatui,MISSING_ORIGINAL,HIGH
song_d04197764a07a3a9,ERIK - Đau Nhất Là Lặng Im (Official Music Video),ERIK Official,,,,,,,,,not_found,,,https://www.youtube.com/watch?v=D80QnP0iRBo,pop|country,apple_music|allmusic,MISSING_ORIGINAL,HIGH
song_323338a3faf444d3,Ethnic Electronic by Alexi Action (No Copyright Music)/Asia,Alexi Action,,,,,,,,,not_found,,,https://www.youtube.com/watch?v=xiKF1U9gkn0,experimental|country,nhaccuatui|nhac_vn|shazam|allmusic|qobuz|youtube,MISSING_ORIGINAL,HIGH
song_21df301ddc9e9750,Etsu - Selcouth,HearWeGo,,,,,,,,,not_found,,,https://www.youtube.com/watch?v=J5viFREPKJ4,pop,web_search,MISSING_ORIGINAL,LOW
song_def230ef2d6c6f85,Ex's Hate Me,B Ray - Topic,,,,,,,,,not_found,,,https://www.youtube.com/watch?v=erzJHvdXLks,pop|edm việt|rock|funk|soul|minneapolis sound|pop rock,apple_music|zingmp3|discogs,MISSING_ORIGINAL,HIGH
song_497dbaa63ef137e1,Ex's Hate Me - B Ray x Masew (Ft AMEE) | Official MV,EvB Records,,,,,,,,,not_found,,,https://www.youtube.com/watch?v=95ahbau-rJk,pop,apple_music,MISSING_ORIGINAL,HIGH
song_e8a2ca852f9d0ffb,"ex's hate me, Pt. 2 (feat. B Ray)",AMEE,,,,,,,,,not_found,,,https://www.youtube.com/watch?v=jqX9oCNNhCk,pop|edm việt|v-pop,apple_music|zingmp3|musicbrainz,MISSING_ORIGINAL,HIGH
song_c4a34e06a18e2f91,F.P.J. - Juke Joint (Official Music Video),FPJ,,,,,,,,,not_found,,,https://www.youtube.com/watch?v=jgHbxXFvPfA,blues,apple_music,MISSING_ORIGINAL,HIGH
song_4e4a435abf605ac1,Fahion by Alexi Action [No Copyright Music] /Fashion Asia,Alexi Action,,,,,,,,,not_found,,,https://www.youtube.com/watch?v=16bKysA3YHA,electronic|classical|metal,apple_music|nhac_vn,MISSING_ORIGINAL,HIGH
song_6287aad21648b209,Faouzia & John Legend - Minefields (Lyrics),7clouds,,,,,,,,,not_found,,,https://www.youtube.com/watch?v=Fuh4Rh5STMI,pop,apple_music,MISSING_ORIGINAL,HIGH
song_68a8a2e0f6cd0c6d,Ferven - Falling,HearWeGo,,,,,,,,,not_found,,,https://www.youtube.com/watch?v=7NH1VriulZA,house,web_search,MISSING_ORIGINAL,LOW
song_05db3f30db9f2233,Finding Hope - 3:00 AM (Lyric Video),Aminium Music,Khác,zingmp3_title_artist_search,https://zingmp3.vn/bai-hat/3-00-AM-Semii-SCORE-MUSIC/Tqp5djGujKlc.html,3:00 AM,"Semii, SCORE MUSIC",0.9,medium,"[{""id"":""A6UHaAP1adyN"",""name"":""Khác"",""title"":""Khác"",""alias"":""khac"",""link"":""/the-loai-album/Khac/A6UHaAP1adyN.html""}]; title_score=1.000; artist_score=0.600",found_needs_review,,,https://www.youtube.com/watch?v=tPMFAbhlDbU,metal,web_search,MISSING_ORIGINAL,LOW
song_b4593108f59b940a,FINNEAS - For Cryin’ Out Loud! (Official Music Video),FINNEAS,,,,,,,,,not_found,,,https://www.youtube.com/watch?v=LOcjP3bvy4A,alternative,apple_music,MISSING_ORIGINAL,HIGH
song_dba486f73ea1dbfa,Flame Shapes & Mapps - Anticipation,HearWeGo,,,,,,,,,not_found,,,https://www.youtube.com/watch?v=EhzFdrO1bHs,metal|house|country,shazam|nhac_vn|qobuz,MISSING_ORIGINAL,HIGH
song_f6298dcd22de1868,Florida Georgia Line - This Is How We Roll ft. Luke Bryan,Florida Georgia Line,,,,,,,,,not_found,,,https://www.youtube.com/watch?v=CbxuXq_981s,country|rock|folk|world|country rock,apple_music|discogs,MISSING_ORIGINAL,HIGH
song_e5997cacf6a64534,Foo Fighters - The Pretender,Foo Fighters,,,,,,,,,not_found,,,https://www.youtube.com/watch?v=SBjQ9tuuTJQ,rock|alternative|hip hop,apple_music|zingmp3|nhaccuatui|nhac_vn|shazam|allmusic|qobuz|youtube,MISSING_ORIGINAL,HIGH
song_c09ec7ba00fd71dc,Foreigner - I Want To Know What Love Is (Official Music Video),RHINO,,,,,,,,,not_found,,,https://www.youtube.com/watch?v=r3Pr1_v7hsw,rock|country,apple_music|nhaccuatui|nhac_vn|shazam|allmusic|qobuz|youtube,MISSING_ORIGINAL,HIGH
song_148e5abae345b031,Fotiz Liberis - Northern Lights,HearWeGo,,,,,,,,,not_found,,,https://www.youtube.com/watch?v=1nHCvMGqqbk,rock|punk,allmusic,MISSING_ORIGINAL,LOW
song_e49869727da3f549,"FREAKY - MẸ ANH THƯỜNG NHẮC VỀ EM (ft. O.LEW, @cm1x ) | OFFICIAL MV",FREAKY OFFICIAL,,,,,,,,,not_found,,,https://www.youtube.com/watch?v=uB_GjzFU-_w,hip hop|rap|rap việt,apple_music|zingmp3,MISSING_ORIGINAL,HIGH
song_fb32a664cfc3f02c,"🌋 Free Atmospheric Instrumental Music (For YouTube) - ""Exhale"" by @Nomyn 🇫🇷",BreakingCopyright — Royalty Free Music,,,,,,,,,not_found,,,https://www.youtube.com/watch?v=_yLtNYiIlns,k-pop|pop,web_search,MISSING_ORIGINAL,LOW
song_681aa75f1110dcfe,"☂️ Free Chill Background Music (For YouTube) - ""Longing"" by Danlsan 🇺🇸",BreakingCopyright — Royalty Free Music,,,,,,,,,not_found,,,https://www.youtube.com/watch?v=C_AWa-RbdeU,rock,shazam|nhac_vn,MISSING_ORIGINAL,HIGH
song_80511d918bbf0241,"🌻 Free Positive Instrumental Music (For YouTube) - ""Focus"" by Allerlei von Nicolai 🇩🇪",BreakingCopyright — Royalty Free Music,,,,,,,,,not_found,,,https://www.youtube.com/watch?v=0bXLFpxHWCQ,electronic,allmusic,MISSING_ORIGINAL,LOW
song_d9d138e616a05dd8,"💌 Free Romantic Piano Music - ""Blooming Melody"" by Keys Of Moon 🇺🇸 🇷🇺",BreakingCopyright — Royalty Free Music,,,,,,,,,not_found,,,https://www.youtube.com/watch?v=3S8CXHs2yyo,house,shazam,MISSING_ORIGINAL,LOW
song_e6c36fbbfd32443f,"🎎 Free Soft Japanese Music - ""Yugen"" by Keys Of Moon 🇺🇸",BreakingCopyright — Royalty Free Music,,,,,,,,,not_found,,,https://www.youtube.com/watch?v=MM2-z8inpY8,alternative,web_search,MISSING_ORIGINAL,LOW
song_a78dc5fbbed9b21e,"🍃 Free Uplifting Music (For Videos) - ""Clarion"" by @ScottBuckley 🇦🇺",BreakingCopyright — Royalty Free Music,,,,,,,,,not_found,,,https://www.youtube.com/watch?v=hgn7kasl8Y0,house,qobuz,MISSING_ORIGINAL,LOW
song_fc7648278d3de07b,Full MV Bật Khóc - B.Sily ft JustaTee,NC Production,,,,,,,,,not_found,,,https://www.youtube.com/watch?v=4KCeZSg6MTg,pop,apple_music,MISSING_ORIGINAL,HIGH
song_b163913bad571562,FYDE - Afterglow,We Are Diamond,,,,,,,,,not_found,,,https://www.youtube.com/watch?v=I6Q073N81ns,indie,nhaccuatui,MISSING_ORIGINAL,LOW
song_b6d1e98cb498e5f5,GDUCKY - INDOCTRINATED (OFFICIAL MUSIC VIDEO) ft. Antransax,GDucky Official,,,,,,,,,not_found,,,https://www.youtube.com/watch?v=TChD9YJqCRo,country,youtube,MISSING_ORIGINAL,LOW
song_2e4332cb7402808f,George Strait - Check Yes Or No (Official Music Video),George Strait,,,,,,,,,not_found,,,https://www.youtube.com/watch?v=NHxS8wlDngI,country|latin,apple_music|nhac_vn,MISSING_ORIGINAL,HIGH
song_dd97bace7a9c75d2,Ghen Cô Vy| NIOEH x K.HƯNG x MIN x ERIK | WASHING HAND SONG | CORONA SONG,MIN OFFICIAL,,,,,,,,,not_found,,,https://www.youtube.com/watch?v=BtulL3oArQw,rock|hardcore|punk,discogs,MISSING_ORIGINAL,HIGH
song_c884bb379fe3fa34,GHÉ QUA  | OFFICIAL MV | Dick x PC x Tofu,BẠN CÓ TÀI MÀ,,,,,,,,,not_found,,,https://www.youtube.com/watch?v=zEWSSod0zTY,hip hop|rap|rap việt|country,apple_music|zingmp3|qobuz,MISSING_ORIGINAL,HIGH
song_38798b0c87d6d45f,Giá Như Có Người Lắng Nghe (Beat),"Phan Ngọc Luân, Hoàng Luân",,,,,,,,,not_found,Z6E7AFA0,https://zingmp3.vn/bai-hat/Gia-Nhu-Co-Nguoi-Lang-Nghe-Beat-Phan-Ngoc-Luan-Hoang-Luan/Z6E7AFA0.html,,pop,apple_music,MISSING_ORIGINAL,HIGH
song_23a2acdc7371723b,Giá Phải Trả | Nhật Kim Anh | Official MV,POPS MUSIC,,,,,,,,,not_found,,,https://www.youtube.com/watch?v=4zq3XoN7bV4,pop|nhạc dân ca - quê hương,apple_music|zingmp3,MISSING_ORIGINAL,HIGH
song_e3bee50393973a2f,Giả Vờ Nhưng Em Yêu Anh | Miu Lê | Official MV,POPS MUSIC,,,,,,,,,not_found,,,https://www.youtube.com/watch?v=2qQ3lD12z5U,rap|v-pop,apple_music|zingmp3,MISSING_ORIGINAL,HIGH
song_49173e3a42c286c0,Giấc Mộng Thời Trai,Lam Truong,,,,,,,,,not_found,ZW6I0F98,https://zingmp3.vn/bai-hat/Giac-Mong-Thoi-Trai-Lam-Truong/ZW6I0F98.html,,pop|electronic,apple_music|qobuz,MISSING_ORIGINAL,HIGH
song_a66d3c46000e61ca,Giọt Sương,Hong Nhung,,,,,,,,,not_found,ZWZA6BB7,https://zingmp3.vn/bai-hat/Giot-Suong-Hong-Nhung/ZWZA6BB7.html,,pop|ballad|vocal|new age|diva|vocal pop|world,apple_music|discogs|musicbrainz,MISSING_ORIGINAL,HIGH
song_aa4a0d33aacebd66,Giữ Từng Ước Mơ,Chi Thien,,,,,,,,,not_found,ZWZA7DB8,https://zingmp3.vn/bai-hat/Giu-Tung-Uoc-Mo-Chi-Thien/ZWZA7DB8.html,,pop|folk|world|country|stage|screen|trữ tình|interview,apple_music|discogs,MISSING_ORIGINAL,HIGH
song_a58126ff8e604635,Giữ Đúng Lời Hứa,Nhật Kim Anh,,,,,,,,,not_found,ZW67FA67,https://zingmp3.vn/bai-hat/Giu-Dung-Loi-Hua-Nhat-Kim-Anh/ZW67FA67.html,,pop,apple_music,MISSING_ORIGINAL,HIGH
song_c3e58016cd5bfa56,"Glitter Dream, Diana V, Alex Parker - Alibi (Lyric Video)",Alex Parker,,,,,,,,,not_found,,,https://www.youtube.com/watch?v=8eQtwCEEYwM,electronic|experimental,apple_music|allmusic,MISSING_ORIGINAL,HIGH
song_0c27ae8f99d33c87,'Golden' by Mona Wonderlick 🇦🇺 | Vlog Groove Music (No Copyright) 👑,BreakingCopyright — Royalty Free Music,,,,,,,,,not_found,,,https://www.youtube.com/watch?v=D_j6EN3FVGo,k-pop|pop,nhaccuatui|shazam|nhac_vn|allmusic|qobuz|youtube,MISSING_ORIGINAL,HIGH
song_e60b7732fead5fc2,"Gracie Abrams - I Love You, I’m Sorry (Official Music Video)",Gracie Abrams,,,,,,,,,not_found,,,https://www.youtube.com/watch?v=uxjhN_Donfw,pop,apple_music|zingmp3,MISSING_ORIGINAL,HIGH
song_1029fe8d7658ab95,Green Day - 21 Guns [Official Music Video],Green Day,,,,,,,,,not_found,,,https://www.youtube.com/watch?v=r00ikilDxW4,alternative|pop|rock|alternative rock|indie rock|punk|country,apple_music|zingmp3|discogs|nhaccuatui|nhac_vn|shazam|allmusic|qobuz|youtube,MISSING_ORIGINAL,HIGH
song_ec7ef1446c55a894,GREY D - ‘nhạt-fine’ | Official Music Video (starring LINH NGỌC ĐÀM),ST.319 Entertainment,,,,,,,,,not_found,,,https://www.youtube.com/watch?v=1kCxdmWjac0,pop|v-pop,apple_music|zingmp3,MISSING_ORIGINAL,HIGH
song_4ed13d18f904fed6,Guns N' Roses - Paradise City (Official Music Video),Guns N' Roses,,,,,,,,,not_found,,,https://www.youtube.com/watch?v=Rbm6GXllBiw,hard rock|rock,apple_music|zingmp3|discogs,MISSING_ORIGINAL,HIGH
song_75b9c1c8ef710811,Guns N' Roses - Welcome To The Jungle,Guns N' Roses,,,,,,,,,not_found,,,https://www.youtube.com/watch?v=o1tj2zJ2Wvg,hard rock|rock|pop,apple_music|zingmp3|discogs|allmusic,MISSING_ORIGINAL,HIGH
song_0ff84fae74a0e227,Gác Lại Âu Lo (feat. Miu Lê),Da LAB Official,,,,,,,,,not_found,,,https://www.youtube.com/watch?v=6Yn4p5Qpt7Q,pop|v-pop|country|pop rap|underground hip hop|hanoi,apple_music|zingmp3|shazam|musicbrainz,MISSING_ORIGINAL,HIGH
song_8de9a4b4d6893f28,Gái Già Muốn Lấy Chồng - Ninh Dương Lan Ngọc | Official Music Video,Ninh Dương Lan Ngọc Official,,,,,,,,,not_found,,,https://www.youtube.com/watch?v=6h5SLzziHOg,pop|v-pop,apple_music|zingmp3,MISSING_ORIGINAL,HIGH
song_1b1c72c8efa70fc8,GÓC NHỎ TRONG TIM | KHỞI MY | OFFICIAL MUSIC VIDEO,POPS MUSIC,,,,,,,,,not_found,,,https://www.youtube.com/watch?v=aWuDIgGzkIQ,pop|v-pop,apple_music|zingmp3,MISSING_ORIGINAL,HIGH
song_a0833de412c3bac5,Gấp Đôi Yêu Thương,Tuấn Hưng,,,,,,,,,not_found,,,https://www.youtube.com/watch?v=bnVTincRV8I,pop|folk|world|country,apple_music|discogs,MISSING_ORIGINAL,HIGH
song_f2aa016c98263b76,Gặp Em Một Ngày Khác,Nguyen Ba Phu Quy,,,,,,,,,not_found,ZW7W9UBA,https://zingmp3.vn/bai-hat/Gap-Em-Mot-Ngay-Khac-Nguyen-Ba-Phu-Quy/ZW7W9UBA.html,,pop,apple_music,MISSING_ORIGINAL,HIGH
song_a8165133e84998fc,Gọi Tên Em (Acoustic Version) (Beat),Min,,,,,,,,,not_found,ZW78B0AB,https://zingmp3.vn/bai-hat/Goi-Ten-Em-Acoustic-Version-Beat-MIN/ZW78B0AB.html,,pop,apple_music,MISSING_ORIGINAL,HIGH
song_44ac6e0c56f844d9,Gợi nhớ quê hương [ nhạc không lời],Lão Nhị,,,,,,,,,not_found,,,https://www.youtube.com/watch?v=XwRusgu81ZU,karaoke|nhạc không lời,apple_music|zingmp3,MISSING_ORIGINAL,HIGH
song_7e230e979d6af714,Hai Ba Năm | Phạm Trưởng | Official Music Video,POPS MUSIC,,,,,,,,,not_found,,,https://www.youtube.com/watch?v=s2SAAZoVRZs,pop|v-pop,apple_music|zingmp3,MISSING_ORIGINAL,HIGH
song_acc48ca5f87c9d97,HAI MƯƠI HAI,AMEE,,,,,,,,,not_found,,,https://www.youtube.com/watch?v=BPjOgyCtwFU,pop|v-pop,apple_music|zingmp3|discogs,MISSING_ORIGINAL,HIGH
song_ab0fa3dcefcd43d7,HAN SARA - I’M YOUR CHRISTMAS PRESENT | Official M/V,Han Sara,,,,,,,,,not_found,,,https://www.youtube.com/watch?v=Rd2vmaHyjxw,v-pop|hip hop,zingmp3|nhaccuatui|nhac_vn|shazam|allmusic|qobuz|youtube,MISSING_ORIGINAL,HIGH
song_7a2f8bb52edc06b9,HAN SARA | MÌNH HẸN HÒ NHAU ĐI | FT H.H.N | OFFICIAL MUSIC VIDEO,Han Sara,,,,,,,,,not_found,,,https://www.youtube.com/watch?v=T-K-i45hzFA,hip hop,nhaccuatui|nhac_vn|shazam|allmusic|qobuz|youtube,MISSING_ORIGINAL,HIGH
song_aef129eb65b6a480,HAN SARA | TỚ THÍCH CẬU FT H.H.N | OFFICIAL MUSIC VIDEO,Han Sara,,,,,,,,,not_found,,,https://www.youtube.com/watch?v=S1Tq2LazfXQ,hip hop,nhaccuatui|nhac_vn|shazam|allmusic|qobuz|youtube,MISSING_ORIGINAL,HIGH
song_a3ca15c1985ecd5c,HAN SARA - ĐÃ XEM ĐẤY LÀ YÊU | Official M/V Story Version,Han Sara,,,,,,,,,not_found,,,https://www.youtube.com/watch?v=PgBWSvG2FNQ,v-pop|hip hop,zingmp3|nhaccuatui|nhac_vn|allmusic|shazam|qobuz|youtube,MISSING_ORIGINAL,HIGH
song_583e0f6edb494c27,HAN SARA -  'ĐẾM CỪU' ft. Kay Trần | Official MV,Han Sara,,,,,,,,,not_found,,,https://www.youtube.com/watch?v=HHkanUBpDBw,pop|v-pop|hip hop,apple_music|zingmp3|nhaccuatui|nhac_vn|shazam|qobuz|allmusic|youtube,MISSING_ORIGINAL,HIGH
song_383c918de23352b9,HAN SARA (한사라) - IT'S ALRIGHT | Official M/V,Han Sara,,,,,,,,,not_found,,,https://www.youtube.com/watch?v=Ea5vT4OAX0g,hip hop,nhaccuatui|nhac_vn|shazam|allmusic|qobuz|youtube,MISSING_ORIGINAL,HIGH
song_d38d2949a759f7e9,HAN SARA (한사라) - 'LET ME GO' ft. RTEE | Official M/V | #stayhome and sing #withme,Han Sara,,,,,,,,,not_found,,,https://www.youtube.com/watch?v=Sk2OOMIl4-k,hip hop,nhaccuatui|nhac_vn|allmusic|shazam|qobuz|youtube,MISSING_ORIGINAL,HIGH
song_9f70796a64b7044c,Hank & Lu - YYY,Hank,,,,,,,,,not_found,,,https://www.youtube.com/watch?v=7gr8EvRfVUY,soul|b việt,apple_music|zingmp3,MISSING_ORIGINAL,HIGH
song_8aed042ee1c523e8,Hanzi - Anh Đi Đâu Đấy (Official Music Video),Hanzi Official,,,,,,,,,not_found,,,https://www.youtube.com/watch?v=EtZAv0E3isU,pop,apple_music,MISSING_ORIGINAL,HIGH
song_f43bf8285d8bbdb6,HARI WON - ANH HIỂU KHÔNG | #AHK | Official MV,YEAH1 MUSIC,,,,,,,,,not_found,,,https://www.youtube.com/watch?v=UGi9lyjFvQA,v-pop|non-music|field recording,zingmp3|discogs,MISSING_ORIGINAL,HIGH
song_290db4a9810c727f,HARI WON - HOANG PHÍ XUÂN THÌ (#HPXT) FT. VƯƠNG ANH TÚ | OFFICIAL MV,Hari Won,,,,,,,,,not_found,,,https://www.youtube.com/watch?v=Qt_6KN3Z78s,v-pop,zingmp3,MISSING_ORIGINAL,HIGH
song_510da15e9a1a237f,Hari Won [ Music Video ] - Anh Cứ Đi Đi,Hari Won,,,,,,,,,not_found,,,https://www.youtube.com/watch?v=Y7nkqZvQcBQ,pop|v-pop,apple_music|zingmp3,MISSING_ORIGINAL,HIGH
song_f05799d773a38546,Hari Won [ Music Video ] - Làm Sao Để Yêu,Hari Won,,,,,,,,,not_found,,,https://www.youtube.com/watch?v=lihMQYOo33o,pop|v-pop|house,apple_music|zingmp3|shazam,MISSING_ORIGINAL,HIGH
song_9ce389b89dae4f8b,HARI WON - NHƯ ANH ĐÃ MONG CHỜ | OFFICIAL MV,Hari Won,,,,,,,,,not_found,,,https://www.youtube.com/watch?v=wFVl7Rg8XHU,pop|v-pop,apple_music|zingmp3,MISSING_ORIGINAL,HIGH
song_99211536a2138ce2,Hari Won & Trấn Thành [ Music Video ] - Từ Giây Phút Đầu,Hari Won,,,,,,,,,not_found,,,https://www.youtube.com/watch?v=7h7XIBT7TRw,worldwide,apple_music,MISSING_ORIGINAL,HIGH
song_74bdfd7c26ca1681,Hariwon - Có Chăng Chỉ Là Giấc Mơ [ Official MV],Hari Won,,,,,,,,,not_found,,,https://www.youtube.com/watch?v=rZoxyiToztg,pop,apple_music,MISSING_ORIGINAL,HIGH
song_1126bbaa1bd67e4b,Harry Styles - Sign of the Times (Audio),Harry Styles,,,,,,,,,not_found,,,https://www.youtube.com/watch?v=z0GKGpObgPY,pop|alternative|electronic|hip hop|rock|latin|funk|soul|pop rap|indie rock|pop rock|ballad|dance-pop|soft rock|schlager,apple_music|zingmp3|discogs,MISSING_ORIGINAL,HIGH
song_83031605152b197e,Haru Haru 2am (Mix),nguyễn đình dũng - Topic,,,,,,,,,not_found,,,https://www.youtube.com/watch?v=3s2vv9-fHjs,experimental|country,youtube,MISSING_ORIGINAL,LOW
song_d20c75fe324ba46d,Hay Là Mình Chia Tay | Bảo Anh | Official Music Video,POPS MUSIC,,,,,,,,,not_found,,,https://www.youtube.com/watch?v=xN-2Ki0Lnrs,pop|v-pop,apple_music|zingmp3,MISSING_ORIGINAL,HIGH
song_c675cf45db9013df,[HD] EM KHÔNG QUAY VỀ - HOÀNG TÔN ft. YANBI (Official),6th Sense Entertainment,,,,,,,,,not_found,,,https://www.youtube.com/watch?v=45LNKFmrViY,pop|classical,apple_music|allmusic,MISSING_ORIGINAL,HIGH
song_8bb4e67406b4737f,[HD] GIẬN LÒNG - ĐÔNG NHI,6th Sense Entertainment,,,,,,,,,not_found,,,https://www.youtube.com/watch?v=pMZf00rCbSs,pop,apple_music,MISSING_ORIGINAL,HIGH
song_5882912493add5b4,Head in The Clouds,GEPPS - Topic,,,,,,,,,not_found,,,https://www.youtube.com/watch?v=cCYt_VssDk0,alternative,apple_music|zingmp3,MISSING_ORIGINAL,HIGH
song_c5387bcfcd77343c,Heart - Alone,Heart,,,,,,,,,not_found,,,https://www.youtube.com/watch?v=1Cw1ng75KP0,rock|pop|hard rock|pop rock,apple_music|zingmp3|discogs|nhaccuatui|nhac_vn|shazam|allmusic|qobuz|youtube,MISSING_ORIGINAL,HIGH
song_320fd1f007749bf0,HER - MỸ MỸ | OFFICIAL DANCE MV,Mỹ Mỹ Official,,,,,,,,,not_found,,,https://www.youtube.com/watch?v=_G3qRNiEEjw,v-pop|electronic|eurodance|euro house|hardstyle,zingmp3|discogs,MISSING_ORIGINAL,HIGH
song_059f87adf2cd0e41,Her Summer,Vũ Official,,,,,,,,,not_found,,,https://www.youtube.com/watch?v=XFLxisOIenY,dance|v-pop|electronic|electro house|trance,apple_music|zingmp3|discogs,MISSING_ORIGINAL,HIGH
song_e24f11e9f0ca88a8,"🦸 Heroic Music (No Copyright) - ""Dark Ages"" by MaxKoMusic 🇺🇸",BreakingCopyright — Royalty Free Music,,,,,,,,,not_found,,,https://www.youtube.com/watch?v=nXnO7SWi6uo,ballad,web_search,MISSING_ORIGINAL,LOW
song_8ebca73382714822,hieuthuhai - ngủ một mình ft. negav (prod. by kewtiie) | official mv,HIEUTHUHAI,,,,,,,,,not_found,,,https://www.youtube.com/watch?v=STjzkjnLlZ4,reggae,apple_music,MISSING_ORIGINAL,HIGH
song_f7d7a13c7b1b7bb9,hieuthuhai - ngủ một mình (tình rất tình) ft. negav (prod. by kewtiie),HIEUTHUHAI,,,,,,,,,not_found,,,https://www.youtube.com/watch?v=1OJQdxT6WHE,reggae,apple_music,MISSING_ORIGINAL,HIGH
song_751ebcc4629aa805,Hinder - Lips Of An Angel (Official Music Video),Hinder,Khác,zingmp3_title_artist_search,https://zingmp3.vn/bai-hat/Hinder-Satin-Warbler/sGBXf7oTxt0K.html,Hinder,Satin Warbler,0.855,low,"[{""id"":""A6UHaAP1adyN"",""name"":""Khác"",""title"":""Khác"",""alias"":""khac"",""link"":""/the-loai-album/Khac/A6UHaAP1adyN.html""}]; title_score=1.000; artist_score=0.421",found_needs_review,,,https://www.youtube.com/watch?v=RiSfTyrvJlg,hard rock|rock,apple_music|nhaccuatui|nhac_vn|shazam|allmusic|qobuz|youtube,MISSING_ORIGINAL,HIGH
song_e8ec48ae7ec355a6,"🛹 Hip Hop & Skate (Free Music) - ""CHOP CHOPS"" by Alex Productions 🇮🇹",BreakingCopyright — Royalty Free Music,,,,,,,,,not_found,,,https://www.youtube.com/watch?v=53r8fZQiY9A,electronic,nhac_vn,MISSING_ORIGINAL,LOW
song_a40d9f1657070ac8,HIẾM CÓ KHÓ TÌM - JSOL ft. HAN SARA | Official MV,DreamS Entertainment,,,,,,,,,not_found,,,https://www.youtube.com/watch?v=PeSC9Qy6abI,pop,apple_music,MISSING_ORIGINAL,HIGH
song_ad39aa9ca0674869,Hoa Cỏ Lau (Lofi),1 9 6 7 - Topic,,,,,,,,,not_found,,,https://www.youtube.com/watch?v=s_Djp8prWCs,electronic|v-pop,apple_music|zingmp3,MISSING_ORIGINAL,HIGH
song_7cb5acfa1c28f6d7,Hoa Cỏ Lau (Remix),1 9 6 7 - Topic,,,,,,,,,not_found,,,https://www.youtube.com/watch?v=dw9XkpCheOk,house|v-pop,apple_music|zingmp3,MISSING_ORIGINAL,HIGH
song_d643c187d663b2ff,Hoa Kỳ - hứa kim tuyền x hoàng dũng (from album 'Colours'),Hứa Kim Tuyền,,,,,,,,,not_found,,,https://www.youtube.com/watch?v=k_GLCQiwHYY,pop|v-pop,apple_music|zingmp3,MISSING_ORIGINAL,HIGH
song_c58c104a4a06e772,Hoa Lục Bình,"Nha Ca,Quoc Dai",,,,,,,,,not_found,ZW6UD0ED,https://zingmp3.vn/bai-hat/Hoa-Luc-Binh-Nha-Ca-Quoc-Dai/ZW6UD0ED.html,,pop,apple_music,MISSING_ORIGINAL,HIGH
song_55d3746bf1c3550e,HOA NỞ BÊN ĐƯỜNG - QUANG ĐĂNG TRẦN | OFFICIAL MUSIC VIDEO,ACV Entertainment,,,,,,,,,not_found,,,https://www.youtube.com/watch?v=LURC_c6m9dY,pop|v-pop,apple_music|zingmp3,MISSING_ORIGINAL,HIGH
song_3308bceecaedd20b,Hoa Nở Không Màu | Hoài Lâm | Acoustic Version,Hoài Lâm,,,,,,,,,not_found,,,https://www.youtube.com/watch?v=y_6aSG2yfe8,v-pop|pop|ballad,zingmp3|discogs,MISSING_ORIGINAL,HIGH
song_4b4885bd1eb8abd3,HOA ĐIÊU THUYỀN,Release - Topic,,,,,,,,,not_found,,,https://www.youtube.com/watch?v=Uws6Hsf_FFg,pop|v-pop,apple_music|zingmp3,MISSING_ORIGINAL,HIGH
song_fa7df169e1adcb12,Hoang Mang,Pha Le,,,,,,,,,not_found,ZWZB7W9I,https://zingmp3.vn/bai-hat/Hoang-Mang-Pha-Le/ZWZB7W9I.html,,hip hop|rap,apple_music,MISSING_ORIGINAL,HIGH
song_dfa0a1fe58d8823c,Honey Honey - Honey Won (Hari Won) [Official MV],Orion Snack,,,,,,,,,not_found,,,https://www.youtube.com/watch?v=PQysAHOo8IU,latin,nhaccuatui|shazam|nhac_vn|allmusic|qobuz|youtube,MISSING_ORIGINAL,HIGH
song_896d259f4cc70fd3,HongKong1 | MV LYRIC | Nguyễn Trọng Tài x San Ji x Double X,PLAN B,,,,,,,,,not_found,,,https://www.youtube.com/watch?v=z96SGB47Po4,country,web_search,MISSING_ORIGINAL,LOW
song_666a2404a7c4e747,HongKong1 | OFFICIAL MV | Nguyễn Trọng Tài x San Ji x Double X,PLAN B,,,,,,,,,not_found,,,https://www.youtube.com/watch?v=t7tZFq29lis,b việt,zingmp3,MISSING_ORIGINAL,HIGH
song_2f7e4a0d4ffe16ce,Hoài Lâm | Như Những Phút Ban Đầu,Hoài Lâm,,,,,,,,,not_found,,,https://www.youtube.com/watch?v=3ZaoAt3BXi8,v-pop,zingmp3,MISSING_ORIGINAL,HIGH
song_5f128e480a34a728,HOÀI LÂM x TAM KE | BUỒN LÀM CHI EM ƠI | St : Nguyễn Minh Cường | OFFICIAL MUSIC VIDEO,Nguyễn Minh Cường,,,,,,,,,not_found,,,https://www.youtube.com/watch?v=Fu3mc9F-lR0,soul,nhac_vn,MISSING_ORIGINAL,LOW
song_553a7421132c50b3,Hoàn Hảo | B RAY | Official Lyrics Video,Great Entertainment,,,,,,,,,not_found,,,https://www.youtube.com/watch?v=VkUx9npkx54,rap việt|rock|post-punk|new wave,zingmp3|discogs,MISSING_ORIGINAL,HIGH
song_c40c1e0eff366ea2,HOÀNG DŨNG - CUỐI TUẦN (1825) | OFFICIAL MUSIC VIDEO,Hoàng Dũng,,,,,,,,,not_found,,,https://www.youtube.com/watch?v=1xkOtMPhOlw,pop|v-pop|funk|soul|alt-pop,apple_music|zingmp3|discogs,MISSING_ORIGINAL,HIGH
song_013a3aef84548b02,Hoàng Thuỳ Linh - Để Mị Nói Cho Mà Nghe (Let Mi tell) | Official Music Video,Hoàng Thùy Linh,,,,,,,,,not_found,,,https://www.youtube.com/watch?v=JAhdeizXpaQ,pop|v-pop,apple_music|zingmp3,MISSING_ORIGINAL,HIGH
song_141678de8e1e282a,Hoàng Thùy Linh - Bánh Trôi Nước (Woman),Hoàng Thùy Linh,,,,,,,,,not_found,,,https://www.youtube.com/watch?v=U3ucpVlaeK8,pop|v-pop,apple_music|zingmp3,MISSING_ORIGINAL,HIGH
song_05ea16406dba54a0,Hoàng Thùy Linh - Duyên Âm (Love of Ghost) | Official Music Video,Hoàng Thùy Linh,,,,,,,,,not_found,,,https://www.youtube.com/watch?v=T1xzr_iEy_I,pop|v-pop,apple_music|zingmp3,MISSING_ORIGINAL,HIGH
song_8a122a3617481019,Hoàng Thùy Linh - Em Đây Chẳng Phải Thúy Kiều (I Am Not Thuy Kieu) | Official Lyrics Video,Hoàng Thùy Linh,,,,,,,,,not_found,,,https://www.youtube.com/watch?v=sZuix0W7xKY,stories|v-pop,apple_music|zingmp3,MISSING_ORIGINAL,HIGH
song_7c563149cf84c7d3,Hoàng Thùy Linh - I'm Gonna Break,Hoàng Thùy Linh,,,,,,,,,not_found,,,https://www.youtube.com/watch?v=7poGT0d8Eeo,pop|v-pop,apple_music|zingmp3,MISSING_ORIGINAL,HIGH
song_12d284cefc0d0db4,Hoàng Thùy Linh - Kẻ Cắp Gặp Bà Già (Diamond Cut Diamond)| Official Music Video,Hoàng Thùy Linh,,,,,,,,,not_found,,,https://www.youtube.com/watch?v=bA1MhSK8wBE,pop|v-pop,apple_music|zingmp3,MISSING_ORIGINAL,HIGH
song_9ab9a0bbafdc7a2f,"Hoàng Thùy Linh - Lắm Mối Tối Ngồi Không (Run After Two Hares, Catch Nones) | Official Lyrics Video",Hoàng Thùy Linh,,,,,,,,,not_found,,,https://www.youtube.com/watch?v=EvhS_STJPKY,v-pop,zingmp3,MISSING_ORIGINAL,HIGH
song_0a838932e1827f16,Hoàng Thùy Linh - Nhịp Đập Giấc Mơ (Beat of Dreams),Hoàng Thùy Linh,,,,,,,,,not_found,,,https://www.youtube.com/watch?v=jtYaVYJ3xf0,pop|v-pop,apple_music|zingmp3,MISSING_ORIGINAL,HIGH
song_5e33636d2f000f12,Hoàng Thùy Linh - Rung Động (Muzik+ Studio Ver.),Hoàng Thùy Linh,,,,,,,,,not_found,,,https://www.youtube.com/watch?v=Tjd7E5gjhtY,pop|v-pop,apple_music|zingmp3,MISSING_ORIGINAL,HIGH
song_792da48602001656,Hoàng Thùy Linh - Rơi (Fallin'),Hoàng Thùy Linh,,,,,,,,,not_found,,,https://www.youtube.com/watch?v=8e5uA0Dlgz8,v-pop,zingmp3,MISSING_ORIGINAL,HIGH
song_28cc76d397c39742,Hoàng Thùy Linh - Tứ Phủ (feat. Hồ Hoài Anh & TripleD) | Official Music Video,Hoàng Thùy Linh,,,,,,,,,not_found,,,https://www.youtube.com/watch?v=BGSMfgcC6tI,pop|electronic|v-pop,apple_music|discogs,MISSING_ORIGINAL,HIGH
song_296638dbf40b589e,HOÀNG TÔN x BEEPBEEPCHILD - Say | Official Music Video,HOÀNG TÔN,,,,,,,,,not_found,,,https://www.youtube.com/watch?v=3-NTb7RqJJY,b việt,zingmp3,MISSING_ORIGINAL,HIGH
song_909a0273bf541e7c,Hunter Hayes - Around the Sun (Official Music Video),Hunter Hayes,,,,,,,,,not_found,,,https://www.youtube.com/watch?v=43YwaAH50HE,country,apple_music|zingmp3,MISSING_ORIGINAL,HIGH
song_e9cb427a31f6de4b,"HURRYKNG, HIEUTHUHAI, MANBO | Hẹn Gặp Em Dưới Ánh Trăng | Official Video",GERDNANG,,,,,,,,,not_found,,,https://www.youtube.com/watch?v=dLmczwDCEZI,rap việt|country|pop,zingmp3|nhac_vn|qobuz,MISSING_ORIGINAL,HIGH
song_83e56fcfc8ae6fc2,HUSTLANG ROBBER - BỨC TRANH CHƯA HOÀN THIỆN [OFFICIAL MV],Hustlang Robber,,,,,,,,,not_found,,,https://www.youtube.com/watch?v=tdpMmswVSrU,hip hop|rap|v-pop,apple_music|zingmp3,MISSING_ORIGINAL,HIGH
song_8b2802a00928931f,HuyR - Không Yêu Trả Dép Tôi Về (M/V),HuyR,,,,,,,,,not_found,,,https://www.youtube.com/watch?v=_0ELj52Txbw,reggae|pop,nhaccuatui|nhac_vn|shazam|allmusic|qobuz|youtube,MISSING_ORIGINAL,HIGH
song_66f5a546c4c54496,HuyR - kytdtv ft. Tùng Viu (Lyrics Video),HuyR,,,,,,,,,not_found,,,https://www.youtube.com/watch?v=GykyER1UC1w,reggae|pop,nhaccuatui|shazam|nhac_vn|allmusic|qobuz|youtube,MISSING_ORIGINAL,HIGH
song_6e0cb0949de8a4a0,Huyền Thoại Một Chiều Mưa,"Lam Truyen,Yen Khoa",,,,,,,,,not_found,ZWZB8EEO,https://zingmp3.vn/bai-hat/Huyen-Thoai-Mot-Chieu-Mua-Lam-Truyen-Yen-Khoa/ZWZB8EEO.html,,country,nhaccuatui,MISSING_ORIGINAL,LOW
song_0f5df22aa0b7177f,Hà Anh Tuấn | Chưa Bao Giờ,Hà Anh Tuấn,,,,,,,,,not_found,,,https://www.youtube.com/watch?v=5AQTrOmFl3I,worldwide|v-pop|pop|ballad|vocal,apple_music|zingmp3|discogs,MISSING_ORIGINAL,HIGH
song_3e0d51d3c6e873aa,Hà Anh Tuấn | Người Tình Mùa Đông,Hà Anh Tuấn,,,,,,,,,not_found,,,https://www.youtube.com/watch?v=U0tSnrHI2FM,worldwide|v-pop|funk|soul|pop|folk|world|country|trữ tình,apple_music|zingmp3|discogs,MISSING_ORIGINAL,HIGH
song_156476d0130c2a4c,Hà Anh Tuấn - Tái Bút Anh Yêu Em - Starring Thanh Hằng (Official MV),Hà Anh Tuấn,,,,,,,,,not_found,,,https://www.youtube.com/watch?v=nrpjNgZCdlM,pop|v-pop,apple_music|zingmp3,MISSING_ORIGINAL,HIGH
song_aa679d2b158d5bd0,Hà Lê - I Will Call It Love (Official Music Video),Hà Lê Official,,,,,,,,,not_found,,,https://www.youtube.com/watch?v=XUZziwt00FI,alternative|trữ tình,apple_music|zingmp3,MISSING_ORIGINAL,HIGH
song_5252e6cd6cc3334c,Hà Lê - Món Quà (Official Music Video),Hà Lê Official,,,,,,,,,not_found,,,https://www.youtube.com/watch?v=jPKxcgp-MJk,pop|trữ tình,apple_music|zingmp3,MISSING_ORIGINAL,HIGH
song_7deefcc2beec0a97,"Hà Lê, Phúc Bồ & Kay Trần - Đông Cuối (Official Music Video)",Hà Lê Official,,,,,,,,,not_found,,,https://www.youtube.com/watch?v=q9EIwfjrH9Y,pop,apple_music,MISSING_ORIGINAL,HIGH
song_9553d8e2fe583cfb,Hà Nội 12 Mùa Hoa,Forest Studio - Topic,,,,,,,,,not_found,,,https://www.youtube.com/watch?v=yi6BZqzrYpg,pop|v-pop,apple_music|zingmp3,MISSING_ORIGINAL,HIGH
song_7b65573689d7a6dd,Hà Nội Mùa Lá Bay,"Duong Truong Giang,Bui Anh Tuan",,,,,,,,,not_found,ZW7OAOUZ,https://zingmp3.vn/bai-hat/Ha-Noi-Mua-La-Bay-Duong-Truong-Giang-Bui-Anh-Tuan/ZW7OAOUZ.html,,pop,apple_music,MISSING_ORIGINAL,HIGH
song_6275237ab081eecb,Hà Quỳnh Như - Khúc Hát Sông Quê ( Mới 2020 ),Hà Quỳnh Như Official,,,,,,,,,not_found,,,https://www.youtube.com/watch?v=yiaDoVoNP-M,worldwide|trữ tình,apple_music|zingmp3,MISSING_ORIGINAL,HIGH
song_2d99941e0ce397cd,Hành Lang Cũ,Long Nón Lá,,,,,,,,,not_found,,,https://www.youtube.com/watch?v=RxIXNZchupM,pop|v-pop,apple_music|zingmp3,MISSING_ORIGINAL,HIGH
song_663444934b6ac49f,Hát MASHUP hơn 10 bài HOT trên Tik Tok - Changmie x Tiến Tới,Fin'D,,,,,,,,,not_found,,,https://www.youtube.com/watch?v=yWazW7MjkpY,nhạc đỏ|nhạc trẻ,nhaccuatui|nhac_vn|shazam|allmusic|qobuz|youtube,MISSING_ORIGINAL,HIGH
song_570c8aead12fb233,Hãy Cho Em Vòng Tay Nhân Ái,Fony Trung,,,,,,,,,not_found,ZW6ZWI6Z,https://zingmp3.vn/bai-hat/Hay-Cho-Em-Vong-Tay-Nhan-Ai-Fony-Trung/ZW6ZWI6Z.html,,pop,apple_music,MISSING_ORIGINAL,HIGH
song_e0bf26bf7ea86df3,Hãy Là Một Kỷ Niệm,Nam Cuong,,,,,,,,,not_found,ZW6I9ZOC,https://zingmp3.vn/bai-hat/Hay-La-Mot-Ky-Niem-Nam-Cuong/ZW6I9ZOC.html,,pop,apple_music,MISSING_ORIGINAL,HIGH
song_ce9cb7f4bb98c0e0,Hãy Nói Em Yêu Anh,Du Ca,,,,,,,,,not_found,ZW78IFAD,https://zingmp3.vn/bai-hat/Hay-Noi-Em-Yeu-Anh-Du-Ca/ZW78IFAD.html,,pop|folk|world|country,apple_music|discogs,MISSING_ORIGINAL,HIGH
song_3a66eafe8504f747,Hãy Ra Khỏi Người Đó Đi - Phan Mạnh Quỳnh (Official MV),Zing MP3,,,,,,,,,not_found,,,https://www.youtube.com/watch?v=PXyXzHIZlBo,pop,apple_music,MISSING_ORIGINAL,HIGH
song_b5ffc4697e50202d,Hãy Xem Là Giấc Mơ - Chu Bin ( MV OFFICIAL ),Chu Bin Official,,,,,,,,,not_found,,,https://www.youtube.com/watch?v=qS3l_KFNGKk,pop|dance việt,apple_music|zingmp3,MISSING_ORIGINAL,HIGH
song_4928d59fd7326238,Hãy Để Anh Yêu Em Lần Nữa - The Men [Official],POPS MUSIC,,,,,,,,,not_found,,,https://www.youtube.com/watch?v=ngWybcg6tbo,pop,apple_music,MISSING_ORIGINAL,HIGH
song_a85d3859f025dfc8,Hãy Đợi Đấy (Nupakachi) - OnlyC ft. Lou Hoàng (MV),Zing MP3,,,,,,,,,not_found,,,https://www.youtube.com/watch?v=rRo_LiKZUZg,dance,apple_music,MISSING_ORIGINAL,HIGH
song_00afcf5b2cabbf2a,Hóa ra anh là - Lena (LEMONADE Album) | Official Music Video,Lena Official,Âu Mỹ,zingmp3_title_artist_search,https://zingmp3.vn/bai-hat/Lena-Cecil-Taylor/6WLD0bMMhLlI.html,Lena,Cecil Taylor,0.85,low,"[{""id"":""q3564DMx4CZN"",""name"":""Âu Mỹ"",""title"":""Âu Mỹ"",""alias"":""au-my"",""link"":""/the-loai-album/Au-My/q3564DMx4CZN.html""}]; title_score=1.000; artist_score=0.400",found_needs_review,,,https://www.youtube.com/watch?v=75kEwq7XKxA,pop|v-pop,apple_music|zingmp3|discogs,MISSING_ORIGINAL,HIGH
song_4586847f2ecc5640,Hóa Đá Một Trái Tim,Huynh Nha Lam,,,,,,,,,not_found,ZWZBZBAC,https://zingmp3.vn/bai-hat/Hoa-Da-Mot-Trai-Tim-Huynh-Nha-Lam/ZWZBZBAC.html,,pop,apple_music,MISSING_ORIGINAL,HIGH
song_43a556ab8c466f93,Hôm Qua Hôm Nay - Nguyên Hà | St. TAW 「 MV Lyrics」,Nguyên Hà Official,,,,,,,,,not_found,,,https://www.youtube.com/watch?v=cic-wrjIKyg,v-pop,zingmp3,MISSING_ORIGINAL,HIGH
song_4a7411ca6a35d070,Hơn Cả Nỗi Đau,Lam Chan Khang,,,,,,,,,not_found,ZW60CDAC,https://zingmp3.vn/bai-hat/Hon-Ca-Noi-Dau-Lam-Chan-Khang/ZW60CDAC.html,,pop,apple_music,MISSING_ORIGINAL,HIGH
song_42a0b49c77c71c8a,Hương (feat. Negav),VĂN MAI HƯƠNG OFFICIAL,,,,,,,,,not_found,,,https://www.youtube.com/watch?v=-Kh7PWkT490,pop|v-pop|folk|world|country,apple_music|zingmp3|discogs|musicbrainz,MISSING_ORIGINAL,HIGH
song_264481c2359f973f,HƯƠNG GIANG - EM ĐÃ THẤY ANH CÙNG NGƯỜI ẤY (#EDTACNA) (#ADODDA2) - OFFICIAL MUSIC VIDEO,Huong Giang Entertainment,,,,,,,,,not_found,,,https://www.youtube.com/watch?v=Q3teJIoHBfA,latin,web_search,MISSING_ORIGINAL,LOW
song_a4fd0ec079fa01a4,Hương Tràm - Chúng Ta Không Có Sau Này| #CTKCSN | Official MV,Hương Tràm Charmy pham,,,,,,,,,not_found,,,https://www.youtube.com/watch?v=XNG6MTV3veg,house,qobuz,MISSING_ORIGINAL,LOW
song_a377ea5201e9dfb8,Hương Tràm - Duyên Mình Lỡ ( #DML ) [ Official MV ],Hương Tràm Charmy pham,,,,,,,,,not_found,,,https://www.youtube.com/watch?v=fxeSvAsqzlo,house,qobuz,MISSING_ORIGINAL,LOW
song_418e2871771df3c2,Hương Tràm - Em Gái Mưa (Official MV),Hương Tràm Charmy pham,,,,,,,,,not_found,,,https://www.youtube.com/watch?v=Y29OrOVJUKs,pop|hip hop,apple_music|nhaccuatui,MISSING_ORIGINAL,HIGH
song_d37f8065e1b06edf,Hương Tràm - Ngốc 2 (Hãy Để Em Quên) (Official MV),Hương Tràm Charmy pham,,,,,,,,,not_found,,,https://www.youtube.com/watch?v=2fzPWsr7x0s,pop,apple_music,MISSING_ORIGINAL,HIGH
song_257601a575d33b6e,"Hương Tràm Singer | Anh, Thế Giới Và Em | Lyric Video",Hương Tràm Charmy pham,,,,,,,,,not_found,,,https://www.youtube.com/watch?v=aNJm69M8dyM,country,nhac_vn,MISSING_ORIGINAL,LOW
song_feb35e8c46d562e8,Hương Tràm Singer  | Cho Em Gần Anh Thêm Chút Nữa |  Lyric,Hương Tràm Charmy pham,,,,,,,,,not_found,,,https://www.youtube.com/watch?v=Xn2Lm6AHW6Q,rock,nhac_vn,MISSING_ORIGINAL,LOW
song_02d15556b5d4ea96,Hương Tràm - Đong Tình | Official Music Video,Hương Tràm Charmy pham,,,,,,,,,not_found,,,https://www.youtube.com/watch?v=rKT7ZrCuG88,pop,apple_music,MISSING_ORIGINAL,HIGH
song_8dea0296541fc6e0,Hương Tóc Mạ Non - Lưu Ánh Loan  [Official],POPS MUSIC,,,,,,,,,not_found,,,https://www.youtube.com/watch?v=ulpE_VSbTPc,pop|electronic,apple_music|shazam,MISSING_ORIGINAL,HIGH
song_0af726611663991f,Hương Đêm Bay Xa | Hari Won | Official Music Video | Nhạc trẻ hay,YEAH1 MUSIC,,,,,,,,,not_found,,,https://www.youtube.com/watch?v=0q8Z17z4cB8,v-pop|electronic,zingmp3|nhaccuatui,MISSING_ORIGINAL,HIGH
song_70f85042e39e42a5,Hạnh Phúc Của Tôi,Pha Le,,,,,,,,,not_found,ZWZFWOZU,https://zingmp3.vn/bai-hat/Hanh-Phuc-Cua-Toi-Pha-Le/ZWZFWOZU.html,,pop,apple_music,MISSING_ORIGINAL,HIGH
song_555e5cd82abc85d0,Hạnh Phúc Đó Em Không Có (Remix House),Orinn - Topic,,,,,,,,,not_found,,,https://www.youtube.com/watch?v=BLw3C10psrw,dangdut,apple_music,MISSING_ORIGINAL,HIGH
song_6ba6a4e9820a799e,Hắt Hiu Đời Nhau,Luu Bich,,,,,,,,,not_found,ZWZABEB8,https://zingmp3.vn/bai-hat/Hat-Hiu-Doi-Nhau-Luu-Bich/ZWZABEB8.html,,worldwide,apple_music,MISSING_ORIGINAL,HIGH
song_2f884bf4016ebf09,Hẹn Em Mai Sau Gặp Lại (feat. Lamoon),Emcee L - Topic,,,,,,,,,not_found,,,https://www.youtube.com/watch?v=ffkvjba5YA4,pop|v-pop,apple_music|zingmp3,MISSING_ORIGINAL,HIGH
song_fb57a53482d96102,HẸN YÊU - MINH VƯƠNG M4U ft. THƯƠNG VÕ | OFFICIAL MUSIC VIDEO,ACV Entertainment,,,,,,,,,not_found,,,https://www.youtube.com/watch?v=r7uHSjHAMqc,pop,apple_music,MISSING_ORIGINAL,HIGH
song_2e7d4c1946324d6b,Họ Yêu Ai Mất Rồi l Doãn Hiếu l LOFI Ver. By Mr.Paa,Doãn Hiếu,,,,,,,,,not_found,,,https://www.youtube.com/watch?v=8kqA4vjFTuQ,pop,allmusic,MISSING_ORIGINAL,LOW
song_e63a7c14da5c1dba,Học Sinh Hết Chiêu,Tu Minh Hy,,,,,,,,,not_found,ZWZ9EE9O,https://zingmp3.vn/bai-hat/Hoc-Sinh-Het-Chieu-Tu-Minh-Hy/ZWZ9EE9O.html,,pop,apple_music,MISSING_ORIGINAL,HIGH
song_d96ee70500da639d,Hỏa Ca (Call Me By Fire) | Live Performance MV - Bài hát Chủ đề “Anh Trai Vượt Ngàn Chông Gai 2024”,YEAH1 MUSIC,,,,,,,,,not_found,,,https://www.youtube.com/watch?v=vbfR3m7AK9c,pop,apple_music,MISSING_ORIGINAL,HIGH
song_5e819edae0034a37,Hỏi Vợ Miền Tây,Minh Ky,,,,,,,,,not_found,ZW70BCE0,https://zingmp3.vn/bai-hat/Hoi-Vo-Mien-Tay-Minh-Ky/ZW70BCE0.html,,contemporary country|folk|world|country,apple_music|discogs,MISSING_ORIGINAL,HIGH
song_49846c50dc10a524,Hồ Ngọc Hà - Cả Một Trời Thương Nhớ (Official Music Video),Ho Ngoc Ha's Official Channel,,,,,,,,,not_found,,,https://www.youtube.com/watch?v=1L4uZqFs1ts,pop,apple_music,MISSING_ORIGINAL,HIGH
song_da19f7120417a31b,Hồ Ngọc Hà - Giấu Anh Vào Nỗi Nhớ (Official Music Video),Ho Ngoc Ha's Official Channel,,,,,,,,,not_found,,,https://www.youtube.com/watch?v=nL7ZJdYT-g0,pop,apple_music,MISSING_ORIGINAL,HIGH
song_f372d56e572db065,HỒI ỨC CHÂU SA - PHẠM LỊCH | Official Visualizer,PHẠM LỊCH,,,,,,,,,not_found,,,https://www.youtube.com/watch?v=0t_-z8fynB0,v-pop,zingmp3,MISSING_ORIGINAL,HIGH
song_6175fb7bfd0d4736,Hồi Ức - Phan Mạnh Quỳnh | AUDIO LYRIC OFFICIAL,Phan Mạnh Quỳnh Official,,,,,,,,,not_found,,,https://www.youtube.com/watch?v=ISAKquo_whg,worldwide|v-pop,apple_music|zingmp3,MISSING_ORIGINAL,HIGH
song_c2d41561d53ef724,Hồng Nhan - Jack (G5R) | ICM Remix,ICM Entertainment,,,,,,,,,not_found,,,https://www.youtube.com/watch?v=UMOyunC3HGw,electronic|hardcore|techno|industrial,discogs,MISSING_ORIGINAL,HIGH
song_f8931cd9d33c28ee,Hộp thư thoại | Ronboogz,Ronboogz,,,,,,,,,not_found,,,https://www.youtube.com/watch?v=rmd4ZzPgPi0,rap việt,zingmp3,MISSING_ORIGINAL,HIGH
song_bf694eabf60ef885,I Belong To You Bae - HUI [Official MV],SRC Entertainment,,,,,,,,,not_found,,,https://www.youtube.com/watch?v=a9F7FgiWn8I,latin,nhac_vn|shazam|allmusic|qobuz|youtube,MISSING_ORIGINAL,HIGH
song_1514c6cd2b23b2b4,I Had Some Help (Extra Posty),Post Malone,,,,,,,,,not_found,,,https://www.youtube.com/watch?v=rQhO0IbT8dI,country|latin,apple_music|nhaccuatui|nhac_vn|shazam|allmusic|qobuz|youtube,MISSING_ORIGINAL,HIGH
song_fdc9d2e032fd9bee,I'm Sorry Babe | Bảo Thy | Yeah1 Superstar (Offical Music Video),YEAH1 MUSIC,,,,,,,,,not_found,,,https://www.youtube.com/watch?v=q3RWIjn9NDY,latin,nhaccuatui|nhac_vn|shazam|allmusic|qobuz|youtube,MISSING_ORIGINAL,HIGH
song_24a1dc67022b84dd,I see my daddy on the TV - JGKiD x MPaKK (Official MV),Da LAB Official,,,,,,,,,not_found,,,https://www.youtube.com/watch?v=J2Vd_YN9BXo,v-pop|latin,zingmp3|nhaccuatui|nhac_vn|shazam|allmusic|qobuz|youtube,MISSING_ORIGINAL,HIGH
song_696dff66a22b62a8,I See You,RAZUNA - Topic,,,,,,,,,not_found,,,https://www.youtube.com/watch?v=pk6MDQkPTj0,dance|latin,apple_music|nhaccuatui|nhac_vn|shazam|allmusic|qobuz|youtube,MISSING_ORIGINAL,HIGH
song_563936e1c2f37c91,ICM - Cho Em Xin Quá Giang (Thoại Nghi x Mhee x Huỳnh Văn) | EP. THÍCH NGHI | Official Music Video,ICM Entertainment,,,,,,,,,not_found,,,https://www.youtube.com/watch?v=kyAtCMsSIuI,house,nhaccuatui,MISSING_ORIGINAL,LOW
song_ebf0ee475a25016a,ILLIT (아일릿) ‘Magnetic’ Official MV,HYBE LABELS,,,,,,,,,not_found,,,https://www.youtube.com/watch?v=Vk5-c_v4gMU,house,web_search,MISSING_ORIGINAL,LOW
song_d424fb3b0512ed7a,Imagine Dragons - Birds (Animated Video),ImagineDragons,,,,,,,,,not_found,,,https://www.youtube.com/watch?v=vOXZkm9p_zY,pop,apple_music,MISSING_ORIGINAL,HIGH
song_9acfcb8e6c3b5cc8,In Ash,Hurricane On Saturn,,,,,,,,,not_found,,,https://www.youtube.com/watch?v=wM3RHSicy34,rock|electronic|hip hop|dance-pop|pop rap|alternative metal|post-hardcore|metal,apple_music|discogs|musicbrainz,MISSING_ORIGINAL,HIGH
song_45c8a5d00d6da3ac,In The End [Official HD Music Video] - Linkin Park,Linkin Park,,,,,,,,,not_found,,,https://www.youtube.com/watch?v=eVTXPUF4Oz4,hard rock|rock,apple_music|zingmp3,MISSING_ORIGINAL,HIGH
song_a51fc9eb2b5543e7,Indian Ethnic Hip-Hop by Infraction [No Copyright Music] / India,Infraction - No Copyright Music,,,,,,,,,not_found,,,https://www.youtube.com/watch?v=Mi8sE9ca0NY,hip hop|rap,apple_music,MISSING_ORIGINAL,HIGH
song_a63be9e166b7dc4e,"🐯 Indian Music (No Copyright) ""Indian Fusion"" by @BeatByShahed  🇮🇳",BreakingCopyright — Royalty Free Music,,,,,,,,,not_found,,,https://www.youtube.com/watch?v=5kbpaZeRNQs,country,youtube,MISSING_ORIGINAL,LOW
song_917fe2c683c392c3,"💡 Instrumental & Happy (Free Music) - ""LIGHTS"" by @SakuraGirl",BreakingCopyright — Royalty Free Music,,,,,,,,,not_found,,,https://www.youtube.com/watch?v=EMmVA1xtqc0,house,web_search,MISSING_ORIGINAL,LOW
song_6e95ae30e5c6eabf,"☁️Instrumental & Trap (Free Music) - ""FAREWELL"" by Nomyn 🇫🇷",BreakingCopyright — Royalty Free Music,,,,,,,,,not_found,,,https://www.youtube.com/watch?v=AjWKe-9KkUo,experimental|country,nhaccuatui,MISSING_ORIGINAL,LOW
song_921ecc60ed3d23ed,"🎞️ Instrumental Vlog (Free Music For YouTube) - ""DUCK LIFE"" by Joakim Karud 🇸🇪",BreakingCopyright — Royalty Free Music,,,,,,,,,not_found,,,https://www.youtube.com/watch?v=8NKW7ylXgZc,country,allmusic,MISSING_ORIGINAL,LOW
song_7f658b77dc6e054e,ISAAC | CẤT EM VÀO TÂM TƯ | OFFICIAL MV,Isaac Official,,,,,,,,,not_found,,,https://www.youtube.com/watch?v=yAYs9mnxmD8,christian|v-pop,apple_music|zingmp3,MISSING_ORIGINAL,HIGH
song_0a130657a9dcca9b,ISAAC | GỌI CHO ANH | OFFICIAL AUDIO (1AM Version),Isaac Official,,,,,,,,,not_found,,,https://www.youtube.com/watch?v=1Q4cHaK_2oM,country|v-pop,apple_music|zingmp3,MISSING_ORIGINAL,HIGH
song_3058661b30230490,Isaac - Ta Đã Yêu Chưa Vậy (ft. BigDaddy) - Official Video,Isaac Official,,,,,,,,,not_found,,,https://www.youtube.com/watch?v=Zj2oB-vId9U,pop|v-pop|b việt,apple_music|zingmp3,MISSING_ORIGINAL,HIGH
song_543e03ce54ecd63a,iu là đây,HOANG SEAN.,,,,,,,,,not_found,,,https://www.youtube.com/watch?v=IUaSXzbU8g0,pop|v-pop,apple_music|zingmp3,MISSING_ORIGINAL,HIGH
song_d3cf32fa6654d201,Jack Harlow - Just Us feat. Doja Cat,Jack Harlow,,,,,,,,,not_found,,,https://www.youtube.com/watch?v=OPK14FrnjO0,hip hop|rap|pop,apple_music|zingmp3|discogs,MISSING_ORIGINAL,HIGH
song_27755521520ce35c,Jack | Hoa Hải Đường | Official Music Video,J97,,,,,,,,,not_found,,,https://www.youtube.com/watch?v=Bhg-Gw953b0,v-pop,zingmp3,MISSING_ORIGINAL,HIGH
song_85dcf4304aa23305,JACK - J97 | CHÚNG TA RỒI SẼ HẠNH PHÚC | Official Music Video,J97,,,,,,,,,not_found,,,https://www.youtube.com/watch?v=MnzdvcJsp18,v-pop,zingmp3,MISSING_ORIGINAL,HIGH
song_d425d2616aa3ceec,JACK - J97 | DƯỚI TÁN CÂY KHÔ HOA NỞ ( prod. Hino ) | OFFICIAL VISUALIZER | Track No.1,J97,,,,,,,,,not_found,,,https://www.youtube.com/watch?v=Lf8df8FCJhk,v-pop|electronic|non-music|interview|breakbeat|big beat,zingmp3|discogs,MISSING_ORIGINAL,HIGH
song_bdc44cdabe3e42fa,JACK - J97 | NGÔI SAO CÔ ĐƠN | OFFICIAL MUSIC VIDEO,J97,,,,,,,,,not_found,,,https://www.youtube.com/watch?v=4tYuIU7pLmI,v-pop,zingmp3,MISSING_ORIGINAL,HIGH
song_6725f2cec6f818bf,JACK - J97 | TỪ NƠI TÔI SINH RA | Official Video | Huge respect from Vietnam,J97,,,,,,,,,not_found,,,https://www.youtube.com/watch?v=FNarFvyTx9Q,v-pop,zingmp3,MISSING_ORIGINAL,HIGH
song_f69b3d64b35779d8,Jack | LAYLALAY | Official Music Video,J97,,,,,,,,,not_found,,,https://www.youtube.com/watch?v=bTFoZBIIu4E,v-pop,zingmp3,MISSING_ORIGINAL,HIGH
song_a69f2afaf09a045b,Jack | Đom Đóm | Official Music Video,J97,,,,,,,,,not_found,,,https://www.youtube.com/watch?v=4CCGI83vOVo,v-pop|folk|world|country,zingmp3|discogs,MISSING_ORIGINAL,HIGH
song_c5c941f45304f57f,Jade Eagleson - Got Your Name On It,Jade Eagleson,,,,,,,,,not_found,,,https://www.youtube.com/watch?v=NPn8OoOWPEs,country|folk|world,apple_music|zingmp3|discogs,MISSING_ORIGINAL,HIGH
song_6d18bfc6af1c8027,James Arthur - Car's Outside (Lyrics),Dan Music,,,,,,,,,not_found,,,https://www.youtube.com/watch?v=xUT3ZcbVWmQ,pop|hip hop|jazz|rock|reggae|funk|soul|blues|brass|military|folk|world|country|stage|screen|comedy|parody|polka|roll|pop rock|new wave|hard rock|ballad|punk|alternative rock,apple_music|discogs|nhaccuatui|nhac_vn|allmusic|shazam|qobuz|youtube,MISSING_ORIGINAL,HIGH
song_b5e7da46c68e41b2,James Arthur - Impossible (Lyrics),Dan Music,,,,,,,,,not_found,,,https://www.youtube.com/watch?v=mzAwKKRGXSk,pop|electronic|hip hop|rock|latin|funk|soul|children's|euro house|house|electro house|dance-pop|swing|pop rap|pop rock|neo soul|europop|ballad|indie pop|dubstep|folk rock,apple_music|discogs|nhaccuatui|nhac_vn|shazam|allmusic|qobuz|youtube,MISSING_ORIGINAL,HIGH
song_eba89882c69a16f3,James Arthur - Train Wreck (Lyrics),Lazy Fox,,,,,,,,,not_found,,,https://www.youtube.com/watch?v=CveANi17YfU,rock,nhaccuatui|shazam|nhac_vn|allmusic|qobuz|youtube,MISSING_ORIGINAL,HIGH
song_299219d47a22df92,Japan Trap by MokkaMusic (No Copyright Music) / Zen Trap,Mokka - No Copyright Music,,,,,,,,,not_found,,,https://www.youtube.com/watch?v=anPbNUsDpTI,electronic|country,apple_music|nhaccuatui|nhac_vn|shazam|allmusic|qobuz|youtube,MISSING_ORIGINAL,HIGH
song_b7bd4a7ff4fa6769,Jason Aldean - Tonight Looks Good On You (Music Video),Jason Aldean,,,,,,,,,not_found,,,https://www.youtube.com/watch?v=zsM8GD2Q4nU,country,apple_music|zingmp3,MISSING_ORIGINAL,HIGH
song_567d11029285bb92,JayKii | 3 GIỜ SÁNG - OFFICIAL MV,JayKii OFFICIAL,,,,,,,,,not_found,,,https://www.youtube.com/watch?v=duAF8w_mqA0,pop,shazam,MISSING_ORIGINAL,LOW
song_40db39b841fdbdf0,JayKii | NÀO ĐÂU PHẢI ANH - OFFCIAL MUSIC VIDEO,JayKii OFFICIAL,,,,,,,,,not_found,,,https://www.youtube.com/watch?v=gIm4ws75A3w,soul,shazam,MISSING_ORIGINAL,LOW
song_87f6eca3c7cddd11,JayKii | YẾU ĐUỐI AI XEM - OFFICIAL MUSIC VIDEO,JayKii OFFICIAL,,,,,,,,,not_found,,,https://www.youtube.com/watch?v=eaPpjtaqsDM,v-pop,zingmp3,MISSING_ORIGINAL,HIGH
song_115fdd38c6dee340,Jelly Roll - Son Of A Sinner (Official Music Video),Jelly Roll,,,,,,,,,not_found,,,https://www.youtube.com/watch?v=n4Z1cpdkgQU,rock|country|metal,apple_music|zingmp3|youtube,MISSING_ORIGINAL,HIGH
song_6310a256a5952059,Jess Glynne - I'll Be There [Official Video],Jess Glynne,,,,,,,,,not_found,,,https://www.youtube.com/watch?v=iQp1_GfDhwQ,pop|electronic|funk|soul|dance-pop|europop|downtempo,apple_music|discogs,MISSING_ORIGINAL,HIGH
song_9ecddc3fa444035e,Jesus Chrysler Supercar - Kamikaze [Official Music Video],Jesus Chrysler Supercar,,,,,,,,,not_found,,,https://www.youtube.com/watch?v=CcNkBYdZPkc,rock,apple_music,MISSING_ORIGINAL,HIGH
song_1d7c480f5fa9cfc4,Joe Lyons - Tremors,HearWeGo,,,,,,,,,not_found,,,https://www.youtube.com/watch?v=ZV2wr-sdLho,alternative,allmusic,MISSING_ORIGINAL,LOW
song_29c2bc9d0e1e618b,"John Denver - Take Me Home, Country Roads (from The Wildlife Concert)",John Denver,,,,,,,,,not_found,,,https://www.youtube.com/watch?v=IUmnTfsY3hI,pop|country|folk|world,apple_music|zingmp3|discogs,MISSING_ORIGINAL,HIGH
song_43fb106af9c86e13,Johnny Cash - God's Gonna Cut You Down (Official Music Video),Johnny Cash,,,,,,,,,not_found,,,https://www.youtube.com/watch?v=eJlN9jdQFSc,country,apple_music|zingmp3,MISSING_ORIGINAL,HIGH
song_ee53d0424fbf1443,Joji - Die For You,88rising,,,,,,,,,not_found,,,https://www.youtube.com/watch?v=d4EcEtgIB_g,pop|electronic|ballad|indie pop,apple_music|zingmp3|discogs,MISSING_ORIGINAL,HIGH
song_cbc4d2c88338cd8b,Joji - SLOW DANCING IN THE DARK,88rising,,,,,,,,,not_found,,,https://www.youtube.com/watch?v=K3Qzzggn--s,dance|pop,apple_music|zingmp3,MISSING_ORIGINAL,HIGH
song_228d5692a0dbd7aa,JOMBIE | NHẤT LONG THĂNG THIÊN | OFFICIAL MUSIC VIDEO,G5R SQUAD Official,,,,,,,,,not_found,,,https://www.youtube.com/watch?v=mABrMZLpn50,dance việt,zingmp3,MISSING_ORIGINAL,HIGH
song_cf7bf3e5631ef6a2,JOMBIE - TÂY SƠN HÀO KIỆT (OFFICIAL MUSIC VIDEO) | G5R SQUAD,G5R SQUAD Official,,,,,,,,,not_found,,,https://www.youtube.com/watch?v=LpbUrGTG7f0,rap việt|electronic|breakbeat|house|tech house,zingmp3|discogs,MISSING_ORIGINAL,HIGH
song_1de926fb87ba8b4a,Jon Pardi - Dirt On My Boots (Official Music Video),Jon Pardi,,,,,,,,,not_found,,,https://www.youtube.com/watch?v=lheKC1iC0CM,country|folk,apple_music|zingmp3,MISSING_ORIGINAL,HIGH
song_55037e72699cac84,"Josh Ross, Akon - Drunk Right Now (Na Na Na) (Official Music Video)",JOSH ROSS,,,,,,,,,not_found,,,https://www.youtube.com/watch?v=5aYiBCe6i3c,country,apple_music|zingmp3,MISSING_ORIGINAL,HIGH
song_fce571883991c217,JOURDIN PAULINE - SUGAR (Official Music Video),JOURDIN PAULINE,,,,,,,,,not_found,,,https://www.youtube.com/watch?v=IycC7J1oOMg,pop|rap|hip hop|country,apple_music|zingmp3|youtube,MISSING_ORIGINAL,HIGH
song_253348ca27c64ff3,Journey - Don't Stop Believin' (Official Audio),journey,,,,,,,,,not_found,,,https://www.youtube.com/watch?v=1k8craCGpgs,rock|arena rock|classic rock,apple_music|discogs|nhaccuatui|nhac_vn|shazam|allmusic|qobuz|youtube,MISSING_ORIGINAL,HIGH
song_df4e7d9ed10dd115,Journey - Faithfully (Official HD Video - 1983),journey,,,,,,,,,not_found,,,https://www.youtube.com/watch?v=OMD8hBsA-RI,rock,nhaccuatui|nhac_vn|shazam|allmusic|qobuz|youtube,MISSING_ORIGINAL,HIGH
song_e58792fbf6db8a8e,JUKY SAN - LAO VÀO ft. 2PILLZ | OFFICIAL MUSIC VIDEO | EP CHIA TAY,Juky San,,,,,,,,,not_found,,,https://www.youtube.com/watch?v=u65ZshdRQs0,dance|v-pop,apple_music|zingmp3,MISSING_ORIGINAL,HIGH
song_0917df582069d2e5,JUKY SAN | NGHĨ ĐẾN ANH | OFFICIAL ONESHOT MUSIC VIDEO,Juky San,,,,,,,,,not_found,,,https://www.youtube.com/watch?v=7c9kSNZzLS0,alternative,allmusic,MISSING_ORIGINAL,LOW
song_cd8345094521f1d8,Juky San | Tiêu Dao Tuyệt Nhất,Juky San,,,,,,,,,not_found,,,https://www.youtube.com/watch?v=mAxGboxIkX4,v-pop,zingmp3,MISSING_ORIGINAL,HIGH
song_e7764d91d84076de,Julian Calor - Rain,HearWeGo,,,,,,,,,not_found,,,https://www.youtube.com/watch?v=pRJ2WJWO7Ks,country,youtube,MISSING_ORIGINAL,LOW
song_e433f9681bfb6e6d,JUN PHẠM x APJ 'SƠN THUỶ KHÚC' (Official Visualizer),Jun Phạm Official,,,,,,,,,not_found,,,https://www.youtube.com/watch?v=Y_RWJ5hFrCs,classical|k-pop,apple_music|nhaccuatui|nhac_vn|shazam|allmusic|qobuz|youtube,MISSING_ORIGINAL,HIGH
song_e2cc5b8d6fde817d,Jun Phạm x Hamlet Trương | AN ỦI (Official MV) - EP An Ủi,Jun Phạm Official,,,,,,,,,not_found,,,https://www.youtube.com/watch?v=8bEn25f2lBI,k-pop,nhaccuatui|nhac_vn|shazam|allmusic|qobuz|youtube,MISSING_ORIGINAL,HIGH
song_1ab0bdb8cddc9c7e,Jun Phạm x Hamlet Trương | 'NHỚ MANG Ô HÔM NAY' (Official MV) - EP An Ủi,Jun Phạm Official,,,,,,,,,not_found,,,https://www.youtube.com/watch?v=4R9gFRLJtmQ,k-pop,nhaccuatui|nhac_vn|shazam|allmusic|qobuz|youtube,MISSING_ORIGINAL,HIGH
song_64d169718534cc91,Jun Phạm x Hamlet Trương | 'THƯƠNG NHAU ĐỂ ĐÓ' (Official MV) - EP An Ủi,Jun Phạm Official,,,,,,,,,not_found,,,https://www.youtube.com/watch?v=paICcsDuiTA,k-pop,nhaccuatui|nhac_vn|shazam|allmusic|qobuz|youtube,MISSING_ORIGINAL,HIGH
song_8943d68e7a9ace0e,JUSTATEE - BÔNG HOA NHÀI | OFFICIAL MUSIC VIDEO,JustaTeeMusic,,,,,,,,,not_found,,,https://www.youtube.com/watch?v=iE5tuFbJUX4,b việt,zingmp3,MISSING_ORIGINAL,HIGH
song_dfdc92820dc54257,Justin Bieber & benny blanco - Lonely (Lyrics),7clouds,Khác,zingmp3_title_artist_search,https://zingmp3.vn/bai-hat/lonely-7clouds/SZrXOc3YDBqC.html,lonely,7clouds,1.0,medium,"[{""id"":""A6UHaAP1adyN"",""name"":""Khác"",""title"":""Khác"",""alias"":""khac"",""link"":""/the-loai-album/Khac/A6UHaAP1adyN.html""}]; title_score=1.000; artist_score=1.000",found_needs_review,,,https://www.youtube.com/watch?v=SrRtd-4fvM8,pop|blues,apple_music|nhaccuatui|nhac_vn|allmusic|shazam|qobuz|youtube,MISSING_ORIGINAL,HIGH
song_9e7de4baad36b670,JUUN D - MỘT NỬA YÊU THƯƠNG (OFFICIAL MV),JUUN D,,,,,,,,,not_found,,,https://www.youtube.com/watch?v=fsTzH9uZJuM,pop|v-pop|house,apple_music|zingmp3|qobuz,MISSING_ORIGINAL,HIGH
song_1ed551474e7df003,JUUN D - SỢ RẰNG EM BIẾT ANH CÒN YÊU EM (Afraid You Know I'm Still In Love) (OFFICIAL MV),JUUN D,,,,,,,,,not_found,,,https://www.youtube.com/watch?v=ybfq5gtvnj0,v-pop|dance,zingmp3|shazam,MISSING_ORIGINAL,HIGH
song_add59291dde1db63,JUUN D - SỢ RẰNG EM BIẾT ANH CÒN YÊU EM (Lofi Version by Freak D) | Lyric video,JUUN D,,,,,,,,,not_found,,,https://www.youtube.com/watch?v=yKA8aQQRst8,v-pop|house|folk,zingmp3|nhac_vn,MISSING_ORIGINAL,HIGH
song_8749f59d135a8923,KAI ĐINH l ĐIỀU BUỒN NHẤT | OFFICIAL MV,Kai Dinh Official,,,,,,,,,not_found,,,https://www.youtube.com/watch?v=BRBVU1Vy7H4,pop|k-pop,apple_music|nhaccuatui|nhac_vn|shazam|allmusic|qobuz|youtube,MISSING_ORIGINAL,HIGH
song_fd0beb0fb7258ba6,KAI ĐINH x MONSTAR x SUNI HẠ LINH - CHỈ CẦN LÀ MÌNH CÙNG NHAU (HERE WE GO) | Official Music Video,ST.319 Entertainment,,,,,,,,,not_found,,,https://www.youtube.com/watch?v=-_8wCdFQfJ4,k-pop|pop,nhaccuatui|nhac_vn|shazam|allmusic|qobuz|youtube,MISSING_ORIGINAL,HIGH
song_dbb594d005b81171,Kane Brown - What Ifs ft. Lauren Alaina,Kane Brown,,,,,,,,,not_found,,,https://www.youtube.com/watch?v=fM8V1XOI-14,country,apple_music,MISSING_ORIGINAL,HIGH
song_f7695dad68d73ba3,[ KARAOKE BEAT CHUẨN ] BẮC BLING ( BẮC NINH ) - HOÀ MINZY FT NS XUÂN HINH x MASEW x TUẤN CRY,Hòa Minzy,,,,,,,,,not_found,,,https://www.youtube.com/watch?v=GAc_G1tonwg,pop,nhaccuatui|nhac_vn|allmusic|shazam|qobuz|youtube,MISSING_ORIGINAL,HIGH
song_27cdabe114753c98,[ KARAOKE BEAT HẠ TONE ] BẮC BLING ( BẮC NINH ) - HOÀ MINZY FT NS XUÂN HINH x MASEW x TUẤN CRY,Hòa Minzy,,,,,,,,,not_found,,,https://www.youtube.com/watch?v=7Ax9ZRMjLbs,pop,nhaccuatui|nhac_vn|shazam|allmusic|qobuz|youtube,MISSING_ORIGINAL,HIGH
song_594aa3640d9484fa,KARIK - BẠN ĐỜI (FT. GDUCKY) | OFFICIAL MUSIC VIDEO,KARIK,,,,,,,,,not_found,,,https://www.youtube.com/watch?v=h7cOOfpdEfk,pop|rap việt|hip hop|v-pop|pop rap,apple_music|zingmp3|discogs,MISSING_ORIGINAL,HIGH
song_7ee25de083818ef2,KARIK - Mời Người Kế Tiếp (ft. Only C) | OFFICIAL MUSIC VIDEO,KARIK,,,,,,,,,not_found,,,https://www.youtube.com/watch?v=y1JEtJqQXS4,rap|rap việt|hip hop|pop|v-pop|pop rap,apple_music|zingmp3|discogs,MISSING_ORIGINAL,HIGH
song_9f3aa038cabc32b2,KARIK - NHẬT KÝ VÀO ĐỜI (FEAT. THAI VG) | OFFICIAL MUSIC VIDEO,KARIK,,,,,,,,,not_found,,,https://www.youtube.com/watch?v=_hP8T3hcmoo,hip hop|rap|rap việt|pop|v-pop|pop rap|alternative,apple_music|zingmp3|discogs|shazam,MISSING_ORIGINAL,HIGH
song_ee548179c2b43782,Karik - Từng Là Tất Cả (Lyric Video),KARIK,,,,,,,,,not_found,,,https://www.youtube.com/watch?v=HFUcWEiIRbk,rap,apple_music,MISSING_ORIGINAL,HIGH
song_3411749a4966ffba,Karik - Yêu Em Quá Đi | Official MV,KARIK,,,,,,,,,not_found,,,https://www.youtube.com/watch?v=QDD_MbGKJAg,rap|rap việt,apple_music|zingmp3,MISSING_ORIGINAL,HIGH
song_f3affcfcda5be03c,Kedam - Plume,HearWeGo,,,,,,,,,not_found,,,https://www.youtube.com/watch?v=96mCbG8vPy4,instrumental,youtube,MISSING_ORIGINAL,LOW
song_d1d4c17ecdc8d4dc,Keenan Te - Scars (Lyric Video),Keenan Te,,,,,,,,,not_found,,,https://www.youtube.com/watch?v=rTDyFidJbYA,pop|country,apple_music|zingmp3|nhaccuatui,MISSING_ORIGINAL,HIGH
song_5450195d0488d2ab,KEEP ME IN LOVE | Hồ Ngọc Hà & team The Face | Nhạc trẻ hay tháng 8,YEAH1 MUSIC,,,,,,,,,not_found,,,https://www.youtube.com/watch?v=Xs8Lh5GXJrA,house,nhaccuatui|nhac_vn|shazam|allmusic|qobuz|youtube,MISSING_ORIGINAL,HIGH
song_75c7f40afae780a3,Keith Urban - Blue Ain't Your Color (Official Music Video),Keith Urban,,,,,,,,,not_found,,,https://www.youtube.com/watch?v=SoIKv3xxuMA,country|alternative|indie|house,apple_music|zingmp3|nhac_vn,MISSING_ORIGINAL,HIGH
song_103296a3d653139f,Keith Urban - The Fighter ft. Carrie Underwood (Official Music Video),Keith Urban,,,,,,,,,not_found,,,https://www.youtube.com/watch?v=GzT4p-OaJ5c,country|alternative|indie|electronic,apple_music|zingmp3|youtube,MISSING_ORIGINAL,HIGH
song_c1a51123423c0509,Kendrick Lamar - A.D.H.D (Official Video),Top Dawg Entertainment,,,,,,,,,not_found,,,https://www.youtube.com/watch?v=QjlFqgRbICY,hip hop|rap,apple_music,MISSING_ORIGINAL,HIGH
song_51ae727444105c4c,Kenny Chesney - There Goes My Life (Official Video),Kenny Chesney,,,,,,,,,not_found,,,https://www.youtube.com/watch?v=xP-Sxfntdb4,country,apple_music|zingmp3,MISSING_ORIGINAL,HIGH
song_9cd939d23ae707fa,KEYO - TÒNG PHU | Cover Út Nhị Mino | Quá Khó Để Chăm Lo Một Người Con Gái,Út Nhị Mino Official,,,,,,,,,not_found,,,https://www.youtube.com/watch?v=0-eFjYY3FlY,rock,nhaccuatui,MISSING_ORIGINAL,LOW
song_7d04cd25c6613a32,"KEYO - TỪ TỪ THÔI | ""KHÁC"" ALBUM | Official Music Video",KEYO Official,,,,,,,,,not_found,,,https://www.youtube.com/watch?v=diPPKuGQpvI,electronic,web_search,MISSING_ORIGINAL,LOW
song_ab3b08d1eef08818,"Khi Cô Đơn Em Nhớ Ai (Lofi) (feat. Long Rex) (From ""Chill With Vicky Nhung - Season 2:...",Vicky Nhung,,,,,,,,,not_found,,,https://www.youtube.com/watch?v=ecrA2CGOOdQ,pop,apple_music,MISSING_ORIGINAL,HIGH
song_663d3effe6e4f7c1,Khiem - Anh Cũng Muốn Là Đứa Trẻ | OFFICIAL MV Lyrics,Khiem Official,,,,,,,,,not_found,,,https://www.youtube.com/watch?v=cYG-C3DsJDA,pop,apple_music,MISSING_ORIGINAL,HIGH
song_1c67e707d2200eaf,[KHOI MY TUBE] DON'T LEAVE ME _ KELVIN KHÁNH - TUẤN HI,Khởi My - Kelvin Khánh Official,,,,,,,,,not_found,,,https://www.youtube.com/watch?v=K7e2YbBwGRM,pop,apple_music,MISSING_ORIGINAL,HIGH
song_89f098adb7e31b92,[KHOI MY TUBE] TRẢI QUA _ KHỞI MY - PUDDING VŨ,Khởi My - Kelvin Khánh Official,,,,,,,,,not_found,,,https://www.youtube.com/watch?v=Hs0AOz2bX4c,pop,apple_music,MISSING_ORIGINAL,HIGH
song_bcede0ba1790f456,KHOI VU - YOU KNOW (OFFICIAL MUSIC VIDEO),Khoi Vu Official,,,,,,,,,not_found,,,https://www.youtube.com/watch?v=_kqhp2PwXQM,nhạc tôn giáo,zingmp3,MISSING_ORIGINAL,HIGH
song_a52e1863edb8e06f,KHOẢNH KHẮC MƯA RƠI - HÀ NHI | Music Video,Hà Nhi Official,,,,,,,,,not_found,,,https://www.youtube.com/watch?v=DkHW-EX0yhE,latin|v-pop|classical|romantic|k-pop|pop,apple_music|zingmp3|discogs|allmusic,MISSING_ORIGINAL,HIGH
song_eadb431f7cff15f5,Khu Tao Song - Wowy Karik (OFFICIAL VIDEO HD),Wowy,,,,,,,,,not_found,,,https://www.youtube.com/watch?v=es0e6GA-EIw,worldwide,apple_music,MISSING_ORIGINAL,HIGH
song_3e321035e08e0f77,Khác Biệt   HKT -  M The Five   Official MV,Zing MP3,,,,,,,,,not_found,,,https://www.youtube.com/watch?v=_Ci9HAjtWzk,pop,apple_music,MISSING_ORIGINAL,HIGH
song_752452c2a2f4b79d,KHÁCH KHÔNG MỜI - HOÀNG DUYÊN | OFFICIAL MV,DreamS Entertainment,,,,,,,,,not_found,,,https://www.youtube.com/watch?v=t01ZmizcR0M,v-pop,zingmp3,MISSING_ORIGINAL,HIGH
song_0406e9b422f407cd,Khám Phá,Various Artists,,,,,,,,,not_found,ZW6I7ZFW,https://zingmp3.vn/bai-hat/Kham-Pha-Buc-Tuong/ZW6I7ZFW.html,,traditional folk,apple_music,MISSING_ORIGINAL,HIGH
song_19264771c7311902,Khát Vọng,AC&amp;M,,,,,,,,,not_found,ZWZ9ZZ6E,https://zingmp3.vn/bai-hat/Khat-Vong-AC-M/ZWZ9ZZ6E.html,,pop,apple_music,MISSING_ORIGINAL,HIGH
song_b952c56453315514,Khát Vọng Tân Sinh Viên,"Isaac,Tran Thanh",,,,,,,,,not_found,ZW60B7C7,https://zingmp3.vn/bai-hat/Khat-Vong-Tan-Sinh-Vien-Isaac-Tran-Thanh/ZW60B7C7.html,,pop,apple_music,MISSING_ORIGINAL,HIGH
song_c0be2bc9d89d3d13,Khóc Cùng Em (Remix House),Orinn - Topic,,,,,,,,,not_found,,,https://www.youtube.com/watch?v=2BmarEvESp0,dangdut|rap,apple_music|nhaccuatui|nhac_vn|shazam|allmusic|qobuz|youtube,MISSING_ORIGINAL,HIGH
song_533f22f9852b3fa3,KHÓC CƯỜI - JUKY SAN | OFFICIAL MUSIC VIDEO,Juky San,,,,,,,,,not_found,,,https://www.youtube.com/watch?v=msHksfiFlxw,pop|v-pop|rap,apple_music|zingmp3|nhaccuatui|nhac_vn|shazam|allmusic|qobuz|youtube,MISSING_ORIGINAL,HIGH
song_554adf05172327f1,"Khói - Tháng 7 của anh, em và cô đơn (Lyric Video) | tas release",tas,,,,,,,,,not_found,,,https://www.youtube.com/watch?v=THTmDBtAlf4,blues|rap,apple_music|nhaccuatui|nhac_vn|allmusic|shazam|qobuz|youtube,MISSING_ORIGINAL,HIGH
song_63af526ecfdbecd0,Không Ai Hơn Em Đâu Anh (KAHEDA) - Tóc Tiên [Official Dance Version MV],Tóc Tiên,,,,,,,,,not_found,,,https://www.youtube.com/watch?v=sU4s65RAAKQ,pop,apple_music,MISSING_ORIGINAL,HIGH
song_f624182c328dd4c1,Không Bằng,Release - Topic,,,,,,,,,not_found,,,https://www.youtube.com/watch?v=6hhQU1MEMUo,rap việt,zingmp3,MISSING_ORIGINAL,HIGH
song_d966a28a2d747cae,Không Còn Đau,Lam Chan Khang,,,,,,,,,not_found,ZWZBW8D6,https://zingmp3.vn/bai-hat/Khong-Con-Dau-Lam-Chan-Khang/ZWZBW8D6.html,,pop|electronic,apple_music|allmusic,MISSING_ORIGINAL,HIGH
song_73536359ae8bf671,Không Cảm Xúc (Remix),H2O Remix - Topic,,,,,,,,,not_found,,,https://www.youtube.com/watch?v=QKA83tPOEQQ,electronic|dance việt,apple_music|zingmp3,MISSING_ORIGINAL,HIGH
song_2da8f4f53e948f3d,'không lời' | THIỀU BẢO TRÂM - MIU LÊ | Performance Video,Thiều Bảo Trâm Official,,,,,,,,,not_found,,,https://www.youtube.com/watch?v=NYbzvrOMpyU,v-pop|rock,zingmp3|shazam,MISSING_ORIGINAL,HIGH
song_d39a2c5b47795d09,KHÔNG PHẢI ĐỒ ĂN - THƯƠNG VÕ | Official Music Video,THƯƠNG VÕ OFFICIAL,,,,,,,,,not_found,,,https://www.youtube.com/watch?v=8LMVlG43C1Q,pop|v-pop|rock|folk|world|country|trữ tình|surf|easy listening|metal,apple_music|zingmp3|discogs|allmusic|shazam,MISSING_ORIGINAL,HIGH
song_0d4970ee28f5688a,KHÔNG PHẨY TÁM PHẦN TRĂM - VƯƠNG ANH TÚ | MUSIC VIDEO OFFICIAL,Vương Anh Tú Official,,,,,,,,,not_found,,,https://www.youtube.com/watch?v=OyYsPaRHrlA,v-pop|classical|house,zingmp3|youtube,MISSING_ORIGINAL,HIGH
song_877c507c7fa430f3,Không Quan Tâm | Chi Dân | Official Music Video,AVATAR Entertainment,,,,,,,,,not_found,,,https://www.youtube.com/watch?v=0cMQ5mPpj-Y,pop|v-pop|electronic|downtempo|ambient|alternative,apple_music|zingmp3|discogs|shazam,MISSING_ORIGINAL,HIGH
song_2ebf5b5ad28c2eb6,KHÔNG SAY - Cáu (ft THE DAN),Bật Đài,,,,,,,,,not_found,,,https://www.youtube.com/watch?v=ZcuoQ-Ad8iU,hip hop|rap,apple_music,MISSING_ORIGINAL,HIGH
song_b5cd10122b1e5e82,KHÔNG THỂ CÙNG NHAU SUỐT KIẾP - HOÀ MINZY (ft. MR. SIRO) | OFFICIAL MUSIC VIDEO,Hòa Minzy,,,,,,,,,not_found,,,https://www.youtube.com/watch?v=ayJY9ieBuEU,pop|v-pop,apple_music|zingmp3,MISSING_ORIGINAL,HIGH
song_63163e534b6acde0,Không Thể Quên | Tronie Ngô | Yeah1 Superstar | Nhạc trẻ hay chọn lọc,YEAH1 MUSIC,,,,,,,,,not_found,,,https://www.youtube.com/watch?v=2GBJCmXQ0Lk,electronic,youtube,MISSING_ORIGINAL,LOW
song_8aba42f8dd9bff7b,Không Yêu Xin Hãy Là Bạn,Phuong Thanh,,,,,,,,,not_found,ZWZ998BO,https://zingmp3.vn/bai-hat/Khong-Yeu-Xin-Hay-La-Ban-Phuong-Thanh/ZWZ998BO.html,,pop|folk|world|country|trữ tình|dance|ballad|v-pop,apple_music|discogs|nhac_vn|musicbrainz,MISSING_ORIGINAL,HIGH
song_77c010e70f2770b0,Khúc Hát Chim Trời (Karaoke),Thuy Tien,,,,,,,,,not_found,ZWZFOECE,https://zingmp3.vn/bai-hat/Khuc-Hat-Chim-Troi-Karaoke-Thuy-Tien/ZWZFOECE.html,,pop,apple_music,MISSING_ORIGINAL,HIGH
song_066260457c6f6efb,KHÚC HÁT MỪNG SINH NHẬT - PHAN ĐINH TÙNG ( OFFICIAL VIDEO),Phan Đinh Tùng,,,,,,,,,not_found,,,https://www.youtube.com/watch?v=Wu8NeFXaoOc,karaoke,apple_music,MISSING_ORIGINAL,HIGH
song_09ff451314c5b71c,Khúc Hát Mừng Sinh Nhật [Remix] - Phan Đinh Tùng [Full HD] - DJ.T-Bản Remix™,Nam Nguyễn Trọng,,,,,,,,,not_found,,,https://www.youtube.com/watch?v=F7L6-jvj_iM,african,apple_music,MISSING_ORIGINAL,HIGH
song_8eba90ef4aa2d2e9,Khúc Nhạc Tình,Anh Tuấn,,,,,,,,,not_found,ZWZ9ZZ9I,https://zingmp3.vn/bai-hat/Khuc-Nhac-Tinh-Anh-Tuan/ZWZ9ZZ9I.html,,pop|blues|folk|world|country|trữ tình,apple_music|discogs,MISSING_ORIGINAL,HIGH
song_47b716a2f8a6ceb4,KHÚC VƯƠNG TÌNH || CẦN VINH x LEE KEN || OFFICIAL MUSIC VIDEO,ECM SQUAD Official,,,,,,,,,not_found,,,https://www.youtube.com/watch?v=lrWDynnGYtA,edm việt,zingmp3,MISSING_ORIGINAL,HIGH
song_2bae01fb13b54e9f,KHƯỚC TỪ - HÀ NHI (Miêu Quý Tộc) ft ANH TÚ (Voi Bản Đôn) | Official Music Video,Hà Nhi Official,,,,,,,,,not_found,,,https://www.youtube.com/watch?v=a_WhIHcUcV4,v-pop,zingmp3,MISSING_ORIGINAL,HIGH
song_b714834b1f0d510f,Khước Từ (Solo Version),Hà Nhi Official,,,,,,,,,not_found,,,https://www.youtube.com/watch?v=1mtRm3gGSqs,pop|dance,apple_music|nhaccuatui,MISSING_ORIGINAL,HIGH
song_21f06137e99ad1ce,KHẢI ĐĂNG - MỘT VÒNG VIỆT NAM OFFICIAL MV (ĐÔNG THIÊN ĐỨC),Khải Đăng Official,,,,,,,,,not_found,,,https://www.youtube.com/watch?v=OmnKyh_LTtI,orchestral|v-pop,apple_music|zingmp3,MISSING_ORIGINAL,HIGH
song_d59aebd29c527cbe,Khắc Việt - Không Yêu Cũng Đừng Làm Bạn (Official MV),Zing MP3,,,,,,,,,not_found,,,https://www.youtube.com/watch?v=qeKEKwrXXxs,pop,apple_music,MISSING_ORIGINAL,HIGH
song_6a6787d3849bbc11,kidsai - GIAYPHUT (Official Audio),kidsai,,,,,,,,,not_found,,,https://www.youtube.com/watch?v=lwZ6mRpD62o,house,nhac_vn,MISSING_ORIGINAL,LOW
song_8409380c764004ce,"KIM PHÚT KIM GIỜ - HURRYKNG, HIEUTHUHAI, NEGAV, Pháp Kiều, Isaac ""đạp đổ"" hàng rào cảm xúc | ATSH",HURRYKNG,,,,,,,,,not_found,,,https://www.youtube.com/watch?v=Vdneo9r1rjw,v-pop,zingmp3,MISSING_ORIGINAL,HIGH
song_0ab79b09e955027c,Kina - Can We Kiss Forever? (ft. Adriana Proenza),the bootleg boy,,,,,,,,,not_found,,,https://www.youtube.com/watch?v=qz7tCZE_3wA,electronic|dance|alternative|pop|soul|country,zingmp3|nhaccuatui|nhac_vn|allmusic|shazam|qobuz|youtube,MISSING_ORIGINAL,HIGH
song_f01b7ac4bff817b6,Kiss - I Was Made For Lovin' You,KISS,,,,,,,,,not_found,,,https://www.youtube.com/watch?v=ZhIsAZO5gl0,hard rock|rock|pop rock,apple_music|discogs|nhaccuatui|nhac_vn|shazam|allmusic|qobuz|youtube,MISSING_ORIGINAL,HIGH
song_fe73e9605e378ffa,Kiếp Sau Nguyện Làm Một Đóa Sen - Nhạc Phật Giáo - Reii ♪ Nguyện kiếp sau thân ta là sen,LEE PHÚ QUÝ OFFICIAL,,,,,,,,,not_found,,,https://www.youtube.com/watch?v=ktY4UP25AOE,pop|alternative,apple_music|shazam,MISSING_ORIGINAL,HIGH
song_92faec7a5300a94f,KIẾP SAU VẪN MUỐN LẬP GIA ĐÌNH VỚI ANH | OANH TẠ  | THIÊN TÚ,Oanh Tạ official,,,,,,,,,not_found,,,https://www.youtube.com/watch?v=IBHA96LxkbU,pop|folk|world|country|ballad|trữ tình,discogs|allmusic,MISSING_ORIGINAL,HIGH
song_1cae7975536bff49,Kori - Bloom,HearWeGo,,,,,,,,,not_found,,,https://www.youtube.com/watch?v=4ubr8kxWuvE,nhật bản|pop|ballad|nhạc phim|electronic|country,zingmp3|allmusic|qobuz,MISSING_ORIGINAL,HIGH
song_215131d7ab7ecd16,Kẻ Thầm Lặng Bên Kia Đường,Eddykey,,,,,,,,,not_found,ZW60O7AE,https://zingmp3.vn/bai-hat/Ke-Tham-Lang-Ben-Kia-Duong-Eddykey/ZW60O7AE.html,,alternative,allmusic,MISSING_ORIGINAL,LOW
song_8b3372d30c18a0f7,Kết Thúc Một Tình Yêu,Trương Tấn Tài,Khác,zingmp3_api,https://zingmp3.vn/bai-hat/Ket-Thuc-Mot-Tinh-Yeu-Truong-Tan-Tai/MuiVOrHGgSoT.html,Kết Thúc Một Tình Yêu,Trương Tấn Tài,1.0,high,"[{""id"":""A6UHaAP1adyN"",""name"":""Khác"",""title"":""Khác"",""alias"":""khac"",""link"":""/the-loai-album/Khac/A6UHaAP1adyN.html""}]",found,Z77UEE0F,https://zingmp3.vn/bai-hat/Ket-Thuc-Mot-Tinh-Yeu-Truong-Tan-Tai/Z77UEE0F.html,,pop,apple_music,MISSING_ORIGINAL,HIGH
song_0ace3e86c667bed6,Kết Thúc | Nhật Kim Anh | Official MV,POPS MUSIC,,,,,,,,,not_found,,,https://www.youtube.com/watch?v=UHBbBU4l6u4,pop,apple_music,MISSING_ORIGINAL,HIGH
song_e617611ac4ad63e7,Labrinth & Zendaya - I'm Tired (From “Euphoria” An HBO Original Series – Lyric Video),Labrinth,,,,,,,,,not_found,,,https://www.youtube.com/watch?v=ZFe55-p7XJc,pop|nhạc phim|rap,apple_music|zingmp3|nhac_vn,MISSING_ORIGINAL,HIGH
song_b85ebc0f6bb15e20,Lac Nhau Co Phai Muon Doi (Music From “Cho Em Den Ngay Mai”),ERIK from ST.319 - Topic,,,,,,,,,not_found,,,https://www.youtube.com/watch?v=vq0s-HgBix8,pop,apple_music,MISSING_ORIGINAL,HIGH
song_6274213c864a441c,Laila! - Not My Problem (Official Music Video),Laila!,,,,,,,,,not_found,,,https://www.youtube.com/watch?v=AUf2n2R4fI8,pop,zingmp3,MISSING_ORIGINAL,HIGH
song_6254247cde704e43,LALALA - Charmy Pham | Official Music Video,Hương Tràm Charmy pham,,,,,,,,,not_found,,,https://www.youtube.com/watch?v=IEAoRI2l13Q,instrumental,qobuz,MISSING_ORIGINAL,LOW
song_2f141d0afdeb3b9f,LAMOON - MỘT MÌNH ft LÝ ANH KHOA | OFFICIAL MUSIC VIDEO,LAMOON,,,,,,,,,not_found,,,https://www.youtube.com/watch?v=6IvYsgAvc7A,pop,apple_music,MISSING_ORIGINAL,HIGH
song_277058dd8df77643,Lazarus - Magnetic Flower,HearWeGo,,,,,,,,,not_found,,,https://www.youtube.com/watch?v=YvScsMxYODU,pop,shazam,MISSING_ORIGINAL,LOW
song_62e12cc15537dbf3,Lazarus Moment - Cold Dawn,HearWeGo,Âu Mỹ,zingmp3_title_artist_search,https://zingmp3.vn/bai-hat/Cold-Dawn-Stephen-Fearing/ISJan4jrImKf.html,Cold Dawn,Stephen Fearing,0.859,low,"[{""id"":""q3564DMx4CZN"",""name"":""Âu Mỹ"",""title"":""Âu Mỹ"",""alias"":""au-my"",""link"":""/the-loai-album/Au-My/q3564DMx4CZN.html""}]; title_score=1.000; artist_score=0.435",found_needs_review,,,https://www.youtube.com/watch?v=O_8HhKU1chQ,country,youtube,MISSING_ORIGINAL,LOW
song_7ed65cd10cf39657,Lee Ann Womack - I Hope You Dance (Official Music Video),Lee Ann Womack,,,,,,,,,not_found,,,https://www.youtube.com/watch?v=RV-Z1YwaOiw,country|classical,apple_music|zingmp3|nhaccuatui|shazam|nhac_vn|allmusic|qobuz|youtube,MISSING_ORIGINAL,HIGH
song_65eda99bd2310634,Lee Brice - Hard To Love (Official Music Video),Lee Brice,,,,,,,,,not_found,,,https://www.youtube.com/watch?v=WtFwuPnzidE,songwriter|country|classical,apple_music|zingmp3|nhaccuatui|nhac_vn|shazam|allmusic|qobuz|youtube,MISSING_ORIGINAL,HIGH
song_4fc1582297947b8c,Lee Brice - One of Them Girls (Official Music Video),Lee Brice,,,,,,,,,not_found,,,https://www.youtube.com/watch?v=CpkZfkxdj2c,country|classical,apple_music|zingmp3|nhaccuatui|nhac_vn|allmusic|shazam|qobuz|youtube,MISSING_ORIGINAL,HIGH
song_165a0c0f8cce6170,Lee Brice - Rumor,Lee Brice,,,,,,,,,not_found,,,https://www.youtube.com/watch?v=ObptpVRe6ek,country|classical,apple_music|zingmp3|nhaccuatui|nhac_vn|shazam|allmusic|qobuz|youtube,MISSING_ORIGINAL,HIGH
song_3aa23a979fa6f3ef,Lena - ONLY ME // OFFICIAL MV,Lena Official,Âu Mỹ,zingmp3_title_artist_search,https://zingmp3.vn/bai-hat/Lena-Cecil-Taylor/6WLD0bMMhLlI.html,Lena,Cecil Taylor,0.85,low,"[{""id"":""q3564DMx4CZN"",""name"":""Âu Mỹ"",""title"":""Âu Mỹ"",""alias"":""au-my"",""link"":""/the-loai-album/Au-My/q3564DMx4CZN.html""}]; title_score=1.000; artist_score=0.400",found_needs_review,,,https://www.youtube.com/watch?v=CR8HedGUjag,gospel|v-pop|jazz|soul-jazz,apple_music|zingmp3|discogs,MISSING_ORIGINAL,HIGH
song_9657dfef2bed8d87,Letter to Myself,Nina Young - Topic,Khác,zingmp3_title_artist_search,https://zingmp3.vn/bai-hat/A-Letter-to-Myself-Young-Lowg/a7416u9zV5hi.html,A Letter to Myself,Young Lowg,0.84,low,"[{""id"":""A6UHaAP1adyN"",""name"":""Khác"",""title"":""Khác"",""alias"":""khac"",""link"":""/the-loai-album/Khac/A6UHaAP1adyN.html""}]; title_score=0.941; artist_score=0.538",found_needs_review,,,https://www.youtube.com/watch?v=G3wo84dXKv8,dance|hàn quốc|pop|ballad|jazz|soul|vocal,apple_music|zingmp3|discogs,MISSING_ORIGINAL,HIGH
song_9fdfb2d304e35f65,Leviro - One Track Mind (feat. LIZ LUNE),We Are Diamond,,,,,,,,,not_found,,,https://www.youtube.com/watch?v=mM9bXnDx5vE,rock,allmusic,MISSING_ORIGINAL,LOW
song_49942c6f45ac5bcc,Lewis Capaldi - Before You Go (Official Video),Lewis Capaldi,,,,,,,,,not_found,,,https://www.youtube.com/watch?v=Jtauh8GcxBY,alternative,apple_music|zingmp3,MISSING_ORIGINAL,HIGH
song_b81044c9112af724,Lewis Capaldi - Wish You The Best (Official Video),Lewis Capaldi,,,,,,,,,not_found,,,https://www.youtube.com/watch?v=QZLxVvLyKTo,alternative|blues,apple_music|zingmp3|qobuz,MISSING_ORIGINAL,HIGH
song_db9792adc40aa466,LEXXY - 'BẬT ĐÈN XANH' OFFICIAL MV,LEXXY Official,,,,,,,,,not_found,,,https://www.youtube.com/watch?v=s5zZ2N5GQD8,pop|experimental,apple_music|nhaccuatui,MISSING_ORIGINAL,HIGH
song_76d5006675c79940,Liam Thomas - A Touch Of Light,HearWeGo,,,,,,,,,not_found,,,https://www.youtube.com/watch?v=jOFVpYp_5NM,pop,nhaccuatui|shazam|allmusic|nhac_vn|qobuz|youtube,MISSING_ORIGINAL,HIGH
song_3c04d53c56976cc6,Liam Thomas - No Time,HearWeGo,,,,,,,,,not_found,,,https://www.youtube.com/watch?v=QVwZmQkJ6Sw,pop,nhaccuatui|nhac_vn|shazam|allmusic|qobuz|youtube,MISSING_ORIGINAL,HIGH
song_69365022875bc746,Liam Thomas x Taylormade - Beyond,HearWeGo,,,,,,,,,not_found,,,https://www.youtube.com/watch?v=HMQsg-dUDUw,pop,nhaccuatui|nhac_vn|shazam|allmusic|qobuz|youtube,MISSING_ORIGINAL,HIGH
song_8c2b8324d1c7e1ce,LiL Z - KẺ ĐIÊN TIN VÀO TÌNH YÊU | ( Official MV ),Lil Z Poet,,,,,,,,,not_found,,,https://www.youtube.com/watch?v=JKwO77UUEYk,jazz|funk,qobuz,MISSING_ORIGINAL,LOW
song_c0e0dc5705b3a614,Linkin Park - Castle of Glass,greenblood998,,,,,,,,,not_found,,,https://www.youtube.com/watch?v=RRGSHvlu9Ss,rock,zingmp3,MISSING_ORIGINAL,HIGH
song_ec2b7df0c556d1d2,LIP B l ANH ƠI ANH À l FT H.H.N | OFFICIAL MV,Lip B,,,,,,,,,not_found,,,https://www.youtube.com/watch?v=_9974Vjr5ZU,pop,apple_music,MISSING_ORIGINAL,HIGH
song_1a14ebba4990da9d,LISA - BORN AGAIN feat. Doja Cat & RAYE (Official Music Video),LLOUD Official,,,,,,,,,not_found,,,https://www.youtube.com/watch?v=kbEC-AGr9n0,k-pop,nhaccuatui|nhac_vn|shazam|allmusic|qobuz|youtube,MISSING_ORIGINAL,HIGH
song_830918ce3c74dd23,LISA - NEW WOMAN feat. Rosalía (Official Music Video),LLOUD Official,,,,,,,,,not_found,,,https://www.youtube.com/watch?v=UxXY_hR_wzo,k-pop,nhaccuatui|nhac_vn|shazam|allmusic|qobuz|youtube,MISSING_ORIGINAL,HIGH
song_5512cc223c810d3a,LISA - ROCKSTAR (Official Music Video),LLOUD Official,,,,,,,,,not_found,,,https://www.youtube.com/watch?v=hbcGx4MGUMg,k-pop,apple_music|nhaccuatui|nhac_vn|shazam|allmusic|qobuz|youtube,MISSING_ORIGINAL,HIGH
song_56d2f5c1883cf810,Little Big Town - Pontoon (Official Music Video),Little Big Town,,,,,,,,,not_found,,,https://www.youtube.com/watch?v=V0O0nzkESTI,country,zingmp3,MISSING_ORIGINAL,HIGH
song_b3f2bb5c8c6d94a6,LITTLE LOVE (BUT NO LIMIT) - PHƯƠNG LY | OFFICIAL MUSIC VIDEO,Phuong Ly Official,,,,,,,,,not_found,,,https://www.youtube.com/watch?v=8iX5XtfqwHU,b việt,zingmp3,MISSING_ORIGINAL,HIGH
song_f6b4a1f38e298404,Liu Grace - Chìll Ý Em (Official Animated Video),Liu Grace,,,,,,,,,not_found,,,https://www.youtube.com/watch?v=jdQ9Yb937kA,hip hop|rap|v-pop,apple_music|zingmp3,MISSING_ORIGINAL,HIGH
song_98b1d9b4b1120db9,Lizzy McAlpine - ceilings (official video),Lizzy McAlpine,,,,,,,,,not_found,,,https://www.youtube.com/watch?v=2bpMSpFTdzM,alternative|pop,apple_music|youtube,MISSING_ORIGINAL,HIGH
song_b069058af9145ed8,Liên Khúc Cõi Nhớ Đừng Nhắc Chuyện Lòng,Lưu Ánh Loan,,,,,,,,,not_found,Z6IBZZDI,https://zingmp3.vn/bai-hat/Lien-Khuc-Coi-Nho-Dung-Nhac-Chuyen-Long-Luu-Anh-Loan/Z6IBZZDI.html,,pop,apple_music,MISSING_ORIGINAL,HIGH
song_2021322d191bd9f7,Liên Khúc： Không Còn Mùa Thu & Mưa Phi Trường,Thu Phuong,,,,,,,,,not_found,ZW6O70IZ,https://zingmp3.vn/bai-hat/Lien-Khuc-Khong-Con-Mua-Thu-Mua-Phi-Truong-Viet-Anh-Thu-Phuong/ZW6O70IZ.html,,pop,apple_music,MISSING_ORIGINAL,HIGH
song_e890a31c719441ce,Liên Khúc Vị Ngọt Đôi Môi,Thanh Thao,,,,,,,,,not_found,ZWZAA8EI,https://zingmp3.vn/bai-hat/Lien-Khuc-Vi-Ngot-Doi-Moi-Thanh-Thao/ZWZAA8EI.html,,pop,apple_music,MISSING_ORIGINAL,HIGH
song_ae411caac2231d74,LK Giếng Làng - Ôi Quê Tôi,Thu Phương,,,,,,,,,not_found,ZW780C7E,https://zingmp3.vn/bai-hat/LK-Gieng-Lang-Oi-Que-Toi-Thu-Phuong/ZW780C7E.html,,rap,nhaccuatui|nhac_vn|shazam|allmusic|qobuz|youtube,MISSING_ORIGINAL,HIGH
song_c968963da00690d7,LK： Màu Xanh Kỷ Niệm,"Tuan Quang,Hong Phuong",,,,,,,,,not_found,ZW669O87,https://zingmp3.vn/bai-hat/LK-Mau-Xanh-Ky-Niem-Tuan-Quang-Hong-Phuong/ZW669O87.html,,pop|rap,apple_music|nhaccuatui|nhac_vn|allmusic|qobuz|shazam|youtube,MISSING_ORIGINAL,HIGH
song_12727ef667deb3de,LK Xuân Đã Về - Ngày Tết Quê Em,Đinh Quốc Anh,,,,,,,,,not_found,ZW6FOCOD,https://zingmp3.vn/bai-hat/LK-Xuan-Da-Ve-Ngay-Tet-Que-Em-Dinh-Quoc-Anh/ZW6FOCOD.html,,worldwide|rap,apple_music|nhaccuatui|nhac_vn|allmusic|shazam|qobuz|youtube,MISSING_ORIGINAL,HIGH
song_7c619bb3659ee0ec,"🌅 Lofi Hip Hop (Royalty Free Music) - ""DORILA Y MELLO"" by Popoi 🇵🇦",BreakingCopyright — Royalty Free Music,,,,,,,,,not_found,,,https://www.youtube.com/watch?v=wfybL6t-1BQ,instrumental,apple_music,MISSING_ORIGINAL,HIGH
song_b6684d034842bcb4,♬Lofi Lyrics/ Cô đơn dành cho ai - Lee Ken x Nal,meChill Music,,,,,,,,,not_found,,,https://www.youtube.com/watch?v=0-N3smdam4s,country,nhac_vn,MISSING_ORIGINAL,LOW
song_27436a2a3c56030b,"🍇 Lofi & Relax (Free Music) - ""STRANDED"" by @PurrpleCat 🇺🇸",BreakingCopyright — Royalty Free Music,,,,,,,,,not_found,,,https://www.youtube.com/watch?v=Q7-s4qWlYFM,alternative,youtube,MISSING_ORIGINAL,LOW
song_20691aa3ff762fed,Lollipop | Bảo Thy ft FOE | Official MV | Nhạc trẻ 2016 | Yeah1 Music,YEAH1 MUSIC,Khác,zingmp3_title_artist_search,https://zingmp3.vn/bai-hat/Lollipop-NDroid-Music/BoAWAs7KV4PZ.html,Lollipop,NDroid Music,0.88,medium,"[{""id"":""A6UHaAP1adyN"",""name"":""Khác"",""title"":""Khác"",""alias"":""khac"",""link"":""/the-loai-album/Khac/A6UHaAP1adyN.html""}]; title_score=1.000; artist_score=0.522",found_needs_review,,,https://www.youtube.com/watch?v=lmUT-xQtpgw,pop,nhaccuatui|nhac_vn|shazam|allmusic|qobuz|youtube,MISSING_ORIGINAL,HIGH
song_0bc7e5734ac80aaa,'Lonesome Journey' by @KeysofMoonMusic  🇺🇸 | Melancholic Piano Music (No Copyright) 🙁,BreakingCopyright — Royalty Free Music,,,,,,,,,not_found,,,https://www.youtube.com/watch?v=p5cWMxzzMdA,country,nhaccuatui|nhac_vn|shazam|allmusic|qobuz|youtube,MISSING_ORIGINAL,HIGH
song_0b098a37804939f0,LONG NÓN LÁ | TÂM GIAO | OFFICIAL MUSIC VIDEO,Long Nón Lá,,,,,,,,,not_found,,,https://www.youtube.com/watch?v=s-lY9BEAnUM,folk|world|country,discogs,MISSING_ORIGINAL,HIGH
song_66b9085a60ccd8a9,Looking for You,Novino - Topic,,,,,,,,,not_found,,,https://www.youtube.com/watch?v=MJFCKihSOAQ,dance|v-pop,apple_music|zingmp3,MISSING_ORIGINAL,HIGH
song_ad2692e7ba238675,Lorde - What Was That,Lorde,,,,,,,,,not_found,,,https://www.youtube.com/watch?v=1UpoZpMBM9Y,pop|alt-pop,apple_music|zingmp3|discogs,MISSING_ORIGINAL,HIGH
song_f40b5bdad70b5f50,LOU HOÀNG - BẮT CÓC CON TIM (Official MV) ft. OnlyC Pro.,Lou Hoàng OFFICIAL,,,,,,,,,not_found,,,https://www.youtube.com/watch?v=22XC-3Q-rRA,v-pop,zingmp3,MISSING_ORIGINAL,HIGH
song_8564a3504c87e159,LOU HOÀNG - NGÀY ĐẸP TRỜI ĐỂ NÓI CHIA TAY (Official Music Video),Lou Hoàng OFFICIAL,,,,,,,,,not_found,,,https://www.youtube.com/watch?v=0xAW6MAT_Wo,pop|v-pop|house,apple_music|zingmp3|youtube,MISSING_ORIGINAL,HIGH
song_0e27195cf4cf15f6,Love Like You | Đông Nhi | Official MV | Nhạc Trẻ 2016,YEAH1 MUSIC,Âu Mỹ,zingmp3_title_artist_search,https://zingmp3.vn/bai-hat/Love-Like-You-Sovereign-Grace-Music/Xa1uEAhqIz2G.html,Love Like You,Sovereign Grace Music,0.875,low,"[{""id"":""q3564DMx4CZN"",""name"":""Âu Mỹ"",""title"":""Âu Mỹ"",""alias"":""au-my"",""link"":""/the-loai-album/Au-My/q3564DMx4CZN.html""}]; title_score=1.000; artist_score=0.500",found_needs_review,,,https://www.youtube.com/watch?v=f85IVZ-AyUk,spoken word,apple_music,MISSING_ORIGINAL,HIGH
song_09fd2b3bb05713db,"Love You, Hate You | Hari Won ft. Tiến Đạt | Official Music",YEAH1 MUSIC,,,,,,,,,not_found,,,https://www.youtube.com/watch?v=YSBwa-3BZrY,rock|metal|groove metal,discogs,MISSING_ORIGINAL,HIGH
song_668aac3dd3377df4,Luca - Be Alive (feat. Nokyo),We Are Diamond,,,,,,,,,not_found,,,https://www.youtube.com/watch?v=t1kZq7zbDMo,electronic|eurodance|tech house,discogs,MISSING_ORIGINAL,HIGH
song_f829dbb10546d85d,Lukas Graham - Happy For You (feat. Vũ.) Performance Video,Vũ Official,,,,,,,,,not_found,,,https://www.youtube.com/watch?v=mf4upAPwHEo,pop,apple_music,MISSING_ORIGINAL,HIGH
song_161b9db440f541c4,Luke Bryan - Country Girl (Shake It For Me) (Official Music Video),Luke Bryan,,,,,,,,,not_found,,,https://www.youtube.com/watch?v=7HX4SfnVlP4,country,apple_music|zingmp3,MISSING_ORIGINAL,HIGH
song_02906f2fba3f0aaf,Luke Bryan - Crash My Party (Official Music Video),Luke Bryan,,,,,,,,,not_found,,,https://www.youtube.com/watch?v=1WEpLzsdEeY,country,apple_music|zingmp3,MISSING_ORIGINAL,HIGH
song_e84a56f90fa7aa1a,"Luke Bryan - Huntin’, Fishin’, And Lovin’ Every Day (Official Music Video)",Luke Bryan,,,,,,,,,not_found,,,https://www.youtube.com/watch?v=6l3ukWqRU4s,country,apple_music|zingmp3,MISSING_ORIGINAL,HIGH
song_788c706466eeee19,Luke Bryan - One Margarita (Official Music Video),Luke Bryan,,,,,,,,,not_found,,,https://www.youtube.com/watch?v=YEq-cvq_cK4,country,apple_music|zingmp3,MISSING_ORIGINAL,HIGH
song_ed252a4858a8fe13,Luke Bryan - Strip It Down (Official Music Video),Luke Bryan,,,,,,,,,not_found,,,https://www.youtube.com/watch?v=G2BWyY4B36Y,country,apple_music|zingmp3,MISSING_ORIGINAL,HIGH
song_fd016ef2ba33143d,Luke Bryan - That's My Kind Of Night (Official Music Video),Luke Bryan,,,,,,,,,not_found,,,https://www.youtube.com/watch?v=crCqWK3SmRo,country,apple_music|zingmp3,MISSING_ORIGINAL,HIGH
song_c2201359305ba9c9,Luke Combs - One Number Away,Luke Combs,,,,,,,,,not_found,,,https://www.youtube.com/watch?v=Ct9BFr9XBaI,country|pop|folk|world|country rock,apple_music|zingmp3|discogs,MISSING_ORIGINAL,HIGH
song_4e44e0635f7ea29a,Luke Combs - She Got the Best of Me (Official Video),Luke Combs,,,,,,,,,not_found,,,https://www.youtube.com/watch?v=a2a9fgPI_PI,country,apple_music,MISSING_ORIGINAL,HIGH
song_492497ea8445d83d,Luke Combs - The Kind of Love We Make (Official Music Video),Luke Combs,,,,,,,,,not_found,,,https://www.youtube.com/watch?v=x8Mc8Pbl06g,country,apple_music|zingmp3,MISSING_ORIGINAL,HIGH
song_e8eaec3e3190cd34,Luke Combs - When It Rains It Pours (Official Video),Luke Combs,,,,,,,,,not_found,,,https://www.youtube.com/watch?v=uXyxFMbqKYA,alternative|country,apple_music|zingmp3,MISSING_ORIGINAL,HIGH
song_9a06750e10696dd4,Lung Lay | OSAD - Official Music Video,OSAD Official,,,,,,,,,not_found,,,https://www.youtube.com/watch?v=72yLciLbhs4,v-pop|hip hop,zingmp3|discogs,MISSING_ORIGINAL,HIGH
song_612b2bb231997ba2,LUẬT HẤP DẪN - LOHAN (prod. 1BillionRecords) | OFFICIAL MUSIC VIDEO,Lohan Official,Khác,zingmp3_title_artist_search,https://zingmp3.vn/bai-hat/Lohan-2LL-OFC/kqcfUfGaBATw.html,Lohan,2LL OFC,0.869,low,"[{""id"":""A6UHaAP1adyN"",""name"":""Khác"",""title"":""Khác"",""alias"":""khac"",""link"":""/the-loai-album/Khac/A6UHaAP1adyN.html""}]; title_score=1.000; artist_score=0.476",found_needs_review,,,https://www.youtube.com/watch?v=PpoAKs8DwIc,v-pop,zingmp3,MISSING_ORIGINAL,HIGH
song_3da8b464acec9f2f,LyHan - Nhân Danh Tình Yêu,LyHan Official,,,,,,,,,not_found,,,https://www.youtube.com/watch?v=n0J9WfZprXg,pop|v-pop,apple_music|zingmp3,MISSING_ORIGINAL,HIGH
song_677d788d5335f735,Lyly x Hứa Kim Tuyền - Vì Làn Hương Ấy | Official Music Video,LyLy Official,,,,,,,,,not_found,,,https://www.youtube.com/watch?v=7s1HDC9Rufk,nhạc trẻ|pop,nhaccuatui|shazam|nhac_vn|allmusic|qobuz|youtube,MISSING_ORIGINAL,HIGH
song_b96d2317755a5509,Lynk Lee - Cô gái nông thôn ft NQP (OFFICIAL MV),Lynk Lee,,,,,,,,,not_found,,,https://www.youtube.com/watch?v=8n4Wx_TLXog,v-pop,zingmp3,MISSING_ORIGINAL,HIGH
song_ccf2a9136b9d76c7,LYNK LEE | MỈM CƯỜI MÀ KHÓC TRONG LÒNG | OFFICIAL MV,Lynk Lee,,,,,,,,,not_found,,,https://www.youtube.com/watch?v=Om83TMMO58w,worldwide|v-pop,apple_music|zingmp3,MISSING_ORIGINAL,HIGH
song_635ca51f19ebab50,Lynk Lee - Tạm biệt nhé ft. Phúc Bằng (Official MV),Lynk Lee,,,,,,,,,not_found,,,https://www.youtube.com/watch?v=6dbUgMD1vxU,soul|v-pop,apple_music|zingmp3,MISSING_ORIGINAL,HIGH
song_8a64f1d8d9d4cc6f,[LYRIC] SAO EM VÔ TÌNH | JACK x K-ICM ft. LIAM,ICM RECORDS,,,,,,,,,not_found,,,https://www.youtube.com/watch?v=sdEU-t3uEM4,trữ tình|nhạc trẻ,nhaccuatui|shazam|nhac_vn|allmusic|qobuz|youtube,MISSING_ORIGINAL,HIGH
song_efa0dd1384ed363e,(Lyric Video) Cơn Mưa Cuối - JustaTee x Binz,JustaTeeMusic,,,,,,,,,not_found,,,https://www.youtube.com/watch?v=-esiEI4HTdk,trữ tình|nhạc trẻ,nhaccuatui|nhac_vn|shazam|allmusic|qobuz|youtube,MISSING_ORIGINAL,HIGH
song_d591baf3a4221eca,Lyrics || Không Cần (Cover) - the SHEEP,Jen Hoang,,,,,,,,,not_found,,,https://www.youtube.com/watch?v=afp6CrtPnJo,trữ tình|nhạc trẻ,nhaccuatui|nhac_vn|shazam|allmusic|qobuz|youtube,MISSING_ORIGINAL,HIGH
song_8bcd5f0c14b2ce39,Lyrics || Nước Mắt Em Lau Bằng Tình Yêu Mới - Da LAB ft. Tóc Tiên || TYM Reach,TYM,,,,,,,,,not_found,,,https://www.youtube.com/watch?v=EARYee1BIas,worldwide|electronic|breaks|trữ tình|nhạc trẻ,apple_music|discogs|nhaccuatui|shazam|nhac_vn|allmusic|qobuz|youtube,MISSING_ORIGINAL,HIGH
song_5499db9771a594a7,Lyrics || YÊU 5 - Rhymastic,Jen Hoang,,,,,,,,,not_found,,,https://www.youtube.com/watch?v=y576-ONm5II,trữ tình|nhạc trẻ,nhaccuatui|nhac_vn|shazam|allmusic|qobuz|youtube,MISSING_ORIGINAL,HIGH
song_93504e75aad64959,[Lyrics]  Yêu em dại khờ | Lou Hoàng,Trộm ♬,,,,,,,,,not_found,,,https://www.youtube.com/watch?v=PtBPYUkBwHQ,v-pop,zingmp3,MISSING_ORIGINAL,HIGH
song_b2e8b33aa0b9bcd4,Là Ai Mang Nắng Đi Xa - Yang | MV Lyrics HD,Orinn SC,,,,,,,,,not_found,,,https://www.youtube.com/watch?v=QMpDF4opxyQ,soul,nhac_vn,MISSING_ORIGINAL,LOW
song_66cf479a0ca23012,Là Anh,PHẠM LỊCH,,,,,,,,,not_found,,,https://www.youtube.com/watch?v=buPlpGsuti4,pop|v-pop,apple_music|zingmp3,MISSING_ORIGINAL,HIGH
song_cbd59e556aa0cebe,LÀ BẠN KHÔNG THỂ YÊU | LOU HOÀNG | OFFICIAL MV,OnlyC Production,,,,,,,,,not_found,,,https://www.youtube.com/watch?v=I8SqPRZ8OzE,v-pop,zingmp3,MISSING_ORIGINAL,HIGH
song_5f059eb35c193836,Là Em Đó - Văn Mai Hương [Official],POPS MUSIC,,,,,,,,,not_found,,,https://www.youtube.com/watch?v=PGUbTY_gkJY,pop,apple_music,MISSING_ORIGINAL,HIGH
song_98002acad49963ca,"LÀM NHƯ MÌNH HAY HO - OFFICIAL MV | Miu Lê ft. Huỳnh James, Pjnboys",Miu Lê Official,,,,,,,,,not_found,,,https://www.youtube.com/watch?v=cLcTnI9J4DM,hip hop|rap|rap việt,apple_music|zingmp3,MISSING_ORIGINAL,HIGH
song_fc6a505a5253d0a6,Làm Sao Em Biết,Cáº©m Ly,,,,,,,,,not_found,ZWZ9Z9I7,https://zingmp3.vn/bai-hat/Lam-Sao-Em-Biet-Cam-Ly/ZWZ9Z9I7.html,,pop,apple_music,MISSING_ORIGINAL,HIGH
song_72a979728b905c84,Làm Đẹp - Vĩnh Thuyên Kim [Official],POPS MUSIC,,,,,,,,,not_found,,,https://www.youtube.com/watch?v=hRkRfNX4JeE,pop,apple_music,MISSING_ORIGINAL,HIGH
song_6dd8975fa938e283,Làng Tôi,AC&amp;M,,,,,,,,,not_found,ZWZ9ZZ6D,https://zingmp3.vn/bai-hat/Lang-Toi-AC-M/ZWZ9ZZ6D.html,,pop,nhaccuatui|nhac_vn|shazam|allmusic|qobuz|youtube,MISSING_ORIGINAL,HIGH
song_c175385b021aaab6,Lâng Lâng - OSAD | Official Music Video,OSAD Official,,,,,,,,,not_found,,,https://www.youtube.com/watch?v=wH_bt6Fn2Fs,rap|rap việt,apple_music|zingmp3,MISSING_ORIGINAL,HIGH
song_a52db02d42609cde,Lâu Lâu Nhắc Lại,Hà Nhi Official,,,,,,,,,not_found,,,https://www.youtube.com/watch?v=vTVvS7cXTNY,pop|v-pop,apple_music|zingmp3,MISSING_ORIGINAL,HIGH
song_b9c35de8f8149f48,LÂU LÂU NHẮC LẠI | Hà Nhi ft Khói | Official Music Video,Hà Nhi Official,,,,,,,,,not_found,,,https://www.youtube.com/watch?v=_fghQ0axjSo,pop|folk|world|country|ballad|trữ tình,discogs,MISSING_ORIGINAL,HIGH
song_8cd5d133b0392c87,Lý Do Thật Sự Khởi My & Kelvin Khánh Kết Hôn,POPS MUSIC,,,,,,,,,not_found,,,https://www.youtube.com/watch?v=fKIdjUMnxWM,pop,apple_music,MISSING_ORIGINAL,HIGH
song_f1ec6dac31993457,Lưng Chừng Hạnh Phúc - Bảo Thy [Official],POPS MUSIC,,,,,,,,,not_found,,,https://www.youtube.com/watch?v=hyh1BFCmZoI,pop|alternative,apple_music|nhac_vn,MISSING_ORIGINAL,HIGH
song_5e42fb8e1e02718a,Lưu Hương Giang - Đừng Ngoảnh Lại (feat. Suboi & Cường Seven) (Official Music Video),Film Ninja Productions,,,,,,,,,not_found,,,https://www.youtube.com/watch?v=yESQ4Fzq9_o,pop,apple_music,MISSING_ORIGINAL,HIGH
song_3043881c7feb631e,Lưu Số Em Đi ( HUVA Remix ) - Huỳnh Văn x Vũ Phụng Tiên | Nhạc Trẻ Remix Hot TikTok Hay Nhất 2021,HUVA Remix,,,,,,,,,not_found,,,https://www.youtube.com/watch?v=hiBsdIXThQM,v-pop,zingmp3,MISSING_ORIGINAL,HIGH
song_12a269229d3a557e,"Lướt Trên Con Xe - Cường Seven ft. Blacka (Prod. Lomax , Bill Huynh )",Cường Seven Official,,,,,,,,,not_found,,,https://www.youtube.com/watch?v=VcbU0HvIqUY,dance|edm việt|j-pop|pop,apple_music|zingmp3|nhac_vn,MISSING_ORIGINAL,HIGH
song_110422ffe5fdbab4,Lạ Lùng,Vũ Official,,,,,,,,,not_found,,,https://www.youtube.com/watch?v=TD7hBpbF83s,pop|v-pop|jazz|funk|soul|ballad|easy listening|indie,apple_music|zingmp3|discogs|nhaccuatui|nhac_vn|shazam|allmusic|qobuz|youtube,MISSING_ORIGINAL,HIGH
song_6bd0395f3c716541,LẠ LÙNG / Vũ. (Original),Vũ Official,,,,,,,,,not_found,,,https://www.youtube.com/watch?v=F5tS5m86bOI,pop,apple_music,MISSING_ORIGINAL,HIGH
song_d580667a74ce5eae,Lạc Giữa Nhân Gian - Official Music Video | Ngô Kiến Huy,Ngô Kiến Huy,,,,,,,,,not_found,,,https://www.youtube.com/watch?v=wTqujOK0Yb8,pop|v-pop|electronic,apple_music|zingmp3|shazam,MISSING_ORIGINAL,HIGH
song_75929473878f9da0,LẠC - Rhymastic (Lyrics Video),Rhymastic Official,,,,,,,,,not_found,,,https://www.youtube.com/watch?v=5vBp9OPkIrE,rap việt|alternative,zingmp3|qobuz,MISSING_ORIGINAL,HIGH
song_c3bf8eba28846403,Lấy Chồng Dê OST / Nhạc phim cổ tích Lấy Chồng Dê,Co Tich,,,,,,,,,not_found,,,https://www.youtube.com/watch?v=j5iw6e9i-qI,pop,apple_music,MISSING_ORIGINAL,HIGH
song_7cc97728169b4525,Lấy Chồng Sớm Làm Gì (feat. Tuấn Cry) (Ballad Version),HuyR,,,,,,,,,not_found,,,https://www.youtube.com/watch?v=gsrekmQISSk,pop|v-pop|country,apple_music|zingmp3|nhaccuatui,MISSING_ORIGINAL,HIGH
song_e6c564c35f50207a,LẦN HẸN HÒ ĐẦU TIÊN,Huyền Tâm Môn Official,,,,,,,,,not_found,,,https://www.youtube.com/watch?v=TNMmzx7cXWI,soul,apple_music,MISSING_ORIGINAL,HIGH
song_aec229653a61aa5a,"LẮM MỐI TỐI NẰM KHÔNG - Châu Ngọc Tiên , Lê Dương Bảo Lâm | MV Dance Version",Châu Ngọc Tiên Official,,,,,,,,,not_found,,,https://www.youtube.com/watch?v=k18KReL63ks,v-pop,zingmp3,MISSING_ORIGINAL,HIGH
song_6aeb222e5bd193fa,Lệ Lưu Ly (Lofi Version),NH4T Music - Topic,,,,,,,,,not_found,,,https://www.youtube.com/watch?v=P8NWt1IuIUg,electronic,nhaccuatui,MISSING_ORIGINAL,LOW
song_75a0e68e758cc684,Lệ Lưu Ly (New Version),VŨ PHỤNG TIÊN,,,,,,,,,not_found,,,https://www.youtube.com/watch?v=BR7f6Y3izsM,pop|metal,apple_music|nhaccuatui,MISSING_ORIGINAL,HIGH
song_125342d2f8ef270c,Lệ Lưu Ly (Remix),Orinn - Topic,,,,,,,,,not_found,,,https://www.youtube.com/watch?v=VPmcPf9H-uQ,pop,apple_music,MISSING_ORIGINAL,HIGH
song_b34e759e5bb53bfc,Lệ Lưu Ly Remix (Deep House),H2O Remix - Topic,,,,,,,,,not_found,,,https://www.youtube.com/watch?v=OTRNTYSbWWs,electronic,apple_music,MISSING_ORIGINAL,HIGH
song_d5fb8d430d9fc15c,Lối Nhỏ (feat. Phương Anh Đào),Đen Vâu Official,,,,,,,,,not_found,,,https://www.youtube.com/watch?v=r8EiDeMf6L0,hip hop|rap|v-pop,apple_music|zingmp3,MISSING_ORIGINAL,HIGH
song_3a6c5b200e7b5c4e,Lỗi Lầm Em Mang Đi | Khánh Phương | Official MV,POPS MUSIC,,,,,,,,,not_found,,,https://www.youtube.com/watch?v=xLOI4eA5T0w,pop|v-pop,apple_music|zingmp3,MISSING_ORIGINAL,HIGH
song_361bb56981e11365,Lời Anh Muốn Nói | The Men | Official MV,POPS MUSIC,,,,,,,,,not_found,,,https://www.youtube.com/watch?v=0B501EOfXxQ,pop|v-pop|trữ tình|nhạc trẻ,apple_music|zingmp3|nhaccuatui|nhac_vn|shazam|allmusic|qobuz|youtube,MISSING_ORIGINAL,HIGH
song_f9bb081fa5ae5923,Lời Cuối Tình Yêu 2,"Cẩm Ly, Quốc Đại",,,,,,,,,not_found,ZW7UB8UE,https://zingmp3.vn/bai-hat/Loi-Cuoi-Tinh-Yeu-2-Cam-Ly-Quoc-Dai/ZW7UB8UE.html,,pop|trữ tình|nhạc trẻ,apple_music|nhaccuatui|nhac_vn|shazam|allmusic|qobuz|youtube,MISSING_ORIGINAL,HIGH
song_ed8c95f71e2e9add,Lời Hứa Nhạt Nhòa | Sĩ Thanh | Yeah1 Superstar (Official MV),YEAH1 MUSIC,,,,,,,,,not_found,,,https://www.youtube.com/watch?v=wLt8k2_lZlM,trữ tình|nhạc trẻ,nhaccuatui|nhac_vn|allmusic|shazam|qobuz|youtube,MISSING_ORIGINAL,HIGH
song_265f1aee5270abd0,Lời Tỏ Tình Mùa Xuân,Thu Phuong,,,,,,,,,not_found,ZWZ97DD8,https://zingmp3.vn/bai-hat/Loi-To-Tinh-Mua-Xuan-Thu-Phuong/ZWZ97DD8.html,,pop|folk|world|country|trữ tình|nhạc trẻ|v-pop,apple_music|discogs|nhaccuatui|nhac_vn|allmusic|shazam|qobuz|musicbrainz|youtube,MISSING_ORIGINAL,HIGH
song_dfafdccab03a7313,Lời Yêu Em,Vũ Official,,,,,,,,,not_found,,,https://www.youtube.com/watch?v=aSffJfnKRSo,pop|v-pop|folk|world|country|ballad|trữ tình|nhạc trẻ,apple_music|zingmp3|discogs|nhaccuatui|nhac_vn|shazam|allmusic|qobuz|youtube,MISSING_ORIGINAL,HIGH
song_5d57907481ac1748,Lời Yêu Em - Vũ|Lyrics HD|,Bố vụng về,,,,,,,,,not_found,,,https://www.youtube.com/watch?v=bigvw0rGcsY,folk|world|country|trữ tình|nhạc trẻ,discogs|nhaccuatui|nhac_vn|shazam|allmusic|qobuz|youtube,MISSING_ORIGINAL,HIGH
song_d3d24a6fc8f82bfc,Lời Yêu (feat. Minsicko),buitruonglinh,,,,,,,,,not_found,,,https://www.youtube.com/watch?v=AxlUGDGiMF0,pop|v-pop|trữ tình|nhạc trẻ,apple_music|zingmp3|nhaccuatui|nhac_vn|shazam|qobuz|allmusic|youtube,MISSING_ORIGINAL,HIGH
song_5ee417bcb16c92e2,Lời Đường Mật (feat. HIEUTHUHAI),LyLy Official,,,,,,,,,not_found,,,https://www.youtube.com/watch?v=ytSJzS0o28A,hip hop|rap|v-pop|trữ tình|nhạc trẻ,apple_music|zingmp3|nhaccuatui|shazam|nhac_vn|allmusic|qobuz|youtube,MISSING_ORIGINAL,HIGH
song_3afd0c0bf0c7bcfc,Lỡ Duyên (ft. NIT),Rum,,,,,,,,,not_found,,,https://www.youtube.com/watch?v=_f_gyj0s6JI,pop|v-pop|house,apple_music|zingmp3|nhaccuatui,MISSING_ORIGINAL,HIGH
song_832bf802866d8731,Lừa Tình - Haro x Phong Max x Masew,Masew,,,,,,,,,not_found,,,https://www.youtube.com/watch?v=329d75wpmW8,edm việt|country,zingmp3|youtube,MISSING_ORIGINAL,HIGH
song_6b0658efb6a581aa,"Lửng Lơ (feat. RedT, Ý Tiên)",Ggggg,,,,,,,,,not_found,,,https://www.youtube.com/watch?v=kWbYaq-7cpg,v-pop,zingmp3,MISSING_ORIGINAL,HIGH
song_81b1c7e3f10162cd,"Lựa Chọn Của Em / buitruonglinh ft. vuphungtien, dautatdat",buitruonglinh,,,,,,,,,not_found,,,https://www.youtube.com/watch?v=IJML-4ZYejA,pop|house,apple_music|nhac_vn,MISSING_ORIGINAL,HIGH
song_19ebcda99e485bc5,Lựa Chọn Một Vì Sao,"BÄng Di,V.Music",,,,,,,,,not_found,ZWZE8E9D,https://zingmp3.vn/bai-hat/Lua-Chon-Mot-Vi-Sao-Bang-Di-V-Music/ZWZE8E9D.html,,pop|dance,apple_music|allmusic,MISSING_ORIGINAL,HIGH
song_3e9d3b4a216fcee3,"M NAIVE - Poppin ft @prettyXIX, Sonny, @sixtyuptown (Official music video)",M NAIVE,,,,,,,,,not_found,,,https://www.youtube.com/watch?v=zFNW6Zo71OE,rap việt|latin,zingmp3|nhaccuatui|nhac_vn|shazam|allmusic|qobuz|youtube,MISSING_ORIGINAL,HIGH
song_51e54f3aee3bf910,MACHIOT - Bài Hát Dang Dở [Official Music Video],Machiot Official,,,,,,,,,not_found,,,https://www.youtube.com/watch?v=8Lc7Jy_s0ro,rap|edm việt|electronic,apple_music|zingmp3|shazam,MISSING_ORIGINAL,HIGH
song_db92fb50445bf5cc,Maddie & Tae - Die From A Broken Heart (Official Music Video),Maddie & Tae,,,,,,,,,not_found,,,https://www.youtube.com/watch?v=Xbaoi-lifOM,country,apple_music|zingmp3,MISSING_ORIGINAL,HIGH
song_ae5ae6b496d0b4a5,Mademoiselle - một giấc mơ (Official MV),Mademoiselle,,,,,,,,,not_found,,,https://www.youtube.com/watch?v=-KhfFjCwFDU,pop,zingmp3,MISSING_ORIGINAL,HIGH
song_8bfa790f78e76c37,Mademoiselle - Thôi (Official Music Video),Mademoiselle,,,,,,,,,not_found,,,https://www.youtube.com/watch?v=spHwjtW6b6M,pop,zingmp3,MISSING_ORIGINAL,HIGH
song_6325594cbf426e71,Madihu - Người Mai Dịch cô đơn (Feat. Vũ. & TRANG),Madihu,,,,,,,,,not_found,,,https://www.youtube.com/watch?v=62eIoaEu3DE,pop|edm việt|indie,apple_music|zingmp3|nhaccuatui|nhac_vn|shazam|allmusic|qobuz|youtube,MISSING_ORIGINAL,HIGH
song_61bd935c8564fc20,Madison Beer - Make You Mine (Official Music Video),Madison Beer,,,,,,,,,not_found,,,https://www.youtube.com/watch?v=XFR7v5ix5hU,pop,apple_music|zingmp3,MISSING_ORIGINAL,HIGH
song_0f63be3332d285c6,Mai! Má Về - Hòa Minzy x NSND Bạch Tuyết x Hứa Kim Tuyền | Official MV Nhạc Tết,Hòa Minzy,,,,,,,,,not_found,,,https://www.youtube.com/watch?v=vfYDqpcoJpk,v-pop|house,zingmp3|nhaccuatui|nhac_vn|shazam|allmusic|qobuz|youtube,MISSING_ORIGINAL,HIGH
song_f400e1a9678b03ce,Mai Mình Xa,Thịnh Suy,,,,,,,,,not_found,,,https://www.youtube.com/watch?v=DJqpHeIbF2s,pop|house,apple_music|nhaccuatui|shazam|nhac_vn|allmusic|qobuz|youtube,MISSING_ORIGINAL,HIGH
song_6d05514c627924b8,MAKING MY WAY,Sơn Tùng M-TP Official,,,,,,,,,not_found,,,https://www.youtube.com/watch?v=-E2u6exhzPE,worldwide,apple_music,MISSING_ORIGINAL,HIGH
song_d2fa51dce02d687d,Marathon - Some More (Official Music Video),Marathon,,,,,,,,,not_found,,,https://www.youtube.com/watch?v=VG0Bz0FcORY,soul,apple_music,MISSING_ORIGINAL,HIGH
song_7d438d74cbea48ea,MARION - All About,HearWeGo,,,,,,,,,not_found,,,https://www.youtube.com/watch?v=UwzmC1T-Oo8,electronic,nhaccuatui|nhac_vn|shazam|allmusic|qobuz|youtube,MISSING_ORIGINAL,HIGH
song_a26c18f3593e3542,MARION - Fly,HearWeGo,,,,,,,,,not_found,,,https://www.youtube.com/watch?v=SQrsgieOruI,blues|jazz|electronic,zingmp3|nhaccuatui|nhac_vn|allmusic|shazam|qobuz|youtube,MISSING_ORIGINAL,HIGH
song_ac1b53c980c41d5b,MARION - Future Beginning,HearWeGo,,,,,,,,,not_found,,,https://www.youtube.com/watch?v=9J7lxitUb28,electronic,nhaccuatui|shazam|nhac_vn|allmusic|qobuz|youtube,MISSING_ORIGINAL,HIGH
song_567d6079bdd43a9f,MARION - High Hopes,HearWeGo,,,,,,,,,not_found,,,https://www.youtube.com/watch?v=vzAme0EZKX4,electronic,nhaccuatui|shazam|nhac_vn|allmusic|qobuz|youtube,MISSING_ORIGINAL,HIGH
song_58ca65b7f6eb8aad,MARION - Mind Flowers,HearWeGo,,,,,,,,,not_found,,,https://www.youtube.com/watch?v=QFi6zsvRz2A,electronic,nhaccuatui|shazam|nhac_vn|allmusic|qobuz|youtube,MISSING_ORIGINAL,HIGH
song_66e9826a9d6237ea,MARION - Moments,HearWeGo,,,,,,,,,not_found,,,https://www.youtube.com/watch?v=i7GCQchK1dQ,electronic,nhaccuatui|nhac_vn|shazam|allmusic|qobuz,MISSING_ORIGINAL,HIGH
song_8ca09f1cbc278b65,MARION - Slowly To The Sun,HearWeGo,,,,,,,,,not_found,,,https://www.youtube.com/watch?v=_bBTo-5rGy0,electronic,nhaccuatui|nhac_vn|shazam|allmusic|qobuz|youtube,MISSING_ORIGINAL,HIGH
song_8d85f1779cffe186,MARION - Weightless,HearWeGo,,,,,,,,,not_found,,,https://www.youtube.com/watch?v=Ea-Ae9GpOqA,electronic,nhaccuatui|shazam|nhac_vn|allmusic|qobuz|youtube,MISSING_ORIGINAL,HIGH
song_13901e50cb84c9dc,Maroon 5 - Memories (Official Video),Maroon 5,,,,,,,,,not_found,,,https://www.youtube.com/watch?v=SlPhMPnQ58k,pop,apple_music|zingmp3,MISSING_ORIGINAL,HIGH
song_f14e88afb743aeb7,MASEW  - Giai Điệu Việt Nam Mình | FPT Edu Tích Tịch Tình Tang,Masew,,,,,,,,,not_found,,,https://www.youtube.com/watch?v=SBjwyHC0X00,alternative,web_search,MISSING_ORIGINAL,LOW
song_5c4012a3bb0892d7,MASEW - MỜI TRẦU ( ft TUẤN CRY ),Masew,,,,,,,,,not_found,,,https://www.youtube.com/watch?v=iOmXKckyAq0,alternative folk|v-pop,apple_music|zingmp3,MISSING_ORIGINAL,HIGH
song_45689197ac2f4554,MASHUP LỠ DUYÊN | RUM ft NIT,Rum,,,,,,,,,not_found,,,https://www.youtube.com/watch?v=fq_H4A3HgD4,hip hop|gangsta|instrumental|nhạc trẻ,discogs|nhaccuatui|nhac_vn|shazam|allmusic|qobuz|youtube,MISSING_ORIGINAL,HIGH
song_4d81a37990e3bd93,Mashup Yêu - Rum ft ViXu,Rum,,,,,,,,,not_found,,,https://www.youtube.com/watch?v=2OetzXdEQ5M,instrumental|nhạc trẻ,nhaccuatui|nhac_vn|shazam|qobuz|allmusic|youtube,MISSING_ORIGINAL,HIGH
song_2ca381a4d4906e36,Mauve - With You,We Are Diamond,,,,,,,,,not_found,,,https://www.youtube.com/watch?v=IvpJZmdCs3E,electronic|dance|rock|garage rock|psychedelic rock,zingmp3|discogs,MISSING_ORIGINAL,HIGH
song_64626bad2042d232,Meat Loaf - I'd Do Anything For Love (But I Won't Do That) (Official Music Video),Meat Loaf,Khác,zingmp3_title_artist_search,https://zingmp3.vn/bai-hat/Meat-Loaf-MaxDaDwarf/VGnluNDWDuGu.html,Meat Loaf,MaxDaDwarf,0.855,low,"[{""id"":""A6UHaAP1adyN"",""name"":""Khác"",""title"":""Khác"",""alias"":""khac"",""link"":""/the-loai-album/Khac/A6UHaAP1adyN.html""}]; title_score=1.000; artist_score=0.421",found_needs_review,,,https://www.youtube.com/watch?v=9X_ViIPA-Gc,rock|pop,apple_music|zingmp3,MISSING_ORIGINAL,HIGH
song_77d79dfa39c22042,Metallica: Enter Sandman (Official Music Video),Metallica,Khác,zingmp3_title_artist_search,https://zingmp3.vn/bai-hat/metallica-enter-sandman-Stable-Mind/BrJ1pKG9UsNM.html,metallica enter sandman,Stable Mind,0.85,low,"[{""id"":""A6UHaAP1adyN"",""name"":""Khác"",""title"":""Khác"",""alias"":""khac"",""link"":""/the-loai-album/Khac/A6UHaAP1adyN.html""}]; title_score=1.000; artist_score=0.400",found_needs_review,,,https://www.youtube.com/watch?v=CD-E-LDc384,metal|rock|alternative rock|hard rock,apple_music|discogs|nhaccuatui|nhac_vn|shazam|allmusic|qobuz|youtube,MISSING_ORIGINAL,HIGH
song_91c91a5dd45538ef,Metallica - Nothing Else Matters (Official Music Video),Warner Records Vault,,,,,,,,,not_found,,,https://www.youtube.com/watch?v=HyrWd_gfQNQ,rock,nhaccuatui|nhac_vn|shazam|allmusic|qobuz|youtube,MISSING_ORIGINAL,HIGH
song_e37fc23d97baa51a,Metallica: One (Official Music Video),Metallica,,,,,,,,,not_found,,,https://www.youtube.com/watch?v=WM8bTdBs-cw,metal|rock,apple_music|nhaccuatui|nhac_vn|shazam|qobuz|allmusic|youtube,MISSING_ORIGINAL,HIGH
song_ff410064c9fd5d71,Midland - Drinkin' Problem,Midland Official,,,,,,,,,not_found,,,https://www.youtube.com/watch?v=g7f6HiQ2LuU,country,apple_music|zingmp3,MISSING_ORIGINAL,HIGH
song_72ed10a3c0eeb13f,Miley Cyrus - Angels Like You (Lyrics),Pop Paradise,,,,,,,,,not_found,,,https://www.youtube.com/watch?v=m3bYkicd5tQ,pop,apple_music,MISSING_ORIGINAL,HIGH
song_ba3c0af63b4fea40,Miley Cyrus - More to Lose (Official Video),Miley Cyrus,,,,,,,,,not_found,,,https://www.youtube.com/watch?v=T3fA-4D71Kk,pop,apple_music|zingmp3,MISSING_ORIGINAL,HIGH
song_8fa7400c9d6df3bf,Miley Cyrus - The Climb,HollywoodRecordsVEVO,,,,,,,,,not_found,,,https://www.youtube.com/watch?v=NG2zyeVRcbs,nhạc phim|country,zingmp3|shazam,MISSING_ORIGINAL,HIGH
song_c2cd98226f4c66fb,Miley Cyrus - Used To Be Young (Official Video),Miley Cyrus,,,,,,,,,not_found,,,https://www.youtube.com/watch?v=IZ3XMOdOdKM,pop,apple_music|zingmp3,MISSING_ORIGINAL,HIGH
song_65f1fba6d8d879c3,Mimi Webb - Love Language (Official Music Video),Mimi Webb,,,,,,,,,not_found,,,https://www.youtube.com/watch?v=ee2jY9s_YSc,pop,zingmp3,MISSING_ORIGINAL,HIGH
song_1ae611c9c45253e7,MIN - CÓ EM CHỜ ft. MR.A (Lyric Video),MIN OFFICIAL,,,,,,,,,not_found,,,https://www.youtube.com/watch?v=PqS2YDItY3Y,v-pop,zingmp3,MISSING_ORIGINAL,HIGH
song_093765f02b8e9ba7,MIN - Có Em Chờ ft. Mr A (Official MV),MIN OFFICIAL,,,,,,,,,not_found,,,https://www.youtube.com/watch?v=_YzngEllRgM,v-pop,zingmp3,MISSING_ORIGINAL,HIGH
song_ed3581a835e62669,MIN - Em Mới Là Người Yêu Anh (EMLNYA) | MV ACOUSTIC,MIN OFFICIAL,,,,,,,,,not_found,,,https://www.youtube.com/watch?v=JS_SvGd4_1k,v-pop|rock|krautrock|prog rock,zingmp3|discogs,MISSING_ORIGINAL,HIGH
song_b0c0ef6de524c11d,MIN from ST.319 - LUÔN BÊN ANH (BY YOUR SIDE) (ft MR.A) Lyric Video,ST.319 Entertainment,,,,,,,,,not_found,,,https://www.youtube.com/watch?v=6kq-RRK4Q8w,pop,apple_music,MISSING_ORIGINAL,HIGH
song_902becdd35a99568,MIN - GỌI TÊN EM OFFICIAL MV - ENDING #1,MIN OFFICIAL,,,,,,,,,not_found,,,https://www.youtube.com/watch?v=9m2z8bnTgJA,v-pop,zingmp3,MISSING_ORIGINAL,HIGH
song_076d481e3a5d3adb,MIN - HÔN ANH | OFFICIAL MUSIC VIDEO (민),MIN OFFICIAL,,,,,,,,,not_found,,,https://www.youtube.com/watch?v=7c39lfT6Sr0,pop|electronic|folk|world|country|vocal|synthpop|eurobeat|italo-disco,apple_music|discogs,MISSING_ORIGINAL,HIGH
song_7e72912ea056e2f0,MIN - TÌM (LOST) Acoustic Ver. M/V,ST.319 Entertainment,,,,,,,,,not_found,,,https://www.youtube.com/watch?v=aUVAZmYeWpg,classical,apple_music,MISSING_ORIGINAL,HIGH
song_168762e4f744eb85,MIN - TÌM (LOST) (ft. MR.A) M/V,ST.319 Entertainment,,,,,,,,,not_found,,,https://www.youtube.com/watch?v=AdfSLq7XNoI,classical,apple_music,MISSING_ORIGINAL,HIGH
song_678827f51cc88179,"MIN - (TỪNG LÀ) BOYFRIEND, GIRLFRIEND | OFFICIAL MUSIC VIDEO",MIN OFFICIAL,,,,,,,,,not_found,,,https://www.youtube.com/watch?v=7OYnkD6rctg,v-pop|electronic|pop|synthpop|ballad|dance-pop,zingmp3|discogs,MISSING_ORIGINAL,HIGH
song_b1e9570c493460a8,MIN - Y.Ê.U (Acoustic Ver.) M/V,ST.319 Entertainment,,,,,,,,,not_found,,,https://www.youtube.com/watch?v=qGb7H6aN32I,pop,apple_music,MISSING_ORIGINAL,HIGH
song_5b435d7756b1068b,"MIN - ĐỪNG YÊU NỮA, EM MỆT RỒI | OFFICIAL MUSIC VIDEO",MIN OFFICIAL,,,,,,,,,not_found,,,https://www.youtube.com/watch?v=2sIC1sh-yc0,pop|v-pop,apple_music|zingmp3,MISSING_ORIGINAL,HIGH
song_48c98f952a429c53,MIN - ƠI ƠI ƠI | OFFICIAL MUSIC VIDEO,MIN OFFICIAL,,,,,,,,,not_found,,,https://www.youtube.com/watch?v=9ejEWmCRAYs,pop|v-pop|schlager,apple_music|zingmp3|discogs,MISSING_ORIGINAL,HIGH
song_29bc50462b9f9222,Minh Huy - LIKE DEJA VU ft. THIENVU & NAM JOYY ( OFFICIAL MV ),Minh Huy Official,,,,,,,,,not_found,,,https://www.youtube.com/watch?v=-55uM1VcU2Q,pop|v-pop,apple_music|zingmp3,MISSING_ORIGINAL,HIGH
song_4df756750d0e89ea,Minh Hằng - Đến Giờ Phút Này (Official),Minh Hằng Official,,,,,,,,,not_found,,,https://www.youtube.com/watch?v=7t7CKw8r-dU,pop|v-pop,apple_music|zingmp3,MISSING_ORIGINAL,HIGH
song_1fde7c68bc755926,Minh Tuyết & Bằng Kiều - Xin Lỗi Anh (Hoài An) PBN 100,Thuy Nga,,,,,,,,,not_found,,,https://www.youtube.com/watch?v=zF8qJWlcSY4,worldwide,apple_music,MISSING_ORIGINAL,HIGH
song_17cbbcc01f3ba592,MIRA - Bad Booty | Official Video,MIRA,,,,,,,,,not_found,,,https://www.youtube.com/watch?v=wMDOli6JDBQ,pop|electronic|house|trance,apple_music|zingmp3|discogs,MISSING_ORIGINAL,HIGH
song_a9c80bed810fbe6c,MIRA - Come With Me (Official Music Video),MIRA,,,,,,,,,not_found,,,https://www.youtube.com/watch?v=1j6Pfv6xS9o,anime|pop,apple_music|zingmp3,MISSING_ORIGINAL,HIGH
song_a5f93ade0bb7734a,MIRA - Duro | Lyric Video,MIRA,,,,,,,,,not_found,,,https://www.youtube.com/watch?v=HRJd_Qhb9k0,pop|electronic|rock|non-music|classical|children's|stage|screen|ambient|avantgarde|experimental|synthpop|new wave|story|post-modern|interview|poetry|minimal,zingmp3|discogs,MISSING_ORIGINAL,HIGH
song_f42c1c38058b4a4f,MIRA - Ladida | Lyric Video,MIRA,,,,,,,,,not_found,,,https://www.youtube.com/watch?v=iXYroDymuMk,pop|hip hop|trap|pop rap,zingmp3|discogs,MISSING_ORIGINAL,HIGH
song_d7cd428239992c69,MIRA - Love Again (Lyric Video),MIRA,,,,,,,,,not_found,,,https://www.youtube.com/watch?v=L9C9WiBBeRk,electronica|pop,apple_music|zingmp3,MISSING_ORIGINAL,HIGH
song_786f42a2318ec7bf,"MIRA - Ring, Ring | Official Video",MIRA,,,,,,,,,not_found,,,https://www.youtube.com/watch?v=mkCaf6tuhGM,pop|electronic|rock|shoegaze|darkwave,apple_music|zingmp3|discogs,MISSING_ORIGINAL,HIGH
song_700b7700cae7d02d,Miranda Lambert - Mama's Broken Heart (Official Video),Miranda Lambert,,,,,,,,,not_found,,,https://www.youtube.com/watch?v=7yg05svXp98,country|pop,apple_music|zingmp3,MISSING_ORIGINAL,HIGH
song_dee60d6594444ed5,MLee - Cho Em Luôn Gần Anh (Let Me Be With You) - Official MV,MLee Official,,,,,,,,,not_found,,,https://www.youtube.com/watch?v=o-nM-DPiCTg,instrumental,apple_music,MISSING_ORIGINAL,HIGH
song_9ef6a00164446b9b,MLEE - 'CHÍN TẦNG MÂY' X NHẬT HOÀNG X AVI | (Prod. by DRUM7) | SPECIAL GIFT,MLee Official,,,,,,,,,not_found,,,https://www.youtube.com/watch?v=0jTGaD89Zeg,latin,shazam,MISSING_ORIGINAL,LOW
song_76aa6304c4d30e36,MLee ft. Minh Trung - Mối Tình Đầu (Show You How To Love) - Official MV,MLee Official,,,,,,,,,not_found,,,https://www.youtube.com/watch?v=3bzv9QaEwfE,pop|edm việt|house|latin,apple_music|zingmp3|qobuz,MISSING_ORIGINAL,HIGH
song_86d3a7c3d114aadb,MLee - Party Up - Official MV,MLee Official,,,,,,,,,not_found,,,https://www.youtube.com/watch?v=T2ze38v22r8,j-pop|pop,allmusic,MISSING_ORIGINAL,LOW
song_40f0a8441bfdd7da,Mong Bạn Luôn Vui,Lam Anh,,,,,,,,,not_found,ZW6Z06ZZ,https://zingmp3.vn/bai-hat/Mong-Ban-Luon-Vui-Lam-Anh/ZW6Z06ZZ.html,,pop,apple_music,MISSING_ORIGINAL,HIGH
song_1f1148b88e45fd77,Mong Một Hạnh Phúc - Khởi My [Official],POPS MUSIC,,,,,,,,,not_found,,,https://www.youtube.com/watch?v=MXyb3KdtNbs,pop,apple_music,MISSING_ORIGINAL,HIGH
song_c27d09437fea9fe6,MONO - Em Là (Album 22 - Track No.03),Mono Official,,,,,,,,,not_found,,,https://www.youtube.com/watch?v=sRUoOA21ZFI,j-pop|pop|classical|baroque|romantic|modern|contemporary|impressionist|neo-romantic|vocal|choral|alternative,apple_music|zingmp3|discogs|allmusic,MISSING_ORIGINAL,HIGH
song_a55bbcab54b8d07b,MONO - ‘Open Your Eyes’ (Official Music Video),Mono Official,,,,,,,,,not_found,,,https://www.youtube.com/watch?v=PjLnZ3T11f4,rock|pop|roll|hard rock|prog rock|classic rock,apple_music|zingmp3|discogs,MISSING_ORIGINAL,HIGH
song_3a0f64a33d8f8ad0,MONO - 'Ôm Em Thật Lâu' (Official Music Video),Mono Official,,,,,,,,,not_found,,,https://www.youtube.com/watch?v=vCcbJGNMR60,pop,apple_music|zingmp3,MISSING_ORIGINAL,HIGH
song_4103d8408f016f2f,MONO - 'Đi Tìm Tình Yêu' (Official Music Video),Mono Official,,,,,,,,,not_found,,,https://www.youtube.com/watch?v=GOSiWQlZdVU,afro-pop|pop,apple_music|zingmp3|youtube,MISSING_ORIGINAL,HIGH
song_b1d095d56b3d2447,MONSTAR - BABY I TOLD U | Official Music Video,ST.319 Entertainment,,,,,,,,,not_found,,,https://www.youtube.com/watch?v=Jg4ZeCynSmE,pop|v-pop,apple_music|zingmp3,MISSING_ORIGINAL,HIGH
song_8195ab1edc6e529a,MONSTAR - #BABYBABY | Official Music Video,ST.319 Entertainment,,,,,,,,,not_found,,,https://www.youtube.com/watch?v=hZ59UkLjeA0,v-pop,zingmp3,MISSING_ORIGINAL,HIGH
song_63bcb16d051aa1f8,MONSTAR - BADADU | Official Music Video,ST.319 Entertainment,,,,,,,,,not_found,,,https://www.youtube.com/watch?v=zAuMr0rfi7o,alternative,shazam,MISSING_ORIGINAL,LOW
song_e82aa00406d74655,MONSTAR - GIỮ LẤY LÀM GÌ | Official Music Video,ST.319 Entertainment,,,,,,,,,not_found,,,https://www.youtube.com/watch?v=BYgzu_r_RmE,pop|v-pop,apple_music|zingmp3,MISSING_ORIGINAL,HIGH
song_df9e01175b53cf75,MONSTAR - HEY GIRL | Official Music Video,ST.319 Entertainment,,,,,,,,,not_found,,,https://www.youtube.com/watch?v=EQGL2rfqc1k,pop,apple_music,MISSING_ORIGINAL,HIGH
song_95695ebe88bb71dc,MONSTAR - NẾU MAI CHIA TAY (ft. AMEE) | Official Music Video,ST.319 Entertainment,,,,,,,,,not_found,,,https://www.youtube.com/watch?v=6-wkFxcUYeA,pop|v-pop|experimental|country,apple_music|zingmp3|nhaccuatui,MISSING_ORIGINAL,HIGH
song_1c1234dbe00af9e6,MONSTAR - TÌNH YÊU CHẬM TRỄ | Official Music Video,ST.319 Entertainment,,,,,,,,,not_found,,,https://www.youtube.com/watch?v=NJp5Fz3mTu0,pop|v-pop|latin,apple_music|zingmp3|nhaccuatui,MISSING_ORIGINAL,HIGH
song_a703d5983b57ab5d,MOPIUS - LÀN ƯU TIÊN | OFFICIAL MUSIC VIDEO,MOPIUS,,,,,,,,,not_found,,,https://www.youtube.com/watch?v=X64sa-qrQzA,v-pop,zingmp3,MISSING_ORIGINAL,HIGH
song_ff868de67833344f,Morgan Wallen - More Than My Hometown (Official Music Video),Morgan Wallen,,,,,,,,,not_found,,,https://www.youtube.com/watch?v=MS82JAkBkDY,country|electronic|dance|trance|house|techno|rap|hip hop|pop|reggae,apple_music|zingmp3,MISSING_ORIGINAL,HIGH
song_5a0b7a465e8ce506,Morgan Wallen - The Way I Talk (Official Video),Morgan Wallen,,,,,,,,,not_found,,,https://www.youtube.com/watch?v=pbKM-6k2cHg,country|electronic|dance|trance|house|techno|rap|hip hop|pop|reggae,apple_music|zingmp3,MISSING_ORIGINAL,HIGH
song_70d9978b52cd5c2b,Morgan Wallen - Up Down ft. Florida Georgia Line (Official Video),Morgan Wallen,,,,,,,,,not_found,,,https://www.youtube.com/watch?v=77qc4ZtufzM,country|electronic|dance|trance|house|techno|rap|hip hop|pop|reggae,apple_music|zingmp3,MISSING_ORIGINAL,HIGH
song_d25f302bd9dfaea9,Morgan Wallen - Whiskey Glasses (Official Video),Morgan Wallen,,,,,,,,,not_found,,,https://www.youtube.com/watch?v=FjBp30kjzTc,country|electronic|dance|trance|house|techno|rap|hip hop|pop|reggae,apple_music|zingmp3,MISSING_ORIGINAL,HIGH
song_f84bb165c4e0b223,Mr Siro | Bức Tranh Từ Nước Mắt,Mr. Siro,,,,,,,,,not_found,,,https://www.youtube.com/watch?v=6A8u5DGfdq0,v-pop,zingmp3,MISSING_ORIGINAL,HIGH
song_0f893273cd9a2674,Mr Siro | Em Gái Mưa,Mr. Siro,,,,,,,,,not_found,,,https://www.youtube.com/watch?v=SnoT6uuLgcU,v-pop,zingmp3,MISSING_ORIGINAL,HIGH
song_5c26b178ed76bac5,Mr Siro - Em Gái Mưa (Piano Cover),Mr. Siro,,,,,,,,,not_found,,,https://www.youtube.com/watch?v=gr0FXeNm_f8,pop|v-pop,apple_music|zingmp3,MISSING_ORIGINAL,HIGH
song_ce6d77c537a1e640,Mr. Siro | I Belong To You Bae,Mr. Siro,,,,,,,,,not_found,,,https://www.youtube.com/watch?v=ktNmpCpygyQ,pop|v-pop,apple_music|zingmp3,MISSING_ORIGINAL,HIGH
song_f5a9e3f2bd94e0ec,Mr Siro | Không Cần Thêm Một Ai Nữa,Mr. Siro,,,,,,,,,not_found,,,https://www.youtube.com/watch?v=2mEhUfRQQao,v-pop,zingmp3,MISSING_ORIGINAL,HIGH
song_aa1694a613a6c9ad,Mr Siro | Mashup Khóc Cùng Em - Anh Chỉ Là Người Thay Thế,Mr. Siro,,,,,,,,,not_found,,,https://www.youtube.com/watch?v=KBAaaFblAy8,v-pop,zingmp3,MISSING_ORIGINAL,HIGH
song_34f248f3838c7d4b,Mr Siro | Một Bước Yêu Vạn Dặm Đau,Mr. Siro,,,,,,,,,not_found,,,https://www.youtube.com/watch?v=doyGzqBut_s,v-pop,zingmp3,MISSING_ORIGINAL,HIGH
song_b4e6eafe00fedfef,Mr Siro | Phải Chi Lúc Trước Anh Sai,Mr. Siro,,,,,,,,,not_found,,,https://www.youtube.com/watch?v=ZAHw9HE3A68,v-pop,zingmp3,MISSING_ORIGINAL,HIGH
song_6797b273b9476455,Mr Siro | Tìm Được Nhau Khó Thế Nào,Mr. Siro,,,,,,,,,not_found,,,https://www.youtube.com/watch?v=FSWeIId6dVc,v-pop,zingmp3,MISSING_ORIGINAL,HIGH
song_81d11afc5f767fc2,[MR.SIRO VERSION] Đừng Lo Anh Đợi Mà,Mr. Siro,,,,,,,,,not_found,,,https://www.youtube.com/watch?v=BnWiFq0AxQc,pop,apple_music,MISSING_ORIGINAL,HIGH
song_97155bf8a514fdf9,Mr Siro | Vô Hình Trong Tim Em,Mr. Siro,,,,,,,,,not_found,,,https://www.youtube.com/watch?v=R2IahSp2Bjo,v-pop,zingmp3,MISSING_ORIGINAL,HIGH
song_a94fb435bda17c7a,Mr Siro | Đã Từng Vô Giá,Mr. Siro,,,,,,,,,not_found,,,https://www.youtube.com/watch?v=yUEGsWugTOg,v-pop,zingmp3,MISSING_ORIGINAL,HIGH
song_8f2b5b51166a429d,Muse - Uprising [Official Video],Muse,,,,,,,,,not_found,,,https://www.youtube.com/watch?v=w8KQmps-Sog,alternative|pop|rock|alternative rock,apple_music|zingmp3|discogs|nhaccuatui|nhac_vn|shazam|allmusic|qobuz|youtube,MISSING_ORIGINAL,HIGH
song_84512e663feff089,MUỐN YÊU - DICKSON | OFFICIAL MV,DICKSON NGUYEN,,,,,,,,,not_found,,,https://www.youtube.com/watch?v=zwTBC0W6Zew,pop|v-pop,apple_music|zingmp3,MISSING_ORIGINAL,HIGH
song_b9d525b7c41105aa,MUỐN YÊU NHƯNG NGẠI BẮT ĐẦU - VANH (OFFICIAL MUSIC VIDEO),VAnh.,,,,,,,,,not_found,,,https://www.youtube.com/watch?v=8z4et-l1CM4,pop|v-pop|alternative,apple_music|zingmp3|nhac_vn,MISSING_ORIGINAL,HIGH
song_545acafcd8f04f74,'MUỐN ĐƯỢC CÙNG EM' - FREAKY x CM1X (ft. QUỲNH GAI) | OFFICIAL MV,FREAKY OFFICIAL,,,,,,,,,not_found,,,https://www.youtube.com/watch?v=BZYp-6D0SDY,pop|rap việt,apple_music|zingmp3,MISSING_ORIGINAL,HIGH
song_d947226735352cb3,MV - Còn Lại Gì Sau Cơn Mưa - Hồ Quang Hiếu,EYE MEDIA,,,,,,,,,not_found,,,https://www.youtube.com/watch?v=HgDqDPmhJZA,pop|nhạc trẻ,apple_music|nhaccuatui|shazam|nhac_vn|allmusic|qobuz|youtube,MISSING_ORIGINAL,HIGH
song_5cf8680be8de43e3,[MV FanMade] Lắng Nghe Nước Mắt - Mr. Siro,4everDHboy,,,,,,,,,not_found,,,https://www.youtube.com/watch?v=tD6uPUg2mF0,nhạc trẻ,nhaccuatui|nhac_vn|shazam|allmusic|qobuz|youtube,MISSING_ORIGINAL,HIGH
song_cc29e2e196fdebe2,[MV FULL HD 1080p] QUÊ TÔI THANH HÓA,TH Media,,,,,,,,,not_found,,,https://www.youtube.com/watch?v=_HP8Ve-YOqo,nhạc trẻ,nhaccuatui|nhac_vn|shazam|qobuz|allmusic|youtube,MISSING_ORIGINAL,HIGH
song_12ba098c8bc6c424,[MV-HD] Lang Nghe Tim Em - Dong Nhi,6th Sense Entertainment,,,,,,,,,not_found,,,https://www.youtube.com/watch?v=5ACtusUafTI,nhạc trẻ,nhaccuatui|nhac_vn|shazam|allmusic|qobuz|youtube,MISSING_ORIGINAL,HIGH
song_895154a439456c70,[MV HD] Lạc Đường - Phạm Trưởng (Short Version),Phạm Trưởng Official,,,,,,,,,not_found,,,https://www.youtube.com/watch?v=Agz-tVcyT6U,pop|nhạc trẻ,apple_music|nhaccuatui|nhac_vn|allmusic|shazam|qobuz|youtube,MISSING_ORIGINAL,HIGH
song_7d1e80397083b459,[MV] MẸ ƠI 2 -  JACK (G5R),G5R SQUAD Official,,,,,,,,,not_found,,,https://www.youtube.com/watch?v=HFsMbdMSOCA,rap|country,apple_music|qobuz,MISSING_ORIGINAL,HIGH
song_6b7c4ff0f22443de,"[MV Nhạc Tết 2020] Samsung TV | Trúc Nhân - THẤY TẾT LỚN, MỪNG TẾT LỚN (Official MV)",Samsung Vietnam,,,,,,,,,not_found,,,https://www.youtube.com/watch?v=0fBAmn6REhM,nhạc trẻ,nhaccuatui|shazam|nhac_vn|allmusic|qobuz|youtube,MISSING_ORIGINAL,HIGH
song_2241ed3c873b7e37,[MV OFFICIAL] CHƯA BAO GIỜ - TRUNG QUÂN - 4K,TRUNG QUÂN,,,,,,,,,not_found,,,https://www.youtube.com/watch?v=OIi2ZEUEMe8,pop|v-pop|ballad,apple_music|zingmp3|nhaccuatui|nhac_vn|shazam|allmusic|qobuz|youtube,MISSING_ORIGINAL,HIGH
song_447ec74edaad16b1,[MV OFFICIAL] GỌI MƯA - TRUNG QUÂN,TRUNG QUÂN,,,,,,,,,not_found,,,https://www.youtube.com/watch?v=C2AiNyYiPDI,pop|v-pop|folk|world|country,apple_music|zingmp3|discogs,MISSING_ORIGINAL,HIGH
song_2596f2ee037bc5f7,[MV OFFICIAL] SHAY EM MẤT RÙI - 윤 Yoon Nguyên ft. Trương Trần Anh Duy,SB Entertainment,,,,,,,,,not_found,,,https://www.youtube.com/watch?v=5Tp_hzqe1wY,electronic,allmusic,MISSING_ORIGINAL,LOW
song_92f53b0bffbd8dc3,MV Rời - Hằng BingBoong ft Trung Quân idol [Official],POPS MUSIC,,,,,,,,,not_found,,,https://www.youtube.com/watch?v=1JifxIfgAm8,pop|nhạc trẻ,apple_music|nhaccuatui|nhac_vn|shazam|allmusic|qobuz|youtube,MISSING_ORIGINAL,HIGH
song_87e73ce573dac986,[ MV ] TAM GIÁC TÌNH | LÂM CHẤN KHANG FT. SAKA TRƯƠNG TUYỀN,KhangProFilm,,,,,,,,,not_found,,,https://www.youtube.com/watch?v=p8N6q4Ootrw,nhạc trẻ,nhaccuatui|shazam|nhac_vn|allmusic|qobuz|youtube,MISSING_ORIGINAL,HIGH
song_dafab4baeca8cd04,"MV Tình cờ - Emily ft LK, JustaTee",NC Production,,,,,,,,,not_found,,,https://www.youtube.com/watch?v=uDW-Z8vyDEw,pop|nhạc trẻ,apple_music|nhaccuatui|shazam|nhac_vn|allmusic|qobuz|youtube,MISSING_ORIGINAL,HIGH
song_6acf1cf125699d8f,[MV] Vết Mưa - Vũ Cát Tường,Vũ Cát Tường,,,,,,,,,not_found,,,https://www.youtube.com/watch?v=jAKQSm9PiSQ,pop|v-pop|folk|world|country,apple_music|zingmp3|discogs,MISSING_ORIGINAL,HIGH
song_bcf992312ccdade0,[MV] ĐỂ ĐÓ ANH LO - Jack (G5R),G5R SQUAD Official,,,,,,,,,not_found,,,https://www.youtube.com/watch?v=7TCHmMZZau8,rap,apple_music,MISSING_ORIGINAL,HIGH
song_53ee78ddf17de84b,My Chemical Romance - Welcome To The Black Parade [Official Music Video] [HD],My Chemical Romance,,,,,,,,,not_found,,,https://www.youtube.com/watch?v=RRKJiM9Njr8,alternative|latin,apple_music|qobuz,MISSING_ORIGINAL,HIGH
song_38ce963394e976a4,My rules (Luật của em) | Trương Quỳnh Anh | Official MV | Nhạc Trẻ Hay Mới Nhất,YEAH1 MUSIC,Khác,zingmp3_title_artist_search,https://zingmp3.vn/bai-hat/My-Rules-NTN-Music/vtI8th1Em3xT.html,My Rules,NTN Music,0.9,medium,"[{""id"":""A6UHaAP1adyN"",""name"":""Khác"",""title"":""Khác"",""alias"":""khac"",""link"":""/the-loai-album/Khac/A6UHaAP1adyN.html""}]; title_score=1.000; artist_score=0.600",found_needs_review,,,https://www.youtube.com/watch?v=Yt9sIx-Dsf0,dance việt|alternative,zingmp3|qobuz,MISSING_ORIGINAL,HIGH
song_3325ac69c52c6b16,Myself Only,buitruonglinh,,,,,,,,,not_found,,,https://www.youtube.com/watch?v=Cvv0EMMauos,pop,zingmp3,MISSING_ORIGINAL,HIGH
song_eb3ec47ba5512bfa,Mãi Mãi Là Của Nhau | Bùi Anh Tuấn | Official MV,YEAH1 MUSIC,,,,,,,,,not_found,,,https://www.youtube.com/watch?v=S-eVMDDeDag,soul,allmusic,MISSING_ORIGINAL,LOW
song_5bb49716901c90ef,Mãi Mãi Tuổi Học Trò,Nguyen Duyen Quynh,,,,,,,,,not_found,ZW7U7UCA,https://zingmp3.vn/bai-hat/Mai-Mai-Tuoi-Hoc-Tro-Nguyen-Duyen-Quynh/ZW7U7UCA.html,,pop|house,apple_music|nhac_vn,MISSING_ORIGINAL,HIGH
song_ecd17598a5cd068e,Mê Cung Tình Yêu - 52Hz (prod.RIO) | OFFICIAL VISUALIZER,52Hz,,,,,,,,,not_found,,,https://www.youtube.com/watch?v=v3WBg7K-C_s,b việt,zingmp3,MISSING_ORIGINAL,HIGH
song_bf132e878a853d45,Mê Say,Phuong Trinh,,,,,,,,,not_found,ZWZACB7A,https://zingmp3.vn/bai-hat/Me-Say-Phuong-Trinh/ZWZACB7A.html,,hip hop|rap|electronic|pop|folk|world|country|dance-pop|disco|italo-disco,apple_music|discogs,MISSING_ORIGINAL,HIGH
song_c48d7f6420670f29,Mình Yêu Nhau Bao Lâu - Bảo Anh ft Hoàng Tôn [Official],POPS MUSIC,,,,,,,,,not_found,,,https://www.youtube.com/watch?v=Wic3maslSj8,pop,apple_music,MISSING_ORIGINAL,HIGH
song_88c82a54920b88a4,Mình Yêu Nhau Đi,BÍCH PHƯƠNG,,,,,,,,,not_found,,,https://www.youtube.com/watch?v=VI52y1OCEwQ,pop|edm việt|v-pop,apple_music|zingmp3|discogs|musicbrainz,MISSING_ORIGINAL,HIGH
song_aff412c1d8e6e066,Mùa Hè Năm Đó - The Underdogs | Official MV,EvB Records,,,,,,,,,not_found,,,https://www.youtube.com/watch?v=jpPa1-EOxcc,v-pop,zingmp3,MISSING_ORIGINAL,HIGH
song_5ae299c53deb597a,Mùa Hè Phía Chân Trời | Trung Quân | OST Tháng 5 Để Dành | Official MV,YEAH1 MUSIC,,,,,,,,,not_found,,,https://www.youtube.com/watch?v=B8XHPHJ1Im0,house,youtube,MISSING_ORIGINAL,LOW
song_9821b1e757bc7516,MÙA HÈ TUYỆT VỜI,ĐỨC PHÚC OFFICIAL,,,,,,,,,not_found,,,https://www.youtube.com/watch?v=CeKcg5r4kUQ,pop|v-pop,apple_music|zingmp3,MISSING_ORIGINAL,HIGH
song_cf32a5152bb19f39,MÙA HÈ TUYỆT VỜI (LALAWONDER) - ĐỨC PHÚC x TĂNG DUY TÂN | OFFICIAL MUSIC VIDEO,ĐỨC PHÚC OFFICIAL,,,,,,,,,not_found,,,https://www.youtube.com/watch?v=2YoIKPOUwIM,pop|v-pop,apple_music|zingmp3,MISSING_ORIGINAL,HIGH
song_6a2d3ac13642ddd3,Mùa Mưa Ngâu Nằm Cạnh,Vũ Official,,,,,,,,,not_found,,,https://www.youtube.com/watch?v=vLS5km60JH8,pop|v-pop,apple_music|zingmp3,MISSING_ORIGINAL,HIGH
song_c03bbb4379693b09,Mùa Mưa Ngâu Nằm Cạnh - Vũ. (Original),Vũ Official,,,,,,,,,not_found,,,https://www.youtube.com/watch?v=8TszjrFJOe0,pop|v-pop,apple_music|zingmp3,MISSING_ORIGINAL,HIGH
song_3313613fb8edb0b7,"Mùa Mưa Ấy / Vũ. (từ Album ""Bảo Tàng Của Nuối Tiếc"")",Vũ Official,,,,,,,,,not_found,,,https://www.youtube.com/watch?v=8DS7HfwdjGs,hip hop|rap,apple_music,MISSING_ORIGINAL,HIGH
song_b076dffe50f9997f,Mùa thu cho em,Trinh - Topic,,,,,,,,,not_found,,,https://www.youtube.com/watch?v=YxyaZE7gJLw,pop|v-pop|folk|world|country|latin,apple_music|zingmp3|discogs|shazam,MISSING_ORIGINAL,HIGH
song_3cccd0093b779a9f,Mùa Thu Yêu Đương,Various Artists,,,,,,,,,not_found,ZW60FA79,https://zingmp3.vn/bai-hat/Mua-Thu-Yeu-Duong-Quoc-Dai/ZW60FA79.html,,worldwide|folk|world|country|trữ tình,apple_music|discogs,MISSING_ORIGINAL,HIGH
song_5b3d4154ea396fad,Mơ Hồ,Bùi Anh Tuấn,,,,,,,,,not_found,,,https://www.youtube.com/watch?v=fw-A7qCUUgU,pop|v-pop|folk|world|country|ballad|vocal,apple_music|zingmp3|discogs,MISSING_ORIGINAL,HIGH
song_4ffbea378f1a040a,Mơ Hồ | Bùi Anh Tuấn | Official MV,Bùi Anh Tuấn,,,,,,,,,not_found,,,https://www.youtube.com/watch?v=_PcSBR2vBlI,v-pop|pop|folk|world|country|trữ tình,zingmp3|discogs,MISSING_ORIGINAL,HIGH
song_8e9621430671efa6,Mưa Nào Mà Hông Tạnh,AMEE,,,,,,,,,not_found,,,https://www.youtube.com/watch?v=QBwHFpXk-Mo,v-pop,zingmp3,MISSING_ORIGINAL,HIGH
song_d7b790f45f1f19d0,Mưa Trên Những Mái Tôn (feat. Kaang),Đen Vâu Official,,,,,,,,,not_found,,,https://www.youtube.com/watch?v=hz-lEsW8T24,hip hop|rap,apple_music,MISSING_ORIGINAL,HIGH
song_8818777f07698298,Mưa Đừng Rơi Nữa,Nam Cuong,,,,,,,,,not_found,ZWZ9EZ69,https://zingmp3.vn/bai-hat/Mua-Dung-Roi-Nua-Nam-Cuong/ZWZ9EZ69.html,,pop,apple_music,MISSING_ORIGINAL,HIGH
song_8059d543398dab6b,Mười Năm (feat. Ngọc Linh),Đen Vâu Official,,,,,,,,,not_found,,,https://www.youtube.com/watch?v=v-ZHNYOI_eI,hip hop|rap|trữ tình,apple_music|zingmp3,MISSING_ORIGINAL,HIGH
song_c0e154fd3dbde98a,Mất Anh Em Có Buồn Version 2 - The Men [MV OFFICIAL],Nam Việt Official,,,,,,,,,not_found,,,https://www.youtube.com/watch?v=KuiWwasUfh0,pop|v-pop,apple_music|zingmp3,MISSING_ORIGINAL,HIGH
song_f48ce5f7dede4690,MẤT BAO LÂU | KHANG VIỆT [OFFICIAL MUSIC VIDEO],ACV Entertainment,,,,,,,,,not_found,,,https://www.youtube.com/watch?v=auMhHbCCY1A,v-pop,zingmp3,MISSING_ORIGINAL,HIGH
song_4b916d5e41c0d06a,Mắt Nai Cha Cha Cha,Forest Studio - Topic,,,,,,,,,not_found,,,https://www.youtube.com/watch?v=nJKq6Lv0ROU,pop|v-pop,apple_music|zingmp3,MISSING_ORIGINAL,HIGH
song_286269d43ba33f3e,Mặt Mộc (feat. BMZ),Phạm Nguyên Ngọc,,,,,,,,,not_found,,,https://www.youtube.com/watch?v=Y6LKBtUsfSE,pop|v-pop,apple_music|zingmp3,MISSING_ORIGINAL,HIGH
song_bccc30c17ed8e46f,Mặt Trái Sự Thật | Nhóm HKT | Official Music Video,POPS MUSIC,,,,,,,,,not_found,,,https://www.youtube.com/watch?v=wbLGXmRtlYw,house,nhaccuatui,MISSING_ORIGINAL,LOW
song_2cd0a16b3f9204c8,Mặt Trời Của Em - Official MV | Phương Ly ft JustaTee,Phuong Ly Official,,,,,,,,,not_found,,,https://www.youtube.com/watch?v=t0WFOnwp3MM,pop|b việt|rock|funk|soul|folk|world|country|garage rock|psychedelic|trữ tình,apple_music|zingmp3|discogs,MISSING_ORIGINAL,HIGH
song_696d32a44158f210,Mặt Trời Khóc - Emcee L (Da LAB) ft Orange (Official MV),Da LAB Official,,,,,,,,,not_found,,,https://www.youtube.com/watch?v=F6lT0eJ_tLI,pop,apple_music,MISSING_ORIGINAL,HIGH
song_98804a05cf0d1f12,Mẹ Hiền Dấu Yêu,"Nguyen Ba Phu Quy,Bao Ngoc",,,,,,,,,not_found,ZW7OUEF9,https://zingmp3.vn/bai-hat/Me-Hien-Dau-Yeu-Nguyen-Ba-Phu-Quy-Bao-Ngoc/ZW7OUEF9.html,,worldwide|country,apple_music|nhac_vn,MISSING_ORIGINAL,HIGH
song_912410fa6e661281,Mẹ Yêu Con,Tran Manh Tuan,,,,,,,,,not_found,ZWZA9C6E,https://zingmp3.vn/bai-hat/Me-Yeu-Con-Tran-Manh-Tuan/ZWZA9C6E.html,,jazz|contemporary jazz|dance,apple_music|discogs|qobuz,MISSING_ORIGINAL,HIGH
song_2b6ed5b727255818,Mống Chuồn,Sơn Tuyền,,,,,,,,,not_found,ZWZCE0W0,https://zingmp3.vn/bai-hat/Mong-Chuon-Son-Tuyen/ZWZCE0W0.html,,worldwide|alternative|rock,apple_music|nhaccuatui|allmusic,MISSING_ORIGINAL,HIGH
song_e3dca7ef1a850c9c,Mồng Tơi,Van Quang Long,,,,,,,,,not_found,ZWZAOZ76,https://zingmp3.vn/bai-hat/Mong-Toi-Van-Quang-Long/ZWZAOZ76.html,,pop|electronic|dance-pop|ballad,apple_music|discogs,MISSING_ORIGINAL,HIGH
song_5c57faefbd3f3729,MỘNG YU - AMEE x MCK | Official Music Video (from ‘MỘNGMEE’ album),ST.319 Entertainment,,,,,,,,,not_found,,,https://www.youtube.com/watch?v=09Mh7GgUFFA,pop,apple_music,MISSING_ORIGINAL,HIGH
song_e510402651f824da,Một Mình Ta / buitruonglinh | Lyrics Video |,buitruonglinh,,,,,,,,,not_found,,,https://www.youtube.com/watch?v=GrAaG6zifRQ,pop|v-pop,apple_music|zingmp3,MISSING_ORIGINAL,HIGH
song_862ec515344dbba1,Một Ngày Rất Khác - Soobin Hoàng Sơn ft. Suni Hạ Linh | Official Music Video,SOOBIN Official,,,,,,,,,not_found,,,https://www.youtube.com/watch?v=nIjreHymcWU,teen pop,apple_music,MISSING_ORIGINAL,HIGH
song_aae1c149597b895d,Một Thoáng Quê Hương - Kyo York - Audio Lyric,Kyo York OFFICIAL,,,,,,,,,not_found,,,https://www.youtube.com/watch?v=mHxadjIr6SY,v-pop,zingmp3,MISSING_ORIGINAL,HIGH
song_20a76892b26e3eff,Một Thoáng Quê Hương - Nhạc Beat ver 2,Le Thuan,,,,,,,,,not_found,,,https://www.youtube.com/watch?v=Gy75zfxH_Lc,pop,apple_music,MISSING_ORIGINAL,HIGH
song_fecfc58e42481f87,Mỹ Anh - Đánh Cược | OFFICIAL MUSIC VIDEO,Mỹ Anh,,,,,,,,,not_found,,,https://www.youtube.com/watch?v=lxWIim5Qn10,soul|b việt,apple_music|zingmp3,MISSING_ORIGINAL,HIGH
song_ab6b50872134011e,MỸ TÂM - ANH CHƯA BIẾT ĐÂU | OFFICIAL MUSIC VIDEO,My Tam,,,,,,,,,not_found,,,https://www.youtube.com/watch?v=OR-mmAXSCEs,pop|v-pop|tết|ballad,apple_music|zingmp3|discogs,MISSING_ORIGINAL,HIGH
song_18bdf5b6b6fffd85,Mỹ Tâm - Chuyện Như Chưa Bắt Đầu (PRETEND WE HAD NO START) M/V,My Tam,,,,,,,,,not_found,,,https://www.youtube.com/watch?v=tHTyWBD47Ck,v-pop|tết,zingmp3,MISSING_ORIGINAL,HIGH
song_bc01cb3e3fc1379f,MỸ TÂM - CỐ HƯƠNG (Animation MV),My Tam,,,,,,,,,not_found,,,https://www.youtube.com/watch?v=dtEzmOf3U0M,v-pop|tết,zingmp3,MISSING_ORIGINAL,HIGH
song_7ce88ab66c143c34,MỸ TÂM - CỨ VUI LÊN (Be Happy! My beloved friends),My Tam,,,,,,,,,not_found,,,https://www.youtube.com/watch?v=y70kmGVY2tA,v-pop|tết|alternative,zingmp3|shazam,MISSING_ORIGINAL,HIGH
song_73d90ac42de8260a,Mỹ Tâm - Em Phải Làm Sao (WHAT COULD I DO) M/V,My Tam,,,,,,,,,not_found,,,https://www.youtube.com/watch?v=ay4oQzXwDcc,pop|v-pop|tết,apple_music|zingmp3,MISSING_ORIGINAL,HIGH
song_a95f750c112ed94d,Mỹ Tâm - Em Thì Không (Official) ft. Karik,My Tam,,,,,,,,,not_found,,,https://www.youtube.com/watch?v=QhZYm8c6FRQ,v-pop|tết,zingmp3,MISSING_ORIGINAL,HIGH
song_97946c771d890435,Mỹ Tâm - Hãy Về Với Nhau,My Tam,,,,,,,,,not_found,,,https://www.youtube.com/watch?v=5WKzJ9s-XU4,pop|v-pop|tết|folk|world|country,apple_music|zingmp3|discogs,MISSING_ORIGINAL,HIGH
song_f1bada65ed256497,MỸ TÂM - HẸN ƯỚC TỪ HƯ VÔ (LIVE) | MY SOUL 1981,My Tam,,,,,,,,,not_found,,,https://www.youtube.com/watch?v=W4P8gl4dnrg,v-pop|tết|funk|soul|disco,zingmp3|discogs,MISSING_ORIGINAL,HIGH
song_f994a08533923511,Mỹ Tâm - Như Một Giấc Mơ (LIKE A DREAM) M/V,My Tam,,,,,,,,,not_found,,,https://www.youtube.com/watch?v=pYGNl0hqAbU,v-pop|tết,zingmp3,MISSING_ORIGINAL,HIGH
song_5273cbe7b8254a1a,MỸ TÂM | NHƯ MỘT GIẤC MƠ | Màn Trình Diễn Chục Triệu Views Tại Mỹ Sân Khấu Ruby Blvd,Ruby Blvd Entertainment,,,,,,,,,not_found,,,https://www.youtube.com/watch?v=GEnVDmqHE2w,classical|k-pop,allmusic,MISSING_ORIGINAL,LOW
song_78ca9bd1f0dbb3ac,MỸ TÂM - NẾU CÓ BUÔNG TAY (IF YOU LET GO) (Audio),My Tam,,,,,,,,,not_found,,,https://www.youtube.com/watch?v=-T6XSRcUKO4,pop|v-pop|tết,apple_music|zingmp3,MISSING_ORIGINAL,HIGH
song_38e8637acc39b310,Mỹ Tâm - Sai (WRONG) M/V,My Tam,,,,,,,,,not_found,,,https://www.youtube.com/watch?v=fm--956H2yY,classical|v-pop|tết|country,apple_music|zingmp3|allmusic,MISSING_ORIGINAL,HIGH
song_8ec77361447efc65,Mỹ Tâm - Trắng Đen (BLACK & WHITE) M/V,My Tam,,,,,,,,,not_found,,,https://www.youtube.com/watch?v=rGIJ978wLIw,v-pop|tết,zingmp3,MISSING_ORIGINAL,HIGH
song_48a66c3937f323b3,Mỹ Tâm - Vì Em Quá Yêu Anh (CRAZY LOVE) M/V,My Tam,,,,,,,,,not_found,,,https://www.youtube.com/watch?v=XXDBsuIo4RU,v-pop|tết|pop,zingmp3|allmusic,MISSING_ORIGINAL,HIGH
song_943388a0576314bd,MỸ TÂM - ĐÂU CHỈ RIÊNG EM (MV ONE SHOT CLOSE-UP),My Tam,,,,,,,,,not_found,,,https://www.youtube.com/watch?v=ttd3hNNxfZw,v-pop|tết,zingmp3,MISSING_ORIGINAL,HIGH
song_31dd799aa5c92367,Mỹ Tâm - Đôi Mắt Màu Xanh (Blue Eyes) M/V,My Tam,,,,,,,,,not_found,,,https://www.youtube.com/watch?v=xSAVfhW0xD0,v-pop|tết|alternative,zingmp3|qobuz,MISSING_ORIGINAL,HIGH
song_725576da94472546,Naive,Nimus - Topic,,,,,,,,,not_found,,,https://www.youtube.com/watch?v=5Zr1YFn-9Ws,dance|v-pop|alternative,apple_music|zingmp3|nhaccuatui|nhac_vn|shazam|allmusic|qobuz|youtube,MISSING_ORIGINAL,HIGH
song_840e165c8fa8a8af,Natasha Bedingfield - Unwritten (Lyrics),7clouds,,,,,,,,,not_found,,,https://www.youtube.com/watch?v=vRQb_-mRcAc,pop,apple_music,MISSING_ORIGINAL,HIGH
song_37fb513b86b017b1,Nathan Lee - MDD (Official Music Video),Nathan Lee,,,,,,,,,not_found,,,https://www.youtube.com/watch?v=SXUJvSl2tOQ,pop|v-pop,apple_music|zingmp3,MISSING_ORIGINAL,HIGH
song_624e5aebe7753100,NEGAV - MÌNH ANH THÔI I OFFICIAL MUSIC VIDEO,Negav,,,,,,,,,not_found,,,https://www.youtube.com/watch?v=8E9CUCVIHWI,pop,apple_music,MISSING_ORIGINAL,HIGH
song_285b804c48a3962c,Neptone - Another Love,We Are Diamond,,,,,,,,,not_found,,,https://www.youtube.com/watch?v=hk8KepWUyZE,alternative,nhaccuatui,MISSING_ORIGINAL,LOW
song_80775be18972c0f7,Neu,Noo Phước Thịnh,,,,,,,,,not_found,,,https://www.youtube.com/watch?v=K5UQqBRJ_EE,pop|v-pop|alternative,apple_music|zingmp3|discogs|qobuz|musicbrainz,MISSING_ORIGINAL,HIGH
song_988335b0114770be,Neutrin05 - Wish You Were Here,HearWeGo,,,,,,,,,not_found,,,https://www.youtube.com/watch?v=k-v7XulpE48,house,qobuz,MISSING_ORIGINAL,LOW
song_be616272913f686e,New West - Those Eyes (Lyrics),The Vibe Guide,,,,,,,,,not_found,,,https://www.youtube.com/watch?v=_-YjO6KfEMk,hip hop|rap,apple_music,MISSING_ORIGINAL,HIGH
song_a5f6db27db5de163,Next Door To Heaven - Colors (Official music video),Next Door To Heaven,,,,,,,,,not_found,,,https://www.youtube.com/watch?v=7MN3L1QUYyI,nhật bản|pop|dance,zingmp3,MISSING_ORIGINAL,HIGH
song_45cb6845e91afc33,Nghe như tình yêu - MCK remixx prod. By Kewtiie,MCK // Nger,,,,,,,,,not_found,,,https://www.youtube.com/watch?v=L_z9YHX5ous,trữ tình|bolero,nhaccuatui|nhac_vn|allmusic|shazam|qobuz|youtube,MISSING_ORIGINAL,HIGH
song_9ee8d956addbdd65,Ngoảnh Mặt,Fony Trung,,,,,,,,,not_found,ZW69EB97,https://zingmp3.vn/bai-hat/Ngoanh-Mat-Fony-Trung/ZW69EB97.html,,electronic,web_search,MISSING_ORIGINAL,LOW
song_c02470698d5742e1,NGUYÊN HÀ - SAU NÀY HÃY GẶP LẠI NHAU KHI HOA NỞ | OFFICIAL MUSIC VIDEO,Nguyên Hà Official,,,,,,,,,not_found,,,https://www.youtube.com/watch?v=xB2qsCnqAXA,pop|v-pop,apple_music|zingmp3,MISSING_ORIGINAL,HIGH
song_133a3213af24ae84,Nguyễn Đình Vũ - Em Của Quá Khứ (MV Official),Zing MP3,,,,,,,,,not_found,,,https://www.youtube.com/watch?v=OJfx0vO5Rak,pop,apple_music,MISSING_ORIGINAL,HIGH
song_f5330b19c92fc923,Ngày Anh Đi | Minh Hằng | Official Music Video,YEAH1 MUSIC,,,,,,,,,not_found,,,https://www.youtube.com/watch?v=21-DLn8o_x0,pop|v-pop,apple_music|zingmp3,MISSING_ORIGINAL,HIGH
song_f3df0a2abef88177,"Ngày Khác Lạ (feat. Giang Phạm, Triple D)",Đen Vâu Official,,,,,,,,,not_found,,,https://www.youtube.com/watch?v=BCDsCrmzovI,hip hop|rap,apple_music,MISSING_ORIGINAL,HIGH
song_78d3c3133dc1a7a4,Ngày Mai Em Đi,Lê Hiếu,,,,,,,,,not_found,,,https://www.youtube.com/watch?v=YI_b3NgCr3Q,pop|edm việt,apple_music|zingmp3,MISSING_ORIGINAL,HIGH
song_138179d7dec7efd3,ngày mùa đông - Chillies (Official Music Video),Chillies,,,,,,,,,not_found,,,https://www.youtube.com/watch?v=54XBniawjJw,rock việt,zingmp3,MISSING_ORIGINAL,HIGH
song_754a6dede4db8a21,Ngày Thời Gian Đứng Yên,Dai Nhan,,,,,,,,,not_found,ZW669ICI,https://zingmp3.vn/bai-hat/Ngay-Thoi-Gian-Dung-Yen-Dai-Nhan/ZW669ICI.html,,pop,apple_music,MISSING_ORIGINAL,HIGH
song_04c51b350ec77f73,Ngày Vắng Anh - Bảo Thy [Official],POPS MUSIC,,,,,,,,,not_found,,,https://www.youtube.com/watch?v=C3f7gZa1Lp0,pop,apple_music,MISSING_ORIGINAL,HIGH
song_4602f6c425dadfad,Ngày Xuân Vui Cưới (Remix),Hồ Quang Lộc,,,,,,,,,not_found,ZW6F97B9,https://zingmp3.vn/bai-hat/Ngay-Xuan-Vui-Cuoi-Remix-Ho-Quang-Loc/ZW6F97B9.html,,pop,apple_music,MISSING_ORIGINAL,HIGH
song_516fcae41370af25,Ngày Xưa Em Đến | Anh Khang | Official MV,POPS MUSIC,,,,,,,,,not_found,,,https://www.youtube.com/watch?v=3K4WC1vw8Is,country|v-pop,apple_music|zingmp3,MISSING_ORIGINAL,HIGH
song_43cf8d08add1afdc,NGÀY ĐẦU TIÊN - ĐỨC PHÚC | OFFICIAL MUSIC VIDEO | VALENTINE 2022,ĐỨC PHÚC OFFICIAL,,,,,,,,,not_found,,,https://www.youtube.com/watch?v=rIXhXaQ8tiM,pop|v-pop|folk|world|country,apple_music|zingmp3|discogs,MISSING_ORIGINAL,HIGH
song_2f85c15ecda2f6c4,Ngóng Chờ Nơi Ngõ Vắng,Phuong Thanh,,,,,,,,,not_found,ZWZ99889,https://zingmp3.vn/bai-hat/Ngong-Cho-Noi-Ngo-Vang-Phuong-Thanh/ZWZ99889.html,,pop|ballad|v-pop,apple_music|musicbrainz,MISSING_ORIGINAL,HIGH
song_baf8c8bc928157de,NGÔ LAN HƯƠNG | Xuân 26 (Official Music Video),Ngô Lan Hương,,,,,,,,,not_found,,,https://www.youtube.com/watch?v=EPylpJ3iKOE,pop|house,apple_music|shazam,MISSING_ORIGINAL,HIGH
song_61fa2894a4d3e63b,Ngôi Sao Cô Đơn | Minh Hằng | Sắc Đẹp Ngàn Cân OST | Official Music Video,Minh Hằng Official,,,,,,,,,not_found,,,https://www.youtube.com/watch?v=EMyW7WvhEso,country,apple_music,MISSING_ORIGINAL,HIGH
song_e12a5677d5e7b18e,người bán nỗi buồn - Trung Quân x Phí Phương Anh x RIN9 | Official Music Video,DREAMeR Entertainment,,,,,,,,,not_found,,,https://www.youtube.com/watch?v=Boc3L2XxemE,pop,apple_music,MISSING_ORIGINAL,HIGH
song_f7bc70ef81d23a77,Người Lạ Thoáng Qua - Đinh Tùng Huy | Thương Võ Cover,THƯƠNG VÕ OFFICIAL,,,,,,,,,not_found,,,https://www.youtube.com/watch?v=ZKloSS5R1bc,pop|v-pop|folk|world|country,apple_music|zingmp3|discogs,MISSING_ORIGINAL,HIGH
song_33370604ec68a9b4,Người mẹ hiền áo đen,"Wings production, Nguyễn Bảo Toàn, Nguyễn Ngọc Mỹ",,,,,,,,,not_found,ZOE669ID,https://zingmp3.vn/bai-hat/Nguoi-me-hien-ao-den-Wings-production-Nguyen-Bao-Toan-Nguyen-Ngoc-My/ZOE669ID.html,,pop,apple_music,MISSING_ORIGINAL,HIGH
song_320eab7bb70594a1,Người Ta (Lofi Ver.),Đoàn Khánh Linh - Topic,,,,,,,,,not_found,,,https://www.youtube.com/watch?v=adqffH8gcUo,indie pop|v-pop,apple_music|zingmp3,MISSING_ORIGINAL,HIGH
song_f845e247a1e2393e,Người Ta Nói - Trúc Nhân | Cô Gái Đến Từ Hôm Qua OST,YEAH1 MUSIC,,,,,,,,,not_found,,,https://www.youtube.com/watch?v=gyWUazuJBak,pop,apple_music,MISSING_ORIGINAL,HIGH
song_6f710cf94eba122f,Người Tình Mùa Đông - Như Quỳnh (ASIA 6),Asia Entertainment Official,,,,,,,,,not_found,,,https://www.youtube.com/watch?v=enWquTrqYTc,worldwide|pop|folk|world|country|ballad|trữ tình,apple_music|discogs,MISSING_ORIGINAL,HIGH
song_aee41cc9ee2b9226,NGƯỜI YÊU KHÔNG ĐÁ - CHOCO ft THE FILLIN | OFFICIAL MV | CL Team,CL TV,,,,,,,,,not_found,,,https://www.youtube.com/watch?v=WvwHH0fFRqU,pop,apple_music,MISSING_ORIGINAL,HIGH
song_5c36e42bd46dae9a,Người Yêu Tôi Khóc,Thuy Vu,,,,,,,,,not_found,ZWZAO9BU,https://zingmp3.vn/bai-hat/Nguoi-Yeu-Toi-Khoc-Thuy-Vu/ZWZAO9BU.html,,pop|folk|world|country|trữ tình,apple_music|discogs,MISSING_ORIGINAL,HIGH
song_6b15b10a9d7f39ed,Người Yêu Ơi Vì Sao,"Ai Tai,Phuong Trinh",,,,,,,,,not_found,ZWZAD8WU,https://zingmp3.vn/bai-hat/Nguoi-Yeu-Oi-Vi-Sao-AiTai-Phuong-Trinh-Jolie/ZWZAD8WU.html,,pop,apple_music,MISSING_ORIGINAL,HIGH
song_098e03aa9a054c93,NGƯỜI ĐÁNG THƯƠNG LÀ ANH - ONLY C X NGUYỄN PHÚC THIỆN | OFFICIAL MUSIC VIDEO,OnlyC Production,,,,,,,,,not_found,,,https://www.youtube.com/watch?v=9tcFnx0-cQY,soul,apple_music,MISSING_ORIGINAL,HIGH
song_d16c8f96005d4d41,Người Ấy | Trịnh Thăng Bình | Official Music Video,POPS MUSIC,,,,,,,,,not_found,,,https://www.youtube.com/watch?v=1Tj1wSfRkZg,pop|v-pop,apple_music|zingmp3,MISSING_ORIGINAL,HIGH
song_1cc3215189a742c2,Người Ấy (version 2) | Trịnh Thăng Bình | Official MV,POPS MUSIC,,,,,,,,,not_found,,,https://www.youtube.com/watch?v=y1E1Cr4VGfc,pop,apple_music,MISSING_ORIGINAL,HIGH
song_b49c14513c9e07ef,Người Ấy Và Tôi Em Chọn Ai | Lưu Chí Vỹ | Official Music Video,POPS MUSIC,,,,,,,,,not_found,,,https://www.youtube.com/watch?v=ZPLWbhSeU7g,v-pop,zingmp3,MISSING_ORIGINAL,HIGH
song_c8151eb671ae10ef,"Ngọc Dolil - mong thế giới dịu dàng với em (ft. O.lew) | MV | Buồn thì cứ khóc, mặc bao ánh mắt...",Ngọc Dolil,,,,,,,,,not_found,,,https://www.youtube.com/watch?v=iyP1kGWisuk,edm việt,zingmp3,MISSING_ORIGINAL,HIGH
song_65c118b789ab22f5,Ngọn Nến Trước Gió,JustaTeeMusic,,,,,,,,,not_found,,,https://www.youtube.com/watch?v=fHjK7MUpZts,rap việt,zingmp3,MISSING_ORIGINAL,HIGH
song_499db55bd692bac0,Ngọt - CHUYỂN KÊNH (sản phẩm này không phải là thuốc),Ngọt,,,,,,,,,not_found,,,https://www.youtube.com/watch?v=ECZVU4x6Xq0,pop|v-pop|indie pop|indie,apple_music|zingmp3|nhaccuatui|nhac_vn|shazam|allmusic|qobuz|youtube,MISSING_ORIGINAL,HIGH
song_100dece364dec4e2,Ngọt - Em dạo này (Official Music Video),Ngọt,,,,,,,,,not_found,,,https://www.youtube.com/watch?v=-6s_eRHYqVM,rock|v-pop|indie pop|indie,apple_music|zingmp3|nhaccuatui|nhac_vn|shazam|allmusic|qobuz|youtube,MISSING_ORIGINAL,HIGH
song_0220dde93b8455ad,NGỌT - JUSTATEE x RHYMASTIC x BAEMIN | Official Music Video,JustaTeeMusic,,,,,,,,,not_found,,,https://www.youtube.com/watch?v=ijSIz1xpeVk,indie pop|indie,nhaccuatui|nhac_vn|allmusic|shazam|qobuz|youtube,MISSING_ORIGINAL,HIGH
song_1686c81c2ab83f46,Ngọt - LẦN CUỐI (đi bên em xót xa người ơi),Ngọt,,,,,,,,,not_found,,,https://www.youtube.com/watch?v=kSjj0LlsqnI,pop|v-pop|rock|indie rock|alternative rock|indie pop|indie,apple_music|zingmp3|discogs|nhaccuatui|shazam|nhac_vn|allmusic|qobuz|youtube,MISSING_ORIGINAL,HIGH
song_b3fa0eccfc6a5fb9,Ngọt - NỨT (đôi chân đôi tay đôi mắt trái tim),Ngọt,,,,,,,,,not_found,,,https://www.youtube.com/watch?v=xG94wlZai1I,pop|v-pop|rock|indie rock|alternative rock|indie pop|indie,apple_music|zingmp3|discogs|nhaccuatui|nhac_vn|shazam|allmusic|qobuz|youtube,MISSING_ORIGINAL,HIGH
song_df9707d9fbf75435,Ngọt - Tìm Người Nhà,Ngọt,,,,,,,,,not_found,,,https://www.youtube.com/watch?v=j-oB7Bbv4ig,pop|v-pop|rock|indie rock|alternative rock|indie pop|indie,apple_music|zingmp3|discogs|nhaccuatui|nhac_vn|shazam|allmusic|qobuz|youtube,MISSING_ORIGINAL,HIGH
song_5564bc20ec36b484,Ngọt -  (tôi) ĐI TRÚ ĐÔNG (Official Music Video),Ngọt,,,,,,,,,not_found,,,https://www.youtube.com/watch?v=ZWY5WXssw_w,pop|v-pop|indie pop|indie,apple_music|zingmp3|nhaccuatui|allmusic|shazam|nhac_vn|qobuz|youtube,MISSING_ORIGINAL,HIGH
song_a721c29a1427663c,Ngọt - để quên,Ngọt,,,,,,,,,not_found,,,https://www.youtube.com/watch?v=W08NL1mchhs,pop|v-pop|indie pop|indie,apple_music|zingmp3|nhaccuatui|nhac_vn|shazam|allmusic|qobuz|youtube,MISSING_ORIGINAL,HIGH
song_dd3438b91a9b41e1,Ngọt - Đốt,Ngọt,,,,,,,,,not_found,,,https://www.youtube.com/watch?v=xvpverLphlo,pop|v-pop|electronic|hip hop|rock|indie pop|indie rock|alternative rock|hard rock|roll|ballad|pop punk|indie,apple_music|zingmp3|discogs|nhaccuatui|nhac_vn|shazam|allmusic|qobuz|youtube,MISSING_ORIGINAL,HIGH
song_526a8e65adf437ee,Ngỡ Là Giấc Mơ,Pha Le,,,,,,,,,not_found,ZWZB7W9O,https://zingmp3.vn/bai-hat/Ngo-La-Giac-Mo-Pha-Le/ZWZB7W9O.html,,pop,apple_music,MISSING_ORIGINAL,HIGH
song_fd95246acfebd532,ngủ một mình,Release - Topic,,,,,,,,,not_found,,,https://www.youtube.com/watch?v=KgLUX309l28,reggae|folk|world|country|trữ tình,apple_music|discogs,MISSING_ORIGINAL,HIGH
song_106efe43f0a9d9b1,"NGỰA Ô - TeuYungBoy, Dangrangto (Prod. DONAL) | Official MV",WORKAHOLIC$,,,,,,,,,not_found,,,https://www.youtube.com/watch?v=cm0C1c2UuQA,pop,nhaccuatui,MISSING_ORIGINAL,LOW
song_98c9c51e8a5bd036,Nhanh lên nhé! (feat. Touliver & SlimV),Rhymastic Official,,,,,,,,,not_found,,,https://www.youtube.com/watch?v=gUcM1nBBiIA,pop|v-pop,apple_music|zingmp3,MISSING_ORIGINAL,HIGH
song_4a7962f23cfb730e,Như Anh Đã Thấy Em (CTTDE2) - PhucXp ft. Freak D,Freak D Music,,,,,,,,,not_found,,,https://www.youtube.com/watch?v=OYUY7Ugupts,trữ tình|bolero,nhaccuatui|nhac_vn|shazam|allmusic|qobuz|youtube,MISSING_ORIGINAL,HIGH
song_cb4419a272ab5e75,Như Gió Với Mây [OST Phim Ca Nhạc Gấu Ka và Nàng Tiên Cá] | Đinh Đại Vũ | Ny Saki | Official MV,POPS MUSIC,,,,,,,,,not_found,,,https://www.youtube.com/watch?v=WT8FehypqX8,trữ tình|bolero,nhaccuatui|nhac_vn|allmusic|shazam|qobuz|youtube,MISSING_ORIGINAL,HIGH
song_4fd1ef6ffedce60e,Như Ngày Đó - Binz ft. Khói & It's Lee (Lyric Video) | tas release,tas,,,,,,,,,not_found,,,https://www.youtube.com/watch?v=LxaU644C3is,hip hop|trữ tình|bolero,discogs|nhaccuatui|nhac_vn|shazam|allmusic|qobuz|youtube,MISSING_ORIGINAL,HIGH
song_135ef4e67b825faf,Nhạc của rừng,Đen Vâu Official,,,,,,,,,not_found,,,https://www.youtube.com/watch?v=q5aKcyMALJI,hip hop|rap|nhạc không lời,apple_music|zingmp3,MISSING_ORIGINAL,HIGH
song_8e152df4300d02df,Nhạc phim cổ tích dã tràng,Âm Nhạc Trái Đất,,,,,,,,,not_found,,,https://www.youtube.com/watch?v=t8PlqfdlRGE,alternative folk,apple_music,MISSING_ORIGINAL,HIGH
song_905536732f22a528,NHẠT - PHAN MẠNH QUỲNH [OFFICIAL MUSIC VIDEO],Phan Mạnh Quỳnh Official,,,,,,,,,not_found,,,https://www.youtube.com/watch?v=M8U7PR6fQNA,pop|v-pop|folk|world|country|ballad|trữ tình,apple_music|zingmp3|discogs,MISSING_ORIGINAL,HIGH
song_49c64585bcc1914a,NHẤT BÁI THIÊN ĐỊA - The Flob (prod. CHIN) | OFFICIAL MUSIC VIDEO,The Flob,,,,,,,,,not_found,,,https://www.youtube.com/watch?v=Mhv4DuhXr6w,rock|rock việt,apple_music|zingmp3,MISSING_ORIGINAL,HIGH
song_8ea439d9e6a47e4a,nhận một cú lừa nhưng bích phương không quá buồn như anh nghĩ đâu,BÍCH PHƯƠNG,,,,,,,,,not_found,,,https://www.youtube.com/watch?v=gVlYxmdbYqM,pop,apple_music,MISSING_ORIGINAL,HIGH
song_8a3e1144d86d2229,Nhật Ký Của Mẹ - Hiền Thục,POPS MUSIC,,,,,,,,,not_found,,,https://www.youtube.com/watch?v=-_aQdkyxpZY,pop|v-pop,apple_music|zingmp3,MISSING_ORIGINAL,HIGH
song_b6f6df2180a987bd,Nhật Ký Của Mẹ | Hiền Thục | Official MV | St: Nguyễn Văn Chung,POPS MUSIC,,,,,,,,,not_found,,,https://www.youtube.com/watch?v=3Waf1Gy9d90,pop|v-pop,apple_music|zingmp3,MISSING_ORIGINAL,HIGH
song_eea6af54cc8996db,NHẬT PHONG | SẦU TƯƠNG TƯ | OFFICIAL MUSIC VIDEO,Nhật Phong,,,,,,,,,not_found,,,https://www.youtube.com/watch?v=52GEFUvfAlA,folk|v-pop|world|country|trữ tình,apple_music|zingmp3|discogs,MISSING_ORIGINAL,HIGH
song_fa2f58e1c4000df5,NHẬT PHONG | SỢ PHẢI KẾT THÚC | OFFICIAL MUSIC VIDEO,Nhật Phong,,,,,,,,,not_found,,,https://www.youtube.com/watch?v=VouydMw_xsw,v-pop,zingmp3,MISSING_ORIGINAL,HIGH
song_4901387857ed72b9,Nhật Phong x Mạc Văn Khoa x Ny Saki | Thằng Hầu | Official Music Video,Nhật Phong,,,,,,,,,not_found,,,https://www.youtube.com/watch?v=hyEjleOLcMg,pop|folk|world|country|stage|screen|trữ tình|karaoke,discogs,MISSING_ORIGINAL,HIGH
song_d293e599cb55c3f8,NHẮM MẮT CON TIM VƯƠNG SẦU - SOFIA x TRUNG NGON | OFFICIAL VISUALIZER,Sofia Official,,,,,,,,,not_found,,,https://www.youtube.com/watch?v=omDkEL47Yf8,edm việt,zingmp3,MISSING_ORIGINAL,HIGH
song_51e433f21e1037cf,Nhắm Mắt Thấy Mùa Hè - Nguyên Hà | St. Hồ Tiến Đạt「 Official MV Lyrics」,Nguyên Hà Official,,,,,,,,,not_found,,,https://www.youtube.com/watch?v=fgpwTxIv76Q,nhạc phim|alternative|latin,zingmp3|nhaccuatui|allmusic,MISSING_ORIGINAL,HIGH
song_acde0497a60eca77,Nhắm Mắt Thấy Mùa Hè - Nguyên Hà | St: Hồ Tiến Đạt | Official MV Visualizer,Nguyên Hà Official,,,,,,,,,not_found,,,https://www.youtube.com/watch?v=BpGEZ-e1kko,nhạc phim|pop|v-pop,zingmp3|discogs,MISSING_ORIGINAL,HIGH
song_e0402ef0b40ff477,NHẮN RẰNG ANH NHỚ EM - ĐÌNH DŨNG  | OFFICIAL MUSIC VIDEO,Đình Dũng Official,,,,,,,,,not_found,,,https://www.youtube.com/watch?v=yGCQVd5Jkjs,pop|v-pop,apple_music|zingmp3,MISSING_ORIGINAL,HIGH
song_dd86c35d38aabf9f,NHẸ LÒNG KHÔNG LÒNG VÒNG - TRANG PHÁP ft. HOÀNG DŨNG | OFFICIAL MUSIC VIDEO,Trang Pháp Official,,,,,,,,,not_found,,,https://www.youtube.com/watch?v=OGTxBF5rpME,pop,apple_music,MISSING_ORIGINAL,HIGH
song_d99c6bfeb153878a,Nhớ Anh & Nhé Anh,"Anh Tú, Lyly",,,,,,,,,not_found,Z6BZ7WBC,https://zingmp3.vn/bai-hat/Nho-Anh-Nhe-Anh-Anh-Tu-LyLy/Z6BZ7WBC.html,,pop,apple_music,MISSING_ORIGINAL,HIGH
song_45efab797699a973,"Nhớ Mãi Chuyến Đi Này (feat. Bùi Công Nam, Wren Evans, Tiến Luật, Diệu Nhi & Cầm)",Forest Studio - Topic,,,,,,,,,not_found,,,https://www.youtube.com/watch?v=UIjALrbCytk,dance|v-pop,apple_music|zingmp3,MISSING_ORIGINAL,HIGH
song_bb93484a12bbcc0c,Nhớ Nhung | Bảo Anh | Official Music Video,YEAH1 MUSIC,,,,,,,,,not_found,,,https://www.youtube.com/watch?v=x9UMP3JPsl8,pop|v-pop,apple_music|zingmp3,MISSING_ORIGINAL,HIGH
song_9438d92e7883234c,Những Kẻ Mộng Mơ,SOOBIN Official,,,,,,,,,not_found,,,https://www.youtube.com/watch?v=zuqTFmUY0Co,pop|v-pop|house,apple_music|zingmp3|youtube,MISSING_ORIGINAL,HIGH
song_904e47ec85a428a1,Những Lời Hứa Bỏ Quên,Vũ Official,,,,,,,,,not_found,,,https://www.youtube.com/watch?v=hDrFd1W8fvU,rock|v-pop|alternative,apple_music|zingmp3|nhac_vn,MISSING_ORIGINAL,HIGH
song_a05e3b9753072571,Những Đêm Lặng Câm,Bích Phương,,,,,,,,,not_found,ZW6EB8C0,https://zingmp3.vn/bai-hat/Nhung-Dem-Lang-Cam-Bich-Phuong/ZW6EB8C0.html,,pop|v-pop,apple_music|discogs|musicbrainz,MISSING_ORIGINAL,HIGH
song_5aef3b62fd8dde3d,Nimus - Before the Sun Sets (feat. RED),We Are Diamond,,,,,,,,,not_found,,,https://www.youtube.com/watch?v=E310uF-n_QE,alternative|country,nhaccuatui|shazam,MISSING_ORIGINAL,HIGH
song_f854f66a07082ce6,"Nimus, Noile - Hurt You (feat. Sønlille)",We Are Diamond,,,,,,,,,not_found,,,https://www.youtube.com/watch?v=VjSTlbj74pY,dance,apple_music,MISSING_ORIGINAL,HIGH
song_d8b4b2bc78ab5f24,Nirvana - Come As You Are (Official Music Video),Nirvana,,,,,,,,,not_found,,,https://www.youtube.com/watch?v=vabnZ9-ex7o,hàn quốc|rock|alternative rock|grunge|acoustic|alternative,zingmp3|discogs|nhaccuatui|nhac_vn|shazam|allmusic|qobuz|youtube,MISSING_ORIGINAL,HIGH
song_8c6a2d73adc007df,Nirvana - Heart-Shaped Box,Nirvana,,,,,,,,,not_found,,,https://www.youtube.com/watch?v=n6P0SitRwy8,alternative|rock|grunge|alternative rock,apple_music|zingmp3|discogs|nhaccuatui|shazam|nhac_vn|allmusic|qobuz|youtube,MISSING_ORIGINAL,HIGH
song_8b05985e295cb9e5,Nirvana - Lithium (Official Music Video),Nirvana,,,,,,,,,not_found,,,https://www.youtube.com/watch?v=pkcJEvMcnEg,hàn quốc|rock|alternative rock|grunge|acoustic|alternative,zingmp3|discogs|nhaccuatui|shazam|nhac_vn|allmusic|qobuz|youtube,MISSING_ORIGINAL,HIGH
song_fcbe2eb5685d5410,Nirvana - Smells Like Teen Spirit (Official Music Video),Nirvana,,,,,,,,,not_found,,,https://www.youtube.com/watch?v=hTWKbfoikeg,rock|hàn quốc|alternative rock|alternative,apple_music|zingmp3|nhaccuatui|nhac_vn|shazam|allmusic|qobuz|youtube,MISSING_ORIGINAL,HIGH
song_19a790161f33a0c9,Niềm Yêu Khác,Vu Cat Tuong,,,,,,,,,not_found,ZW6FO6ZI,https://zingmp3.vn/bai-hat/Niem-Yeu-Khac-Vu-Cat-Tuong/ZW6FO6ZI.html,,pop|v-pop|lgbt|latin,apple_music|musicbrainz|youtube,MISSING_ORIGINAL,HIGH
song_5738a28e6bdb6d2c,Niền Tin Cho Cát Bụi,Various Artists,,,,,,,,,not_found,ZW6I7608,https://zingmp3.vn/bai-hat/Nien-Tin-Cho-Cat-Bui-Buc-Tuong/ZW6I7608.html,,bolero,apple_music,MISSING_ORIGINAL,HIGH
song_5834f64beeafab4a,(No Copyright Music) Arabian Gaming Ambient [Eastern Music] by MokkaMusic / Desert Eagle,Mokka - No Copyright Music,,,,,,,,,not_found,,,https://www.youtube.com/watch?v=ChDWV4r3-6M,pop|dance-pop,nhaccuatui|nhac_vn|shazam|allmusic|qobuz|youtube,MISSING_ORIGINAL,HIGH
song_b516cbbff236a1ec,[No Copyright Music] Artificial.Music - Nighttime Stroll [Jazz Hop],BreakingCopyright — Royalty Free Music,,,,,,,,,not_found,,,https://www.youtube.com/watch?v=oRWZys-kwLw,pop|dance-pop,nhaccuatui|nhac_vn|shazam|allmusic|qobuz|youtube,MISSING_ORIGINAL,HIGH
song_75889dec6a971e90,(No Copyright Music) Cinematic Ethnic [Eastern Music] by MokkaMusic / Fly Away,Mokka - No Copyright Music,,,,,,,,,not_found,,,https://www.youtube.com/watch?v=OAPK_KQFIIY,pop|dance-pop,nhaccuatui|nhac_vn|shazam|allmusic|qobuz|youtube,MISSING_ORIGINAL,HIGH
song_ec78bc233cc82648,[No Copyright Music] Giraffe Squad - Wait For Me [Instrumental Trap],BreakingCopyright — Royalty Free Music,,,,,,,,,not_found,,,https://www.youtube.com/watch?v=wqh5flr2qo0,pop|dance-pop,nhaccuatui|nhac_vn|allmusic|shazam|qobuz|youtube,MISSING_ORIGINAL,HIGH
song_a179bbe24586e217,(No Copyright Music) Hip Hop Vintage Lo FI [Lo FI Beat] by MokkaMusic / Tokyo,Mokka - No Copyright Music,,,,,,,,,not_found,,,https://www.youtube.com/watch?v=brtNlgN0Kvw,pop|dance-pop,nhaccuatui|nhac_vn|shazam|allmusic|qobuz|youtube,MISSING_ORIGINAL,HIGH
song_3789ddc6a7b04985,[No Copyright Music] Jahzzar - Overdose [Indie Rock],BreakingCopyright — Royalty Free Music,,,,,,,,,not_found,,,https://www.youtube.com/watch?v=xLi38SL7HCg,pop|dance-pop,nhaccuatui|nhac_vn|shazam|allmusic|qobuz|youtube,MISSING_ORIGINAL,HIGH
song_671d36ec7d31e36e,[No Copyright Music] Jason Farnham - Payday [Happy],BreakingCopyright — Royalty Free Music,,,,,,,,,not_found,,,https://www.youtube.com/watch?v=jx6fKvkcnMU,pop|dance-pop,nhaccuatui|nhac_vn|shazam|allmusic|qobuz|youtube,MISSING_ORIGINAL,HIGH
song_6ca1cb10ca685cc2,[No Copyright Music] Joakim Karud - Vibe With Me [Electronic],BreakingCopyright — Royalty Free Music,,,,,,,,,not_found,,,https://www.youtube.com/watch?v=FAhRXhFn_us,pop|dance-pop,nhaccuatui|shazam|nhac_vn|allmusic|qobuz|youtube,MISSING_ORIGINAL,HIGH
song_3fa4f706cf874c83,[No Copyright Music] Lensko - Circles [Norwegian House],BreakingCopyright — Royalty Free Music,,,,,,,,,not_found,,,https://www.youtube.com/watch?v=2hW5_HzlMcw,pop|dance-pop,nhaccuatui|nhac_vn|shazam|allmusic|qobuz|youtube,MISSING_ORIGINAL,HIGH
song_5c8a335fcfc83861,[No Copyright Music] Light-foot - Garden [Chill Trap],BreakingCopyright — Royalty Free Music,,,,,,,,,not_found,,,https://www.youtube.com/watch?v=IzPJIRNEuJY,pop|dance-pop,nhaccuatui|shazam|allmusic|nhac_vn|qobuz|youtube,MISSING_ORIGINAL,HIGH
song_b95ca9efa596b8ad,[No Copyright Music] Light-foot - Reckless Elect [Instrumental Trap],BreakingCopyright — Royalty Free Music,,,,,,,,,not_found,,,https://www.youtube.com/watch?v=RCmLBEXbesk,pop|dance-pop,nhaccuatui|nhac_vn|shazam|allmusic|qobuz|youtube,MISSING_ORIGINAL,HIGH
song_6eaebb33badeb6cc,[No Copyright Music] LittleLight - Double Horizon [Drum and Bass],BreakingCopyright — Royalty Free Music,,,,,,,,,not_found,,,https://www.youtube.com/watch?v=DXqWpMOFLbY,pop|dance-pop,nhaccuatui|shazam|allmusic|nhac_vn|qobuz|youtube,MISSING_ORIGINAL,HIGH
song_38716a53a74d3ea4,(No Copyright Music) Middle Eastern [Eastern Music] by MokkaMusic / For the Ages,Mokka - No Copyright Music,,,,,,,,,not_found,,,https://www.youtube.com/watch?v=x5a0Hb4kkS0,pop|dance-pop,apple_music|nhaccuatui|nhac_vn|allmusic|shazam|qobuz|youtube,MISSING_ORIGINAL,HIGH
song_6d732d1a23d846f5,[No Copyright Music] Ryan Little - Lucy's Song [Chill Hop],BreakingCopyright — Royalty Free Music,,,,,,,,,not_found,,,https://www.youtube.com/watch?v=HMBrRkp5X88,pop|dance-pop,nhaccuatui|shazam|nhac_vn|allmusic|qobuz|youtube,MISSING_ORIGINAL,HIGH
song_0edf3ba525c55ff3,[No Copyright Music] Ryan Little - Samurai [Instrumental Trap],BreakingCopyright — Royalty Free Music,,,,,,,,,not_found,,,https://www.youtube.com/watch?v=CmsVF_t6En4,pop|dance-pop,nhaccuatui|nhac_vn|shazam|allmusic|qobuz|youtube,MISSING_ORIGINAL,HIGH
song_69ac146860dfaa14,NO LOLITA SHIT - Veronica Everheart (Official Video),veronicaeverheart,,,,,,,,,not_found,,,https://www.youtube.com/watch?v=pFHztGuwId4,alternative|pop|dance-pop,apple_music|nhaccuatui|nhac_vn|shazam|allmusic|qobuz|youtube,MISSING_ORIGINAL,HIGH
song_7f7a27cf841b23d0,Noah James - Set Free (Official Video),Noah James,Âu Mỹ,zingmp3_title_artist_search,https://zingmp3.vn/bai-hat/Set-Free-Leon-Saint-James/1QQB2wnu6HDx.html,Set Free,Leon Saint James,0.904,medium,"[{""id"":""q3564DMx4CZN"",""name"":""Âu Mỹ"",""title"":""Âu Mỹ"",""alias"":""au-my"",""link"":""/the-loai-album/Au-My/q3564DMx4CZN.html""}]; title_score=1.000; artist_score=0.615",found_needs_review,,,https://www.youtube.com/watch?v=5DivJ2xLvDM,christian|gospel,zingmp3,MISSING_ORIGINAL,HIGH
song_237d6725229194df,Noile - Existe El Amor (feat. Ladina Viva),We Are Diamond,,,,,,,,,not_found,,,https://www.youtube.com/watch?v=Nc0PW-47cyk,dance,apple_music,MISSING_ORIGINAL,HIGH
song_6237c34858bbcf4b,"Noile, nourii - By Your Side",We Are Diamond,,,,,,,,,not_found,,,https://www.youtube.com/watch?v=Z84pgkcGcDo,electronic,nhaccuatui,MISSING_ORIGINAL,LOW
song_57e3d219b210fcab,Nomyn - Don't Go,HearWeGo,,,,,,,,,not_found,,,https://www.youtube.com/watch?v=yczWDEViq3I,alternative,qobuz,MISSING_ORIGINAL,LOW
song_0cf0c315be6726fc,Non Copyrighted Drum and Bass Music 🥁,BreakingCopyright — Royalty Free Music,,,,,,,,,not_found,,,https://www.youtube.com/watch?v=QxiaFrv2i9M,country,nhaccuatui|nhac_vn|shazam|allmusic|qobuz|youtube,MISSING_ORIGINAL,HIGH
song_8ab9d885584b9165,[Non Copyrighted Music] Bobby Renz - Oceans [Alternative Rock],BreakingCopyright — Royalty Free Music,,,,,,,,,not_found,,,https://www.youtube.com/watch?v=mYCR0kvz2R4,country,nhaccuatui|nhac_vn|allmusic|shazam|qobuz|youtube,MISSING_ORIGINAL,HIGH
song_9a47a7c058e85337,[Non Copyrighted Music] Chris Haugen - Mirage [Indian Music],BreakingCopyright — Royalty Free Music,,,,,,,,,not_found,,,https://www.youtube.com/watch?v=J5Q52HX9oeA,country,nhaccuatui|nhac_vn|shazam|allmusic|qobuz|youtube,MISSING_ORIGINAL,HIGH
song_d6da8844a8788a14,[Non Copyrighted Music] Cjbeards - Puzzle [Electronic],BreakingCopyright — Royalty Free Music,,,,,,,,,not_found,,,https://www.youtube.com/watch?v=cBBL-R_3atM,country,nhaccuatui|nhac_vn|shazam|allmusic|qobuz|youtube,MISSING_ORIGINAL,HIGH
song_172f7fc5fb24fb2d,[Non Copyrighted Music] Danlsan - Free With You [Chill],BreakingCopyright — Royalty Free Music,,,,,,,,,not_found,,,https://www.youtube.com/watch?v=ed8THRArIBI,country,nhaccuatui|nhac_vn|shazam|allmusic|qobuz|youtube,MISSING_ORIGINAL,HIGH
song_cc2cbf51e1f1de17,[Non Copyrighted Music] Doug Maxwell - Lau Tzu Ehru [Chinese Music],BreakingCopyright — Royalty Free Music,,,,,,,,,not_found,,,https://www.youtube.com/watch?v=QRF2zzEFu8c,country,nhaccuatui|shazam|nhac_vn|allmusic|qobuz|youtube,MISSING_ORIGINAL,HIGH
song_5602d83df06028ec,[Non Copyrighted Music] Ehrling - Typhoon [Tropical House],BreakingCopyright — Royalty Free Music,,,,,,,,,not_found,,,https://www.youtube.com/watch?v=dp5fl0cQQy8,country,nhaccuatui|nhac_vn|shazam|allmusic|qobuz|youtube,MISSING_ORIGINAL,HIGH
song_a6054d2a6fc9d213,[Non Copyrighted Music] Ethan Meixsell - In the Shadows [Rock],BreakingCopyright — Royalty Free Music,,,,,,,,,not_found,,,https://www.youtube.com/watch?v=g2mrBkxWLZE,country,nhaccuatui|nhac_vn|shazam|allmusic|qobuz|youtube,MISSING_ORIGINAL,HIGH
song_9ab6cfbb1a90449c,[Non Copyrighted Music] Ethan Meixsell - Thor's Hammer [Rock],BreakingCopyright — Royalty Free Music,,,,,,,,,not_found,,,https://www.youtube.com/watch?v=o6Gr0xn6U88,country,nhaccuatui|nhac_vn|shazam|allmusic|qobuz|youtube,MISSING_ORIGINAL,HIGH
song_965a3f3c34ced3ec,[Non Copyrighted Music] Fredji - Flying High [Deep House],BreakingCopyright — Royalty Free Music,,,,,,,,,not_found,,,https://www.youtube.com/watch?v=B1DGKaZRDMA,country,nhaccuatui|nhac_vn|shazam|allmusic|qobuz|youtube,MISSING_ORIGINAL,HIGH
song_b2b2b95df69cd704,[Non Copyrighted Music] Fredji - Happy Life [Tropical House],BreakingCopyright — Royalty Free Music,,,,,,,,,not_found,,,https://www.youtube.com/watch?v=XvQ-5RCt9xs,country,nhaccuatui|nhac_vn|shazam|allmusic|qobuz|youtube,MISSING_ORIGINAL,HIGH
song_7ab7e690870a8910,[Non Copyrighted Music] Galshi Revolution - Mortem [Electro Dubstep],BreakingCopyright — Royalty Free Music,,,,,,,,,not_found,,,https://www.youtube.com/watch?v=eR-bYwCcwbc,country|electronic,nhaccuatui|shazam|nhac_vn|allmusic|qobuz|youtube,MISSING_ORIGINAL,HIGH
song_de923d623cdffdb1,[Non Copyrighted Music] Jingle Punks - Cataclysmic Molten Core [Epic],BreakingCopyright — Royalty Free Music,,,,,,,,,not_found,,,https://www.youtube.com/watch?v=Ue9ItPhn75M,country,nhaccuatui|nhac_vn|shazam|allmusic|qobuz|youtube,MISSING_ORIGINAL,HIGH
song_340ce27cf06ccac4,[Non Copyrighted Music] JJD - Aeon  [Melodic House],BreakingCopyright — Royalty Free Music,,,,,,,,,not_found,,,https://www.youtube.com/watch?v=k5Su_ZHAShs,country,nhaccuatui|nhac_vn|shazam|allmusic|qobuz|youtube,MISSING_ORIGINAL,HIGH
song_998d387799db41d2,[Non Copyrighted Music] Josh Lippi & The Overtimers - St. Francis [Sad],BreakingCopyright — Royalty Free Music,,,,,,,,,not_found,,,https://www.youtube.com/watch?v=pLEZgGeTnY8,country,nhaccuatui|nhac_vn|shazam|allmusic|qobuz|youtube,MISSING_ORIGINAL,HIGH
song_70e3ab99cb2ef05c,[Non Copyrighted Music] Lakey Inspired - Blue Boi [Lofi],BreakingCopyright — Royalty Free Music,,,,,,,,,not_found,,,https://www.youtube.com/watch?v=wnOoqdcf7zU,country,nhaccuatui|nhac_vn|shazam|allmusic|qobuz|youtube,MISSING_ORIGINAL,HIGH
song_bc3f674bda657b59,[Non Copyrighted Music] MBB - Feel Good [Tropical House],BreakingCopyright — Royalty Free Music,,,,,,,,,not_found,,,https://www.youtube.com/watch?v=KE1-T9qN5ho,country,nhaccuatui|nhac_vn|shazam|allmusic|qobuz|youtube,MISSING_ORIGINAL,HIGH
song_a492b6b173676979,[Non Copyrighted Music] MBB - Happy [Happy Song],BreakingCopyright — Royalty Free Music,,,,,,,,,not_found,,,https://www.youtube.com/watch?v=smFGrm5lf0g,country,nhaccuatui|nhac_vn|shazam|allmusic|qobuz|youtube,MISSING_ORIGINAL,HIGH
song_34ee9736c70f19cc,[Non Copyrighted Music] @MiguelJohnson - Good Day To Die [Epic],BreakingCopyright — Royalty Free Music,,,,,,,,,not_found,,,https://www.youtube.com/watch?v=M_k-RQA7lBE,country,nhaccuatui|shazam|nhac_vn|allmusic|qobuz|youtube,MISSING_ORIGINAL,HIGH
song_3785a9d0e8d6f1f2,[Non Copyrighted Music] Neutrin05 - A New Beginning [Drum and Bass],BreakingCopyright — Royalty Free Music,,,,,,,,,not_found,,,https://www.youtube.com/watch?v=htnWMNfK1nc,country,nhaccuatui|shazam|nhac_vn|allmusic|qobuz|youtube,MISSING_ORIGINAL,HIGH
song_0021c44e7617ec43,[Non Copyrighted Music] Not The King - Quick Way Out [Vlog],BreakingCopyright — Royalty Free Music,,,,,,,,,not_found,,,https://www.youtube.com/watch?v=CJzKPVwsgEU,country,nhaccuatui|nhac_vn|shazam|allmusic|qobuz|youtube,MISSING_ORIGINAL,HIGH
song_b01526ac3b3affd1,[Non Copyrighted Music] Riot - Safety Net [Country],BreakingCopyright — Royalty Free Music,,,,,,,,,not_found,,,https://www.youtube.com/watch?v=N3x05xl-K60,country,nhaccuatui|shazam|allmusic|qobuz|youtube,MISSING_ORIGINAL,HIGH
song_08a5a886cfbcd01c,[Non Copyrighted Music] Ryan Little - Wake. [Hip hop Beat],BreakingCopyright — Royalty Free Music,,,,,,,,,not_found,,,https://www.youtube.com/watch?v=jDnhN4QQliM,country,nhaccuatui|nhac_vn|shazam|allmusic|qobuz|youtube,MISSING_ORIGINAL,HIGH
song_f335279e7be18929,[Non Copyrighted Music] @ScottBuckley - Phoenix [Epic],BreakingCopyright — Royalty Free Music,,,,,,,,,not_found,,,https://www.youtube.com/watch?v=4HhM66X978U,country,nhaccuatui|nhac_vn|shazam|allmusic|qobuz,MISSING_ORIGINAL,HIGH
song_ac48860ebdb40ba1,[Non Copyrighted Music] @SmartToaster  - Herbal Tea [Lo-fi],BreakingCopyright — Royalty Free Music,,,,,,,,,not_found,,,https://www.youtube.com/watch?v=6ukEy6FOxZE,country,nhaccuatui|nhac_vn|shazam|allmusic|qobuz|youtube,MISSING_ORIGINAL,HIGH
song_869162d0bb6e130d,[Non Copyrighted Music] Tarpey - The Eleventh Hour [Electronic],BreakingCopyright — Royalty Free Music,,,,,,,,,not_found,,,https://www.youtube.com/watch?v=bcgzwi-HUFY,country,nhaccuatui|nhac_vn|shazam|allmusic|qobuz|youtube,MISSING_ORIGINAL,HIGH
song_9772b79044842695,[Non Copyrighted Music] Torin - Tubular Bells [Dark],BreakingCopyright — Royalty Free Music,,,,,,,,,not_found,,,https://www.youtube.com/watch?v=yjk4BnM1Nmw,country,nhaccuatui|nhac_vn|allmusic|shazam|qobuz|youtube,MISSING_ORIGINAL,HIGH
song_6578dfc4751bb851,"Noo Phước Thịnh “Chạm Khẽ” Khán Giả Đà Lạt “Một Chút Thôi""",Noo Phước Thịnh,,,,,,,,,not_found,,,https://www.youtube.com/watch?v=KZoAe9bvQlw,pop,apple_music,MISSING_ORIGINAL,HIGH
song_47757c55000271a9,Noo Phước Thịnh - Mãi Mãi Bên Nhau,Noo Phước Thịnh,,,,,,,,,not_found,,,https://www.youtube.com/watch?v=lFnR-K5n_dM,pop|v-pop,apple_music|zingmp3,MISSING_ORIGINAL,HIGH
song_7eef0e20112be025,Noo Phước Thịnh | Như Phút Ban Đầu | Official MV,Noo Phước Thịnh,,,,,,,,,not_found,,,https://www.youtube.com/watch?v=X9rF43W9E-s,v-pop|rock,zingmp3|allmusic,MISSING_ORIGINAL,HIGH
song_b2969e737ae83442,Noo Phước Thịnh - 'ĐÙA ANH ĐAU ĐẤY’ 📺 Official MV,Noo Phước Thịnh,,,,,,,,,not_found,,,https://www.youtube.com/watch?v=7kUjBO0VDoM,pop|v-pop|alternative,apple_music|zingmp3|nhaccuatui,MISSING_ORIGINAL,HIGH
song_ed08c334395bedc5,NOTHING IN YOUR EYES 2 (official MV ) Bảo Thy - Mr T & Yanbi,Nkevin,,,,,,,,,not_found,,,https://www.youtube.com/watch?v=_W8KTfMk2ac,house,web_search,MISSING_ORIGINAL,LOW
song_20720b9a03edf273,Novino - Endlessly (feat. Ladina Viva),We Are Diamond,,,,,,,,,not_found,,,https://www.youtube.com/watch?v=rsrFG0pZkBs,country,nhaccuatui,MISSING_ORIGINAL,LOW
song_d2e57c5ac32e9ab7,Nupakachi | Ngô Kiến Huy | Official MV,YEAH1 MUSIC,,,,,,,,,not_found,,,https://www.youtube.com/watch?v=3F3M05y4d5Q,v-pop,zingmp3,MISSING_ORIGINAL,HIGH
song_a7cca0a62d456e21,Nyte - Breathless,HearWeGo,,,,,,,,,not_found,,,https://www.youtube.com/watch?v=rC99ooz2eJ4,electronic|dance|country,zingmp3|allmusic,MISSING_ORIGINAL,HIGH
song_7050dfdcf4e6085f,Nàng Thơ (Lofi Ver.) - Hoàng Dũng x Freak D,Freak D Music,,,,,,,,,not_found,,,https://www.youtube.com/watch?v=6Zr5LqMAATM,pop,apple_music,MISSING_ORIGINAL,HIGH
song_bec044f1c9e50226,nàng thơ... trời giấu trời mang đi (feat. Hoàng Dũng),AMEE,,,,,,,,,not_found,,,https://www.youtube.com/watch?v=zx4f-mZfeOU,pop|v-pop,apple_music|zingmp3|musicbrainz,MISSING_ORIGINAL,HIGH
song_9134bdd2371078cc,NÀY EM GÌ ƠI -  KHOA x LĂNG LD x HOMIEBOIZ | OFFICIAL VIDEO,KHOA,,,,,,,,,not_found,,,https://www.youtube.com/watch?v=ZW1Q5NlhF0g,edm việt,zingmp3,MISSING_ORIGINAL,HIGH
song_db1d5dd0ddac8dfd,nân. x Ngơ - tình đắng như ly cà phê | tas release,tas,,,,,,,,,not_found,,,https://www.youtube.com/watch?v=ji8cjaFUIU0,hip hop|alternative,discogs|allmusic,MISSING_ORIGINAL,HIGH
song_dc11fa88bb82d5f6,Nói Với Em Một Lời Trước Khi Xa Rời | Không Bằng (RIN Music Remix) - Na,RIN Music,,,,,,,,,not_found,,,https://www.youtube.com/watch?v=dMtMx_dYk-w,pop,apple_music,MISSING_ORIGINAL,HIGH
song_8173f05822298e2a,Nô Lệ Tình Yêu | Hồ Việt Trung | Official MV,POPS MUSIC,,,,,,,,,not_found,,,https://www.youtube.com/watch?v=UV0XrPcZWpg,worldwide|v-pop,apple_music|zingmp3,MISSING_ORIGINAL,HIGH
song_50822c9f91a0cdbf,Nơi Cuối Con Đường | Khánh Phương | Official Music Video,POPS MUSIC,,,,,,,,,not_found,,,https://www.youtube.com/watch?v=YB6Eji-ssq0,pop|v-pop,apple_music|zingmp3,MISSING_ORIGINAL,HIGH
song_f74439113055a09e,Nơi Ta Chờ Em,Will - Topic,,,,,,,,,not_found,,,https://www.youtube.com/watch?v=ZK8OSfksBqc,pop|nhạc phim|b việt,apple_music|zingmp3,MISSING_ORIGINAL,HIGH
song_a75b9eb49ec14bf4,NƠI TA CHỜ EM (OFFICIAL MV 4K) | WILL FT KAITY | 1ST SINGLE - EM CHƯA 18 OST,Will Official,,,,,,,,,not_found,,,https://www.youtube.com/watch?v=cdkSV-mBg0s,nhạc phim|b việt,zingmp3,MISSING_ORIGINAL,HIGH
song_e235af668a6e00ce,Nơi Ấy Ngọn Đồi Tình Yêu,Ong Cao Thang,,,,,,,,,not_found,ZWZFI0E9,https://zingmp3.vn/bai-hat/Noi-Ay-Ngon-Doi-Tinh-Yeu-Ong-Cao-Thang/ZWZFI0E9.html,,pop,apple_music,MISSING_ORIGINAL,HIGH
song_b266b2e0ab37354e,Nước Hoa,Kay Tran Official,,,,,,,,,not_found,,,https://www.youtube.com/watch?v=6tOrgDPhz8o,pop|v-pop|folk|world|country,apple_music|zingmp3|discogs,MISSING_ORIGINAL,HIGH
song_7043a465e19d57b3,Nấu ăn cho em (feat. PiaLinh),Đen Vâu Official,,,,,,,,,not_found,,,https://www.youtube.com/watch?v=PXTWHpeAEdI,hip hop|rap|v-pop,apple_music|zingmp3,MISSING_ORIGINAL,HIGH
song_f615e5a3f891d804,Nắm Chặt Tay,Tran Trung Duc,,,,,,,,,not_found,ZW7OUD90,https://zingmp3.vn/bai-hat/Nam-Chat-Tay-Tran-Trung-Duc/ZW7OUD90.html,,electronic|instrumental,apple_music|qobuz,MISSING_ORIGINAL,HIGH
song_efd71c811c8c26ba,Nắng Lên (feat. Gonzo & Bwine),Rhymastic Official,,,,,,,,,not_found,,,https://www.youtube.com/watch?v=DiNCT_DLt7M,hip hop|rap|rap việt,apple_music|zingmp3,MISSING_ORIGINAL,HIGH
song_6d44b51cbdfaca51,Nắng đêm - T.R.I ft Trường An| OST Chàng Vợ Của Em「Lyric Video」| Meens,Meens,,,,,,,,,not_found,,,https://www.youtube.com/watch?v=C0Y8v6sHMe0,jazz|free improvisation,discogs,MISSING_ORIGINAL,HIGH
song_d9f4102a770605b7,Nắng Ấm Xa Dần - Thái Tuyết Trâm ( Acoustic Cover ),Thái Tuyết Trâm,,,,,,,,,not_found,,,https://www.youtube.com/watch?v=LfTyKdSHugo,pop|dance việt,apple_music|zingmp3,MISSING_ORIGINAL,HIGH
song_cde2e57b8d294178,Nặng Tình Hay Nhẹ Lòng - WRC REMIX - Tống Gia Vỹ,Tống Gia Vỹ,,,,,,,,,not_found,,,https://www.youtube.com/watch?v=G89vXYf2CK8,pop|dance việt,apple_music|zingmp3,MISSING_ORIGINAL,HIGH
song_54ee726ebffc7d76,Nếu Là Anh | The Men | Official Music Video | POPS Music,POPS MUSIC,,,,,,,,,not_found,,,https://www.youtube.com/watch?v=2a3NkZci3AE,blues|v-pop|rock|pop|pop rock,apple_music|zingmp3|discogs,MISSING_ORIGINAL,HIGH
song_e0fdfd5b9d7c6f97,Nếu Ngày Ấy,SOOBIN Official,,,,,,,,,not_found,,,https://www.youtube.com/watch?v=cIAyS9fBEI0,pop|v-pop,apple_music|zingmp3,MISSING_ORIGINAL,HIGH
song_2c4903223085501b,Nếu Ngày Ấy - Khởi My ft Vy Dương [MV HD STAR OFFICIAL],Nam Việt Official,,,,,,,,,not_found,,,https://www.youtube.com/watch?v=7a3z50y4OAE,pop,apple_music,MISSING_ORIGINAL,HIGH
song_2b0836e729d6b3ec,Nếu Như Anh Đến | Văn Mai Hương | Official Music Video | POPS Music,POPS MUSIC,,,,,,,,,not_found,,,https://www.youtube.com/watch?v=39Z9TSh8crA,pop,apple_music,MISSING_ORIGINAL,HIGH
song_8ce9025a768e3ddc,"Nếu Những Tiếc Nuối / Vũ. (Official MV) từ Album ""Bảo Tàng Của Nuối Tiếc""",Vũ Official,,,,,,,,,not_found,,,https://www.youtube.com/watch?v=e5Td3zrVdX4,hip hop|rap,apple_music,MISSING_ORIGINAL,HIGH
song_5dd6e36e3029f897,Nếu Yêu Thật Lòng,My Dung,,,,,,,,,not_found,ZWZBFC8A,https://zingmp3.vn/bai-hat/Neu-Yeu-That-Long-My-Dung/ZWZBFC8A.html,,pop,apple_music,MISSING_ORIGINAL,HIGH
song_bd3751173f9f1efb,Nỗi Đau Em Giấu Một Mình - Thúy Khanh [LYRIC VIDEO] #NDEGMM,Hạ Vũ,,,,,,,,,not_found,,,https://www.youtube.com/watch?v=nVufQUfZaco,electronic,web_search,MISSING_ORIGINAL,LOW
song_fdae46d0e62a043a,Nỗi Đau Lòng Anh,Fony Trung,,,,,,,,,not_found,ZW67DFBA,https://zingmp3.vn/bai-hat/Noi-Dau-Long-Anh-Fony-Trung/ZW67DFBA.html,,pop,apple_music,MISSING_ORIGINAL,HIGH
song_498e88cecdabe79c,Nỗi Đau Xót Xa - Minh Vương,NC Production,,,,,,,,,not_found,,,https://www.youtube.com/watch?v=ttAovNAD-yw,pop|v-pop|alternative,apple_music|zingmp3|allmusic,MISSING_ORIGINAL,HIGH
song_78b1469c3a8e58d5,Nụ Cười,Rhymastic Official,,,,,,,,,not_found,,,https://www.youtube.com/watch?v=MOF7Vl353_g,soul|b việt,apple_music|zingmp3,MISSING_ORIGINAL,HIGH
song_c9e6646607a09ff7,Nụ Cười 18 20 (playback),Doãn Hiếu,,,,,,,,,not_found,,,https://www.youtube.com/watch?v=2VN1OXabcMg,pop,apple_music,MISSING_ORIGINAL,HIGH
song_77f8b9aa3020b5a1,Nụ Cười Khắc Trong Tim (Remix),Nguyen Hy,,,,,,,,,not_found,ZW699U70,https://zingmp3.vn/bai-hat/Nu-Cuoi-Khac-Trong-Tim-Remix-Nguyen-Hy/ZW699U70.html,,pop|dance,apple_music|nhac_vn,MISSING_ORIGINAL,HIGH
song_3d10c8c55a846c71,Nụ Hôn Đánh Rơi - Hoàng Yến Chibi (OST Tháng Năm Rực Rỡ),YEAH1 MUSIC,,,,,,,,,not_found,,,https://www.youtube.com/watch?v=bbiaLscsAxU,pop|electronic,apple_music|shazam,MISSING_ORIGINAL,HIGH
song_8c76faf16e118182,"Obito - ""tell the kids i love them"" ft. Shiki (Official MV)",Obito Official,,,,,,,,,not_found,,,https://www.youtube.com/watch?v=fw3MZm2lEVA,country,shazam,MISSING_ORIGINAL,LOW
song_e0d95a75793189c7,OBITO X WXRDIE ft CHENG - CHỈ CẦN BẠN CÓ MẶT | Official Music Video,Obito Official,,,,,,,,,not_found,,,https://www.youtube.com/watch?v=2W_QZhR8spY,rap việt,zingmp3,MISSING_ORIGINAL,HIGH
song_f10a6e7756662078,Obito - Đánh Đổi ft. MCK,Obito Official,,,,,,,,,not_found,,,https://www.youtube.com/watch?v=vPz8ftK_4bk,hip hop|rap,apple_music,MISSING_ORIGINAL,HIGH
song_28cbb9c5e85a51e1,Obito - Đầu Đường Xó Chợ ft. Lăng LD,Obito Official,,,,,,,,,not_found,,,https://www.youtube.com/watch?v=xRL2BspFnOs,pop,apple_music,MISSING_ORIGINAL,HIGH
song_e9019834de0ef18e,[OFFICIAL AUDIO] CÁNH ĐỒNG YÊU THƯƠNG - TRUNG QUÂN,TRUNG QUÂN,,,,,,,,,not_found,,,https://www.youtube.com/watch?v=aJgcTeWcNdc,pop|v-pop|dance,apple_music|zingmp3|nhaccuatui|nhac_vn|shazam|allmusic|qobuz|youtube,MISSING_ORIGINAL,HIGH
song_1e089145170b57e6,[Official Audio] Sao Cũng Được - Binz (Guitar Version),Binz Da Poet,,,,,,,,,not_found,,,https://www.youtube.com/watch?v=z35r-OeqLgQ,hip hop|rap|dance,apple_music|nhaccuatui|nhac_vn|shazam|allmusic|qobuz|youtube,MISSING_ORIGINAL,HIGH
song_7c1b3537f9152c60,[Official] Chờ ngày mưa tan - Noo Phước Thịnh [HD] #noophuocthinh #noo #chongaymuatan,8 Chuyen Vbiz,,,,,,,,,not_found,,,https://www.youtube.com/watch?v=K0eprBsdbk0,dance,nhaccuatui|nhac_vn|allmusic|shazam|qobuz|youtube,MISSING_ORIGINAL,HIGH
song_5dab2b72ebd237bd,[Official Dance MV] - Vào Đời version 2023 ( Đỗ Đình Phúc ) - Thanh Ngọc,Thanh Ngọc Official,,,,,,,,,not_found,,,https://www.youtube.com/watch?v=g2kHtKU9hK8,pop|dance,apple_music|nhaccuatui|nhac_vn|shazam|allmusic|qobuz|youtube,MISSING_ORIGINAL,HIGH
song_25cde57d1869bb70,[Official Music Video] Nói Với Em - BigDaddy,YOUNG MUSIC,,,,,,,,,not_found,,,https://www.youtube.com/watch?v=Ul9G4bVlLss,rap|rap việt,apple_music|zingmp3,MISSING_ORIGINAL,HIGH
song_5260f3ed2eea77d8,[Official Music Video] Đi Qua Quá Khứ-Soobin Hoàng Sơn,YOUNG MUSIC,,,,,,,,,not_found,,,https://www.youtube.com/watch?v=AwNc5GLGb-4,pop|rap,apple_music|nhaccuatui|nhac_vn|allmusic|qobuz|shazam|youtube,MISSING_ORIGINAL,HIGH
song_43e4530275e5a0ae,[Official Music Visualizer] HOA HỒNG || Hà Anh Tuấn,Hà Anh Tuấn,,,,,,,,,not_found,,,https://www.youtube.com/watch?v=49BN0GzZo8U,pop|ballad|v-pop|dance,discogs|nhaccuatui|shazam|nhac_vn|allmusic|qobuz|youtube,MISSING_ORIGINAL,HIGH
song_73325800b2ed1c72,OFFICIAL MV - CHẮC ANH ĐANG - TIÊN TIÊN ft TRANG,Tiên Tiên,,,,,,,,,not_found,,,https://www.youtube.com/watch?v=ZhKnSp2cX98,soul|b việt|dance,apple_music|zingmp3|nhaccuatui|nhac_vn|shazam|allmusic|qobuz|youtube,MISSING_ORIGINAL,HIGH
song_bd78e89170ba4d03,[Official MV] Crying Over You - JustaTee ft. Binz,JustaTeeMusic,,,,,,,,,not_found,,,https://www.youtube.com/watch?v=tcat9CPiAZ4,dance,nhaccuatui|nhac_vn|shazam|allmusic|qobuz|youtube,MISSING_ORIGINAL,HIGH
song_e79e0b87bb115d2f,[Official MV] Càng Khó Càng Yêu - Bảo Thy,Bảo Thy Official,,,,,,,,,not_found,,,https://www.youtube.com/watch?v=3DmeXKqTHoE,pop|edm việt|dance,apple_music|zingmp3|nhaccuatui|nhac_vn|shazam|allmusic|qobuz|youtube,MISSING_ORIGINAL,HIGH
song_a91466aebf8478ca,[OFFICIAL MV] CÒN GÌ GIỮA CHÚNG TA | Miu Lê Official,Miu Lê Official,,,,,,,,,not_found,,,https://www.youtube.com/watch?v=kgs1u-6ASqk,pop|chanson|dance,discogs|nhaccuatui|nhac_vn|shazam|allmusic|qobuz|youtube,MISSING_ORIGINAL,HIGH
song_eb39a689b0d7decd,[Official MV] Forever Alone - JustaTee,JustaTeeMusic,,,,,,,,,not_found,,,https://www.youtube.com/watch?v=m6ndiBURmlQ,dance,nhaccuatui|nhac_vn|shazam|allmusic|qobuz|youtube,MISSING_ORIGINAL,HIGH
song_7c336468d0a5f105,"OFFICIAL MV - GIỮ EM ĐI - THUỲ CHI, TIÊN TIÊN",Tiên Tiên,,,,,,,,,not_found,,,https://www.youtube.com/watch?v=18zxUMf_HZQ,soul|dance,apple_music|nhac_vn|shazam|allmusic|qobuz|youtube,MISSING_ORIGINAL,HIGH
song_c8ea33094449bc2b,(Official MV) Gấp Đôi Yêu Thương - Tuấn Hưng,Tuấn Hưng,,,,,,,,,not_found,,,https://www.youtube.com/watch?v=SRdew42ngnE,pop|v-pop|dance,apple_music|zingmp3|nhaccuatui|nhac_vn|shazam|allmusic|qobuz|youtube,MISSING_ORIGINAL,HIGH
song_5e0aae87730ebba7,[Official MV HD] Lạc Đường - Phạm Trưởng,Phạm Trưởng Official,,,,,,,,,not_found,,,https://www.youtube.com/watch?v=fAFj_XcAaBA,pop|v-pop|dance,apple_music|zingmp3|nhaccuatui|nhac_vn|shazam|allmusic|qobuz|youtube,MISSING_ORIGINAL,HIGH
song_537235bb897f1bff,[OFFICIAL MV]I Sơn Tùng MTP I Ấn Nút Nhớ…Thả Giấc Mơ,OMO Việt Nam,,,,,,,,,not_found,,,https://www.youtube.com/watch?v=2jeqQ6Py-o8,afro-pop|dance,apple_music|nhaccuatui|nhac_vn|shazam|allmusic|qobuz|youtube,MISSING_ORIGINAL,HIGH
song_b92ddf4646692c9f,[OFFICIAL MV] Mọi Sự Là Vì Em - Hoàng Tôn ft Bảo Kun x Hà Lê - PB Nation,Nguyễn Hoàng Tôn,,,,,,,,,not_found,,,https://www.youtube.com/watch?v=4feTQ3sWL5o,pop|dance,apple_music|nhaccuatui|shazam|nhac_vn|allmusic|qobuz|youtube,MISSING_ORIGINAL,HIGH
song_712fff41508df525,[OFFICIAL MV] Người Con Gái Ta Thương - Hà Anh Tuấn,Hà Anh Tuấn,,,,,,,,,not_found,,,https://www.youtube.com/watch?v=CNYgKBaZ1dQ,pop|v-pop|dance,apple_music|zingmp3|nhaccuatui|shazam|nhac_vn|allmusic|qobuz|youtube,MISSING_ORIGINAL,HIGH
song_9a1afc82d41aeec1,[Official MV] SINGLE LADY - BẢO THY,Bảo Thy Official,,,,,,,,,not_found,,,https://www.youtube.com/watch?v=D3rZ0-JjVK0,edm việt|dance,zingmp3|nhaccuatui|nhac_vn|shazam|allmusic|qobuz|youtube,MISSING_ORIGINAL,HIGH
song_b498516c6353d5a6,[OFFICIAL MV] Thu Cuối - Mr.T ft Yanbi & Hằng Bingboong,The Red Team,,,,,,,,,not_found,,,https://www.youtube.com/watch?v=QETfX44-PB8,pop|dance,apple_music|nhaccuatui|shazam|nhac_vn|allmusic|qobuz|youtube,MISSING_ORIGINAL,HIGH
song_935bc04d5bd9961b,[OFFICIAL MV] TRỌNG NGHĨA - Sakhar Ft Jack (G5R),G5R SQUAD Official,,,,,,,,,not_found,,,https://www.youtube.com/watch?v=mV5xteh2ZFo,dance,nhaccuatui|nhac_vn|shazam|allmusic|qobuz|youtube,MISSING_ORIGINAL,HIGH
song_ed7b6e902a2a381d,OFFICIAL MV - VÌ TÔI CÒN SỐNG - TIÊN TIÊN,Tiên Tiên,,,,,,,,,not_found,,,https://www.youtube.com/watch?v=Of-UkRiRWeo,v-pop|dance,zingmp3|nhaccuatui|nhac_vn|shazam|allmusic|qobuz|youtube,MISSING_ORIGINAL,HIGH
song_1402799aea65025b,[OFFICIAL MV] VỀ BÊN ANH - Jack (G5R),G5R SQUAD Official,,,,,,,,,not_found,,,https://www.youtube.com/watch?v=fArpx8TRWU8,dance,nhaccuatui|nhac_vn|shazam|allmusic|qobuz|youtube,MISSING_ORIGINAL,HIGH
song_ef08883086d5b126,OFFICIAL MV - VỀ VỚI EM ĐI - TIÊN TIÊN,Tiên Tiên,,,,,,,,,not_found,,,https://www.youtube.com/watch?v=YmVzp_EmHQw,soul|v-pop|dance,apple_music|zingmp3|nhaccuatui|shazam|nhac_vn|allmusic|qobuz|youtube,MISSING_ORIGINAL,HIGH
song_ef29f07ebbbd771b,[OFFICIAL MV] Westside SQUAD - jombie ft Dế Choắt & Endless,G5R SQUAD Official,,,,,,,,,not_found,,,https://www.youtube.com/watch?v=55F8bT91KG4,electronic|dance,apple_music|nhaccuatui|shazam|nhac_vn|allmusic|qobuz|youtube,MISSING_ORIGINAL,HIGH
song_197098178f36a9cf,[Official MV] Xin Anh Đừng - Emily ft. Lil' Knight & JustaTee,JustaTeeMusic,,,,,,,,,not_found,,,https://www.youtube.com/watch?v=XdK-PdEdkaU,dance,nhaccuatui|shazam|nhac_vn|allmusic|qobuz|youtube,MISSING_ORIGINAL,HIGH
song_5ba9d825e6c20442,OFFICIAL MV - ĐÂU CẦN MỘT BÀI CA TÌNH YÊU - TIÊN TIÊN x TRANG,Tiên Tiên,,,,,,,,,not_found,,,https://www.youtube.com/watch?v=qusmHT5vNuw,pop|v-pop|dance,apple_music|zingmp3|nhaccuatui|nhac_vn|shazam|allmusic|qobuz|youtube,MISSING_ORIGINAL,HIGH
song_5e0b7e51ee45cd05,(Official MV) Đến Đây Thôi | HUỲNH TÚ,Huỳnh Tú,,,,,,,,,not_found,,,https://www.youtube.com/watch?v=XBmcGz8brQo,soul|folk|world|country|dance,apple_music|discogs|nhaccuatui|nhac_vn|shazam|allmusic|qobuz|youtube,MISSING_ORIGINAL,HIGH
song_f85d23a899296e3f,OH MY CHUỐI - OOPS BANANA [OFFICIAL MV FULL] | SĨ THANH x ADDY TRẦN,JokeS Bii,,,,,,,,,not_found,,,https://www.youtube.com/watch?v=uC8UcTZz-iU,house,nhaccuatui|shazam|nhac_vn|allmusic|qobuz|youtube,MISSING_ORIGINAL,HIGH
song_fe8c40c9f713bfde,"Olew - Lách ta lách tách | Official MV | EP ""Có Mưa""",Olew Thích Hát,,,,,,,,,not_found,,,https://www.youtube.com/watch?v=gJavZXVsq5M,pop|v-pop|country,apple_music|zingmp3|allmusic,MISSING_ORIGINAL,HIGH
song_9dc620de7c8962f9,"Olew - Ngủ trong lòng anh | Official MV | EP ""Có Mưa""",Olew Thích Hát,,,,,,,,,not_found,,,https://www.youtube.com/watch?v=EByCzvCw5V8,v-pop,zingmp3,MISSING_ORIGINAL,HIGH
song_5c1ed73fa5430ee8,Olivia Rodrigo - deja vu (Lyrics),7clouds,,,,,,,,,not_found,,,https://www.youtube.com/watch?v=j2VbR4W_wg4,pop,apple_music,MISSING_ORIGINAL,HIGH
song_e4c6e9ff751b5905,Olivia Rodrigo – drivers license (Lyrics),Vibe Music,,,,,,,,,not_found,,,https://www.youtube.com/watch?v=_Bjf-iExroI,pop|soul,apple_music|nhac_vn,MISSING_ORIGINAL,HIGH
song_41e63a4fca29db62,Omar Apollo - Evergreen (You Didn't Deserve Me At All) [Official Lyric Video],Omar Apollo,,,,,,,,,not_found,,,https://www.youtube.com/watch?v=gk3G4SLo8k4,pop|alternative,apple_music|zingmp3,MISSING_ORIGINAL,HIGH
song_3eac33c561f90521,Omer Netzer - Midnight Blue (Official Music Video),Omer Netzer,,,,,,,,,not_found,,,https://www.youtube.com/watch?v=4ORbL9rcnaE,country|dance,apple_music|shazam,MISSING_ORIGINAL,HIGH
song_90f658c1f756ff3b,One More Light [Official Music Video] - Linkin Park,Linkin Park,,,,,,,,,not_found,,,https://www.youtube.com/watch?v=Tm8LGxTLtQk,rock|pop,apple_music|zingmp3|discogs,MISSING_ORIGINAL,HIGH
song_3efc645ee06d635c,Only C | I Love You,OnlyC Production,,,,,,,,,not_found,,,https://www.youtube.com/watch?v=8yHCd1h4Zys,v-pop,zingmp3,MISSING_ORIGINAL,HIGH
song_1a5c2934028aada7,ORANGE - 'CHÚNG TA CÒN Ở ĐÓ KHÔNG?' | Official Visualizer | OST BỘ TỨ BÁO THỦ (Prod. SIVEN),Orange Singer Official,,,,,,,,,not_found,,,https://www.youtube.com/watch?v=8p9wX0xaAiY,pop,apple_music,MISSING_ORIGINAL,HIGH
song_7e28586afe297012,Orange x Hoàng Dũng x Cẩm Vân x Hứa Kim Tuyền -  'Nơi Pháo Hoa Rực Rỡ (Đi Để Trở Về 8)' OFFICIAL MV,Orange Singer Official,,,,,,,,,not_found,,,https://www.youtube.com/watch?v=BgUFNi5MvzE,pop,apple_music,MISSING_ORIGINAL,HIGH
song_2c5a1bbee8fbebb0,"💪 Orchestral Trailer Piano Music (No Copyright) ""The Epic Hero"" by @KeysofMoonMusic  🇺🇸",BreakingCopyright — Royalty Free Music,,,,,,,,,not_found,,,https://www.youtube.com/watch?v=ETbsXdqgcTM,alternative,allmusic,MISSING_ORIGINAL,LOW
song_eef33bc25b54e14a,OSAD ft PHÁO | Em Chỉ Im Lặng (Official MV),OSAD Official,,,,,,,,,not_found,,,https://www.youtube.com/watch?v=9WZSZw4WtFQ,rap,nhaccuatui|nhac_vn|shazam|qobuz|allmusic|youtube,MISSING_ORIGINAL,HIGH
song_d5e9b21c80bd9eb7,OSAD | SPOTLIGHT (Official MV),OSAD Official,,,,,,,,,not_found,,,https://www.youtube.com/watch?v=fLTUCBWzeRA,rap,nhaccuatui|nhac_vn|shazam|allmusic|qobuz|youtube,MISSING_ORIGINAL,HIGH
song_9fc4387527936291,overtired,Dab,,,,,,,,,not_found,,,https://www.youtube.com/watch?v=Y3ab3MjbmLU,soul|v-pop,apple_music|zingmp3,MISSING_ORIGINAL,HIGH
song_abc93957fdae49f9,Paloma Faith - Only Love Can Hurt Like This (Lyrics),7clouds,,,,,,,,,not_found,,,https://www.youtube.com/watch?v=BVr3jgQMlVU,pop,apple_music,MISSING_ORIGINAL,HIGH
song_d35b24b69be37942,Panic! At The Disco: I Write Sins Not Tragedies [OFFICIAL VIDEO],Fueled By Ramen,,,,,,,,,not_found,,,https://www.youtube.com/watch?v=vc6vs-l5dkc,pop|rock|emo|power pop|pop rock,zingmp3|discogs,MISSING_ORIGINAL,HIGH
song_caaac3a3a142ce08,Paramore: Misery Business [OFFICIAL VIDEO],Paramore,,,,,,,,,not_found,,,https://www.youtube.com/watch?v=aCyGvGEtOwc,alternative|rock|emo|pop rock,apple_music|zingmp3|discogs,MISSING_ORIGINAL,HIGH
song_c31bbbf387c7d8c6,Paramore: The Only Exception [OFFICIAL VIDEO],Paramore,,,,,,,,,not_found,,,https://www.youtube.com/watch?v=-J7J_IWUhls,alternative|pop|rock|alternative rock|pop punk,apple_music|zingmp3|discogs,MISSING_ORIGINAL,HIGH
song_6afe28ac422a1373,PBN 45 | Như Quỳnh - Vào Hạ,Thuy Nga,,,,,,,,,not_found,,,https://www.youtube.com/watch?v=PTcYvQBgFos,pop|folk|world|country|ballad|trữ tình,discogs,MISSING_ORIGINAL,HIGH
song_c1b65ffaab5d3c45,Peggy Gou - (It Goes Like) Nanana - Official Video,Peggy Gou,,,,,,,,,not_found,,,https://www.youtube.com/watch?v=sCz5y84dwuA,dance|electronic|house,apple_music|zingmp3|discogs,MISSING_ORIGINAL,HIGH
song_01dacfece118d11b,Phan Duy Anh - Từng Yêu Remix | DJ Andy Remix ( Audio Official ),Phan Duy Anh,,,,,,,,,not_found,,,https://www.youtube.com/watch?v=Ia1b1i4uMGg,v-pop|country,zingmp3|youtube,MISSING_ORIGINAL,HIGH
song_6e58123c535a3281,Phan Mạnh Quỳnh | Có Một Nơi Như Thế,Phan Mạnh Quỳnh Official,,,,,,,,,not_found,,,https://www.youtube.com/watch?v=kU7l0-AiVWk,worldwide|v-pop|pop|folk|world|country|ballad|trữ tình,apple_music|zingmp3|discogs,MISSING_ORIGINAL,HIGH
song_3c0cd6ad8c563514,"Phan Mạnh Quỳnh | Gặp Gỡ, Yêu Đương Và Được Bên Em",Phan Mạnh Quỳnh Official,,,,,,,,,not_found,,,https://www.youtube.com/watch?v=gjwOShtJIWM,worldwide|v-pop,apple_music|zingmp3,MISSING_ORIGINAL,HIGH
song_a2186749668afec8,Phan Mạnh Quỳnh | Lời Từ Trái Tim Anh,Phan Mạnh Quỳnh Official,,,,,,,,,not_found,,,https://www.youtube.com/watch?v=NdOZsjVu1JY,worldwide|v-pop,apple_music|zingmp3,MISSING_ORIGINAL,HIGH
song_3433b02a9cf032aa,Phan Mạnh Quỳnh | Nơi Ấy Con Tìm Về,Phan Mạnh Quỳnh Official,,,,,,,,,not_found,,,https://www.youtube.com/watch?v=CrkNFqSqGEU,worldwide|v-pop|house,apple_music|zingmp3|nhac_vn,MISSING_ORIGINAL,HIGH
song_0909005fa8c871a8,Phan Mạnh Quỳnh - Vợ Người Ta (MV Official),Zing MP3,,,,,,,,,not_found,,,https://www.youtube.com/watch?v=WwEISi0Ktu4,pop,apple_music,MISSING_ORIGINAL,HIGH
song_6206155b45af54c3,Phan Mạnh Quỳnh | Yêu Nhau Nửa Ngày,Phan Mạnh Quỳnh Official,,,,,,,,,not_found,,,https://www.youtube.com/watch?v=5q9XsGT8lsE,worldwide|dance việt,apple_music|zingmp3,MISSING_ORIGINAL,HIGH
song_b1dbb5be2e7f15ef,Phao - 2 Phut Hon (KAIZ Remix) | 9D AUDIO 🎧,Shake Music,,,,,,,,,not_found,,,https://www.youtube.com/watch?v=o_TYVGp9n0s,hip hop|rap,apple_music,MISSING_ORIGINAL,HIGH
song_fc5267be2e5079e9,Phil Collins - In The Air Tonight (Official Music Video),Phil Collins,,,,,,,,,not_found,,,https://www.youtube.com/watch?v=YkADj0TPrJA,rock|pop|classic rock,apple_music|zingmp3|discogs,MISSING_ORIGINAL,HIGH
song_f7bf657455627d06,PHIẾN LÁ TĨNH LẶNG | THÙY CHI | OFFICIAL MUSIC VIDEO,THÙY CHI OFFICIAL,,,,,,,,,not_found,,,https://www.youtube.com/watch?v=tA47kgzzY7M,pop|folk|world|country|j-pop,discogs|allmusic,MISSING_ORIGINAL,HIGH
song_a16f72ac944d7a3b,Phong Cách Người Chơi Remix Cực Hay - Châu Việt Cường,Nhạc Sàn,,,,,,,,,not_found,,,https://www.youtube.com/watch?v=5YhXfBmpOk4,pop,apple_music,MISSING_ORIGINAL,HIGH
song_e02b399e640897a1,Phong Max - Bồ Công Anh (Official Music Video) - Studio Version,Phong Max Official,,,,,,,,,not_found,,,https://www.youtube.com/watch?v=50-6k-gmXdc,electronic|v-pop,apple_music|zingmp3,MISSING_ORIGINAL,HIGH
song_e78b58b16d6be631,Phong Max - Ánh Trăng Soi (Official Music Video),Phong Max Official,,,,,,,,,not_found,,,https://www.youtube.com/watch?v=SU0arsmUcIA,electronic|v-pop,apple_music|zingmp3,MISSING_ORIGINAL,HIGH
song_5eaa8b6dbf73a741,Pháo Northside-Một Ngày Chẳng Nắng ft.​⁠@thobaymauofficial [Official MV],Pháo Northside,,,,,,,,,not_found,,,https://www.youtube.com/watch?v=ABuY4KUUVcI,rap,nhaccuatui|nhac_vn|shazam|allmusic|qobuz|youtube,MISSING_ORIGINAL,HIGH
song_d70ca00a1aec2ae7,Pháo - ‘Tình K’ [feat. Mason Nguyễn] (Official MV),Pháo Northside,,,,,,,,,not_found,,,https://www.youtube.com/watch?v=Xy5kqoUbMqw,rap,nhaccuatui|shazam|nhac_vn|allmusic|qobuz|youtube,MISSING_ORIGINAL,HIGH
song_2ccb4fbe49d82af5,PHÊ - Duy Mạnh [Official],DUY MẠNH OFFICIAL,,,,,,,,,not_found,,,https://www.youtube.com/watch?v=7wxyDNHBPOk,pop,apple_music,MISSING_ORIGINAL,HIGH
song_5878a72718bc7aa6,Phê Remix (Official)- Duy Mạnh,DUY MẠNH OFFICIAL,,,,,,,,,not_found,,,https://www.youtube.com/watch?v=OncqdI59lZk,pop|country,apple_music|youtube,MISSING_ORIGINAL,HIGH
song_d384ca763910c044,PHÍ PHƯƠNG ANH ft. RIN9 | Răng Khôn | Official Music Video,PHÍ PHƯƠNG ANH Official,,,,,,,,,not_found,,,https://www.youtube.com/watch?v=Orv_t0KgEB8,trap,allmusic,MISSING_ORIGINAL,LOW
song_2ba0311363d84876,Phía Sau Một Cô Gái - Soobin Hoàng Sơn (Official Music Video 4K),SOOBIN Official,,,,,,,,,not_found,,,https://www.youtube.com/watch?v=vCIc1g_4JWM,v-pop,zingmp3,MISSING_ORIGINAL,HIGH
song_1b988be62efba320,PHÓNG ZÌN ZÌN | Low G x tlinh | OFFICIAL AUDIO,Nhà Hóa Học Đống Đa,,,,,,,,,not_found,,,https://www.youtube.com/watch?v=dfeGNIfSyGk,experimental|country,web_search,MISSING_ORIGINAL,LOW
song_d053ecaaa6d2528b,Phùng Khánh Linh - chỉ buồn hôm nay / one blue day (Official Music Video),Phùng Khánh Linh,,,,,,,,,not_found,,,https://www.youtube.com/watch?v=f8ch9CR3JWA,pop|v-pop,apple_music|zingmp3,MISSING_ORIGINAL,HIGH
song_c70fb3eafd0077cf,Phùng Khánh Linh - gói tình em rồi về / pack my things and leave (Lyric Video),Phùng Khánh Linh,,,,,,,,,not_found,,,https://www.youtube.com/watch?v=zAjrkG7YO3w,pop|v-pop,apple_music|zingmp3,MISSING_ORIGINAL,HIGH
song_ebc1c6abcff7c43d,Phùng Khánh Linh - thế giới không anh / world without you (Official Music Video),Phùng Khánh Linh,,,,,,,,,not_found,,,https://www.youtube.com/watch?v=bXxHBUtOFyw,pop|v-pop,apple_music|zingmp3,MISSING_ORIGINAL,HIGH
song_1e635004d880a8d5,Phùng Khánh Linh -  Trên Ô Cửa Máy Bay,Phùng Khánh Linh,,,,,,,,,not_found,,,https://www.youtube.com/watch?v=6FyhvVxuONk,indie pop|v-pop|pop|ballad,apple_music|zingmp3|discogs,MISSING_ORIGINAL,HIGH
song_9200327c22d19303,PHÙNG KHÁNH LINH - ƯỚC ANH TAN NÁT CON TIM (OFFICIAL VISUALIZER),Phùng Khánh Linh,,,,,,,,,not_found,,,https://www.youtube.com/watch?v=xg0hNDgqurM,alternative|v-pop,apple_music|zingmp3,MISSING_ORIGINAL,HIGH
song_0508181b80b6bbe0,PHÚC DU - đứa nào làm em buồn? Ft. Hoàng Dũng ( Official MV ),PHÚC DU,,,,,,,,,not_found,,,https://www.youtube.com/watch?v=1ntkDbxTnXA,pop|rap việt,apple_music|zingmp3,MISSING_ORIGINAL,HIGH
song_a0b922c31dbfa641,Phút Ban Đầu,Vũ Official,,,,,,,,,not_found,,,https://www.youtube.com/watch?v=2cZdLaYAz4g,pop|v-pop|folk|world|country|trữ tình,apple_music|zingmp3|discogs,MISSING_ORIGINAL,HIGH
song_680b7cfa7315674f,PHƯƠNG MỸ CHI X DTAP - 'ĐIỆU ĐÀ' | Official Music Video,Phương Mỹ Chi,,,,,,,,,not_found,,,https://www.youtube.com/watch?v=jNSIPFaz8VE,pop,apple_music,MISSING_ORIGINAL,HIGH
song_a5fcb0c215f94dbe,Phương Trinh Jolie | Nếu Yêu Thương Là Chuyện Một Người | Official MV,HealingMate - Cat Music,,,,,,,,,not_found,,,https://www.youtube.com/watch?v=-B2Zao5CRB0,v-pop,zingmp3,MISSING_ORIGINAL,HIGH
song_a0a25d87bfec53b8,[Phạm Quỳnh Anh] Bụi bay vào mắt,WE. Pro,,,,,,,,,not_found,,,https://www.youtube.com/watch?v=iJZya1Nhxr8,pop|v-pop,apple_music|zingmp3,MISSING_ORIGINAL,HIGH
song_3609de00393bd114,Phải Chăng Em Đã Yêu? (feat. RedT),Juky San,,,,,,,,,not_found,,,https://www.youtube.com/watch?v=wPPpPuj0a3I,pop|v-pop,apple_music|zingmp3,MISSING_ORIGINAL,HIGH
song_819e16bea6f8eac3,Phải Thế Thôi - Lê Bảo Bình  [ Lyrics MV ],Lê Bảo Bình,,,,,,,,,not_found,,,https://www.youtube.com/watch?v=6wXbdBaq0Tg,pop|v-pop,apple_music|zingmp3,MISSING_ORIGINAL,HIGH
song_0ddede4a36eabc16,PHỐ ĐÃ LÊN ĐÈN,Huyền Tâm Môn Official,,,,,,,,,not_found,,,https://www.youtube.com/watch?v=uAl-9JkMXuE,pop|edm việt|latin,apple_music|zingmp3|discogs,MISSING_ORIGINAL,HIGH
song_6067b5e3558cce47,Phố Đã Lên Đèn,Huyền Tâm Môn Official,,,,,,,,,not_found,,,https://www.youtube.com/watch?v=t3ZmgqercXs,pop|edm việt|latin,apple_music|zingmp3|discogs,MISSING_ORIGINAL,HIGH
song_2d3e9249da826cec,"🎹 Piano Instrumental (Free Music) - ""Instructions For Living A Life"" by @SavfkMusic 🇮🇹 🇬🇧",BreakingCopyright — Royalty Free Music,,,,,,,,,not_found,,,https://www.youtube.com/watch?v=CsBdbOHWTH4,pop,nhaccuatui,MISSING_ORIGINAL,LOW
song_6c7dffe7dadd9883,(Piano Ver.) Không Yêu Xin Đừng Nói - UMIE (Prod. ToneRx),UMIE Official,,,,,,,,,not_found,,,https://www.youtube.com/watch?v=Nbtwh25Uxik,instrumental|house,apple_music|shazam|allmusic|qobuz|youtube,MISSING_ORIGINAL,HIGH
song_773f7c944ff0ded6,Pink Girl | Đông Nhi | Yeah1 Superstar (Offical MV),YEAH1 MUSIC,,,,,,,,,not_found,,,https://www.youtube.com/watch?v=Z-uVlNID628,pop,nhaccuatui|nhac_vn|shazam|allmusic|qobuz|youtube,MISSING_ORIGINAL,HIGH
song_a750873de78f6cb1,"PinkPantheress, Ice Spice - Boy’s a liar Pt. 2 (Official Video)",Pinkpantheress,,,,,,,,,not_found,,,https://www.youtube.com/watch?v=oftolPu9qp4,pop,apple_music|zingmp3,MISSING_ORIGINAL,HIGH
song_cbb11a26d4305392,Pixel Neko - Cô Nàng Khác Người [feat. Nger (MCK) & Wxrdie] | Official MV,CDSL,,,,,,,,,not_found,,,https://www.youtube.com/watch?v=T2rUFh-9Ogs,rock,web_search,MISSING_ORIGINAL,LOW
song_df104b3e5b6caa56,Pollute the Mainstream,Hurricane On Saturn,,,,,,,,,not_found,,,https://www.youtube.com/watch?v=XZA-eFrSizc,electronic|hip hop|rock|dance-pop|pop rap|alternative metal|post-hardcore|dance|metal,discogs|shazam|musicbrainz,MISSING_ORIGINAL,HIGH
song_02e5f96efe520621,POURI X - Always Yours,We Are Diamond,,,,,,,,,not_found,,,https://www.youtube.com/watch?v=VVuOlQkhPqI,dance,apple_music,MISSING_ORIGINAL,HIGH
song_efe3c2c0a934568d,"Powfu - Death Bed (Lyrics) ""dont stay away for too long""",FutureHype,,,,,,,,,not_found,,,https://www.youtube.com/watch?v=4eaXoebXKfY,house,web_search,MISSING_ORIGINAL,LOW
song_97f994ed330dd0a3,PUPPY & DANGRANGTO - WRONG TIMES | Live at LAB RADAR | ZLAB,ZLAB,,,,,,,,,not_found,,,https://www.youtube.com/watch?v=W4UeUJA9wLU,rock|house,discogs|nhaccuatui|shazam|nhac_vn|allmusic|qobuz|youtube,MISSING_ORIGINAL,HIGH
song_bf471ec3d017ec69,QNT - TAMKA (ft. WXRDIE & MASON NGUYEN) Prod. Phongkhin & Marlykid | OFFICIAL MV,QNT,,,,,,,,,not_found,,,https://www.youtube.com/watch?v=iEHtXbCDHT4,rap,apple_music,MISSING_ORIGINAL,HIGH
song_5113a56c6583f1b7,Qua Khung Cửa Sổ - Chillies [Official Music Video],Chillies,,,,,,,,,not_found,,,https://www.youtube.com/watch?v=OmmbiyE-d4Q,v-pop|pop|indie pop,zingmp3|discogs,MISSING_ORIGINAL,HIGH
song_0ef54e514e014aa2,QUANG HÙNG MASTERD - ĐỪNG VÌ ANH MÀ KHÓC | Official Music Video,Quang Hùng MasterD,,,,,,,,,not_found,,,https://www.youtube.com/watch?v=omacvKrg-ys,pop|v-pop,apple_music|zingmp3,MISSING_ORIGINAL,HIGH
song_ad775dddd44926d8,Quang Vinh - Phai Dấu Cuộc Tình (黄昏 Cover),Quang Vinh,,,,,,,,,not_found,,,https://www.youtube.com/watch?v=ptLFrU_zrEQ,v-pop,zingmp3,MISSING_ORIGINAL,HIGH
song_5ac6718ca18807d6,Que Huong - Saxophone Tran Manh Tuan,Nguyen Thanh Binh,,,,,,,,,not_found,,,https://www.youtube.com/watch?v=CoWpgENVu4w,jazz,apple_music,MISSING_ORIGINAL,HIGH
song_528aa2e6986aa42a,Queen - Another One Bites the Dust (Official Video),Queen Official,,,,,,,,,not_found,,,https://www.youtube.com/watch?v=rY0WxgSXdEE,rock|electronic|dance|classic rock|arena rock|pop rock|hard rock|instrumental,apple_music|zingmp3|discogs|nhaccuatui|shazam|nhac_vn|allmusic|qobuz|youtube,MISSING_ORIGINAL,HIGH
song_f1b34278a54a4353,Queen – Bohemian Rhapsody (Official Video Remastered),Queen Official,,,,,,,,,not_found,,,https://www.youtube.com/watch?v=fJ9rUzIMcZQ,rock|classic rock|instrumental,apple_music|discogs|nhaccuatui|nhac_vn|shazam|allmusic|qobuz|youtube,MISSING_ORIGINAL,HIGH
song_b7bcc7cf2704ddd7,Queen - Somebody To Love (Official Video),Queen Official,,,,,,,,,not_found,,,https://www.youtube.com/watch?v=kijpcUv-b8M,pop|electronic|dance|rock|classic rock|arena rock|pop rock|hard rock|instrumental,apple_music|zingmp3|discogs|nhaccuatui|nhac_vn|shazam|allmusic|qobuz|youtube,MISSING_ORIGINAL,HIGH
song_0eb3fba315d39587,Queen - We Will Rock You (Official Video),Queen Official,,,,,,,,,not_found,,,https://www.youtube.com/watch?v=-tJYN-eG1zk,rock|classic rock|arena rock|pop rock|hard rock|instrumental,apple_music|discogs|nhaccuatui|nhac_vn|shazam|allmusic|qobuz,MISSING_ORIGINAL,HIGH
song_bc6c3d41ab545ec9,Quán Khuya,,,,,,,,,,not_found,ZW7UACE6,https://zingmp3.vn/bai-hat/Quan-Khuya-Huy-Vu/ZW7UACE6.html,,pop|folk|world|country,apple_music|discogs,MISSING_ORIGINAL,HIGH
song_3244c21f3377cd5e,Quân A.P | Ai Là Người Thương Em | Official Music Video,Quân A.P Official,,,,,,,,,not_found,,,https://www.youtube.com/watch?v=P_jk6caKnfA,v-pop,zingmp3,MISSING_ORIGINAL,HIGH
song_0f4a93d113f801c3,QUÂN A.P | BÔNG HOA ĐẸP NHẤT | OFFICIAL MUSIC VIDEO,Quân A.P Official,,,,,,,,,not_found,,,https://www.youtube.com/watch?v=fTXd-DpN3AI,v-pop,zingmp3,MISSING_ORIGINAL,HIGH
song_8514a5a2ae389f35,Quân A.P - Dắt em đi khỏi đây (Visualizer),Quân A.P Official,,,,,,,,,not_found,,,https://www.youtube.com/watch?v=vWav0gngrIE,pop|v-pop,apple_music|zingmp3,MISSING_ORIGINAL,HIGH
song_14244b7b391a7111,Quân A.P - Đầu anh toàn là em | Official Music Video,Quân A.P Official,,,,,,,,,not_found,,,https://www.youtube.com/watch?v=h6-ZiC_HPMo,pop|v-pop,apple_music|zingmp3,MISSING_ORIGINAL,HIGH
song_3df83d159ede8826,Quê Em Mùa Nước Lũ,Bé Ngọc Ngân,Khác,zingmp3_title_artist_search,https://zingmp3.vn/bai-hat/Que-Em-Mua-Nuoc-Lu-Huynh-Thanh-Sang-Ngoc-Nuoc/MerkIv7at93f.html,Quê Em Mùa Nước Lũ,"Huỳnh Thanh Sang, Ngọc Nước",0.842,low,"[{""id"":""A6UHaAP1adyN"",""name"":""Khác"",""title"":""Khác"",""alias"":""khac"",""link"":""/the-loai-album/Khac/A6UHaAP1adyN.html""}]; title_score=1.000; artist_score=0.368",found_needs_review,ZW7UE78A,https://zingmp3.vn/bai-hat/Que-Em-Mua-Nuoc-Lu-Be-Ngoc-Ngan/ZW7UE78A.html,,pop|country,apple_music|nhaccuatui|shazam|allmusic|qobuz|nhac_vn|youtube,MISSING_ORIGINAL,HIGH
song_72a2f8a581138de7,Quê hương - Trọng Tấn,lynk0704,,,,,,,,,not_found,,,https://www.youtube.com/watch?v=1h2kZ54m5qo,trữ tình|country,zingmp3|nhaccuatui|nhac_vn|shazam|allmusic|qobuz|youtube,MISSING_ORIGINAL,HIGH
song_dc065933fc981b86,Quên Mối Duyên Nghèo,Lam Bao Tran,,,,,,,,,not_found,ZW696E0Z,https://zingmp3.vn/bai-hat/Quen-Moi-Duyen-Ngheo-Lam-Bao-Tran/ZW696E0Z.html,,worldwide,apple_music,MISSING_ORIGINAL,HIGH
song_e1fdad84c5aac8e6,R.E.M. - Losing My Religion (Official HD Music Video),remhq,,,,,,,,,not_found,,,https://www.youtube.com/watch?v=xwtdhWltSIg,latin,nhaccuatui|nhac_vn|shazam|allmusic|qobuz|youtube,MISSING_ORIGINAL,HIGH
song_d5ad4978bf5a5af1,RANE - California Night Sky,We Are Diamond,,,,,,,,,not_found,,,https://www.youtube.com/watch?v=G5Palry4JgE,alternative,qobuz,MISSING_ORIGINAL,LOW
song_a9eeb36918f42eec,RANE - London,We Are Diamond,,,,,,,,,not_found,,,https://www.youtube.com/watch?v=BdPplDw6B-Y,electronic|rock|reggae|funk|soul|pop|country rock|classic rock|europop|disco|pop rock|synthpop|ballad|alternative rock|soft rock|rhythm|blues|vocal|latin,discogs|shazam,MISSING_ORIGINAL,HIGH
song_2478bf35533445c8,RANE - Take You Home,We Are Diamond,,,,,,,,,not_found,,,https://www.youtube.com/watch?v=0wa6hZcfOuU,electronic|rock|reggae|funk|soul|pop|country rock|classic rock|europop|disco|pop rock|synthpop|ballad|alternative rock|soft rock|rhythm|blues|vocal|alternative,discogs|nhaccuatui,MISSING_ORIGINAL,HIGH
song_6f48c6bcaaafa762,Rascal Flatts - What Hurts The Most,Rascal Flatts,,,,,,,,,not_found,,,https://www.youtube.com/watch?v=7qH4qyi1-Ys,country|rock|pop|country rock|ballad,apple_music|zingmp3|discogs,MISSING_ORIGINAL,HIGH
song_9d32f1f7167632f8,Red Hot Chili Peppers - Can't Stop [Official Music Video],Red Hot Chili Peppers,,,,,,,,,not_found,,,https://www.youtube.com/watch?v=8DyziWtkfBw,alternative|pop|rock|funk|alternative rock,apple_music|zingmp3|discogs,MISSING_ORIGINAL,HIGH
song_a6163de91513cbb8,Red Hot Chili Peppers - Dani California [Official Music Video],Red Hot Chili Peppers,,,,,,,,,not_found,,,https://www.youtube.com/watch?v=Sb5aq5HcS1A,alternative|pop|rock|pop rock|alternative rock,apple_music|zingmp3|discogs,MISSING_ORIGINAL,HIGH
song_0d81c3f25687dfb3,Red Hot Chili Peppers - Dark Necessities [Official Music Video],Red Hot Chili Peppers,,,,,,,,,not_found,,,https://www.youtube.com/watch?v=Q0oIoR9mLwc,alternative|rock|funk|soul,apple_music|zingmp3|discogs,MISSING_ORIGINAL,HIGH
song_16a87718de9c9cc1,Red Hot Chili Peppers - Otherside [Official Music Video] [HD UPGRADE],Red Hot Chili Peppers,,,,,,,,,not_found,,,https://www.youtube.com/watch?v=rn_YodiJO6k,alternative,apple_music|zingmp3,MISSING_ORIGINAL,HIGH
song_881ec19779a7ec93,Red Hot Chili Peppers - Scar Tissue [Official Music Video] [HD UPGRADE],Red Hot Chili Peppers,,,,,,,,,not_found,,,https://www.youtube.com/watch?v=mzJj5-lubeM,alternative|latin,apple_music|zingmp3|allmusic,MISSING_ORIGINAL,HIGH
song_7a9db5196bb15479,Red Hot Chili Peppers - Snow (Hey Oh) (Official Music Video),Red Hot Chili Peppers,,,,,,,,,not_found,,,https://www.youtube.com/watch?v=yuFI5KSPAt4,alternative,apple_music|zingmp3,MISSING_ORIGINAL,HIGH
song_4c66bcae23d21f69,Rehab - Bartender Song (Sittin' At A Bar),rehabmusic,,,,,,,,,not_found,,,https://www.youtube.com/watch?v=pdEvL6jxUYA,country,zingmp3|allmusic,MISSING_ORIGINAL,HIGH
song_dc37ad73b401e42b,"🍀 Relaxing (Copyright Free Music) - ""Missing You"" by Neutrin05 🇺🇸",BreakingCopyright — Royalty Free Music,,,,,,,,,not_found,,,https://www.youtube.com/watch?v=EGjI6ZbLnBY,alternative,allmusic,MISSING_ORIGINAL,LOW
song_0ef5017ab0c79b10,Relŭm - Lost in Paradise,We Are Diamond,,,,,,,,,not_found,,,https://www.youtube.com/watch?v=X7J9yyj2QwM,country,qobuz,MISSING_ORIGINAL,LOW
song_d1055b9a671d58d8,Resonance - Haven,HearWeGo,,,,,,,,,not_found,,,https://www.youtube.com/watch?v=yrotlfsJixM,nhật bản,zingmp3,MISSING_ORIGINAL,HIGH
song_d55b51b526c44811,Rhymastic - Nến Và Hoa (Official Audio),Rhymastic Official,,,,,,,,,not_found,,,https://www.youtube.com/watch?v=D164TFHeOcI,hip hop|rap,apple_music,MISSING_ORIGINAL,HIGH
song_4c3e9bc3ade900e1,Rhymastic - Nụ Cười (Official Audio),Rhymastic Official,,,,,,,,,not_found,,,https://www.youtube.com/watch?v=zIrx2a6dckA,soul,apple_music,MISSING_ORIGINAL,HIGH
song_0575baec90d162d2,Rhymastic - Yêu 5 Remix,Rhymastic Official,,,,,,,,,not_found,,,https://www.youtube.com/watch?v=aVMlPZDxd5U,hip hop|rap|edm việt,apple_music|zingmp3,MISSING_ORIGINAL,HIGH
song_abed4c16b209a7d3,Rihanna - Lift Me Up (From Black Panther: Wakanda Forever),Rihanna,,,,,,,,,not_found,,,https://www.youtube.com/watch?v=Mx_OexsUI2M,pop|electronic|hip hop|funk|soul|stage|screen|trap|pop rap|house,apple_music|zingmp3|discogs|nhac_vn,MISSING_ORIGINAL,HIGH
song_129cb7fd6f67eb71,Rihanna - Stay ft. Mikky Ekko,Rihanna,,,,,,,,,not_found,,,https://www.youtube.com/watch?v=JF8BRvqGCNs,pop|electronic|hip hop|alternative,apple_music|zingmp3|discogs|shazam,MISSING_ORIGINAL,HIGH
song_347943a7c42ac9a0,"Ring, Ring (Remix)",MIRA,,,,,,,,,not_found,,,https://www.youtube.com/watch?v=WYchBAyW-_o,pop|electronic|dance|house|euro house,apple_music|zingmp3|discogs,MISSING_ORIGINAL,HIGH
song_20270ebdb390b2c5,Riêng Có Đôi Ta,Thu Phuong,,,,,,,,,not_found,ZWZAE0WZ,https://zingmp3.vn/bai-hat/Rieng-Co-Doi-Ta-Thu-Phuong/ZWZAE0WZ.html,,pop,apple_music,MISSING_ORIGINAL,HIGH
song_34d95d4a5fc87569,Rod Stewart - Have You Ever Seen The Rain (Official Video),Rod Stewart,,,,,,,,,not_found,,,https://www.youtube.com/watch?v=2oX2FSv4Rys,pop|blues|jazz|rock|dance,apple_music|zingmp3|youtube,MISSING_ORIGINAL,HIGH
song_303671f77821ea56,ROSÉ & Bruno Mars - APT. (Official Music Video),ROSÉ,,,,,,,,,not_found,,,https://www.youtube.com/watch?v=ekr2nIex040,pop|electronic|dance|house|k-pop,apple_music|zingmp3|nhaccuatui|nhac_vn|shazam|allmusic|qobuz|youtube,MISSING_ORIGINAL,HIGH
song_06239c500551a137,ROSÉ - Messy (From F1® The Movie) [Official Music Video],ROSÉ,,,,,,,,,not_found,,,https://www.youtube.com/watch?v=ia2Ph61bYzc,pop|electronic|hip hop|house|k-pop,apple_music|discogs|nhaccuatui|shazam|nhac_vn|allmusic|qobuz|youtube,MISSING_ORIGINAL,HIGH
song_74bec7e59fe6cab8,"🐤 Royalty free Chill Future Bass Music - ""Don't Lose Heart"" by Middle Child 🇺🇸",BreakingCopyright — Royalty Free Music,,,,,,,,,not_found,,,https://www.youtube.com/watch?v=ZLfs029IywI,country,qobuz,MISSING_ORIGINAL,LOW
song_51462c873c05f06e,[Royalty Free Music] Hinkik & A Himitsu - Realms [Drum and Bass],BreakingCopyright — Royalty Free Music,,,,,,,,,not_found,,,https://www.youtube.com/watch?v=9B_Glmfk-bA,house,youtube,MISSING_ORIGINAL,LOW
song_56398024035c6458,RPT MCK - Phong Cách | VIDEO MUSIC (unofficial),MCK // Nger,,,,,,,,,not_found,,,https://www.youtube.com/watch?v=Kl2XtkZ2Vfs,electronic|rock|reggae|pop|euro house|eurodance|country,discogs|allmusic,MISSING_ORIGINAL,HIGH
song_3a241fe7cae34a46,RPT MCK - TẠI VÌ SAO | Official Music Video,MCK // Nger,,,,,,,,,not_found,,,https://www.youtube.com/watch?v=U0Vr1zotKIo,hip hop|rap|rap việt|electronic,apple_music|zingmp3|youtube,MISSING_ORIGINAL,HIGH
song_134d23a10c5f7f9a,Ru Em Tròn Giấc Ngủ,Huong Lan,,,,,,,,,not_found,ZWZD9ZW7,https://zingmp3.vn/bai-hat/Ru-Em-Tron-Giac-Ngu-Huong-Lan/ZWZD9ZW7.html,,worldwide|trữ tình|pop|metal,apple_music|musicbrainz|youtube,MISSING_ORIGINAL,HIGH
song_4e311236bebc3c1a,Răng Khôn (feat. RIN9),PHÍ PHƯƠNG ANH Official,,,,,,,,,not_found,,,https://www.youtube.com/watch?v=8-F-9LRn4YE,hip hop|rap|v-pop|dance|latin,apple_music|zingmp3|qobuz,MISSING_ORIGINAL,HIGH
song_8a21e2c8b4dc5199,Rồi Người Thương Cũng Hóa Người Dưng - Official MV | Hiền Hồ,Hiền Hồ Official,,,,,,,,,not_found,,,https://www.youtube.com/watch?v=IGyA9CxWwbs,pop|v-pop,apple_music|zingmp3,MISSING_ORIGINAL,HIGH
song_3e7a0c88ac376511,Rời (feat. Hằng BingBoong),TRUNG QUÂN,,,,,,,,,not_found,,,https://www.youtube.com/watch?v=YncdOXxJfaI,pop|v-pop|folk|world|country|ballad,apple_music|zingmp3|discogs,MISSING_ORIGINAL,HIGH
song_68f6e5444037b51c,Rời (Remix House),Orinn - Topic,,,,,,,,,not_found,,,https://www.youtube.com/watch?v=oYxeLmzz0uA,dangdut|dance việt,apple_music|zingmp3,MISSING_ORIGINAL,HIGH
song_9457ba78c3f9100d,Sabrina Carpenter - Please Please Please (Official Video),Sabrina Carpenter,,,,,,,,,not_found,,,https://www.youtube.com/watch?v=cF1Na4AIecM,pop,apple_music|zingmp3,MISSING_ORIGINAL,HIGH
song_eac69b8b3f47ae38,Sai Lầm Của Anh - Đình Dũng [Lyrics Mv],Nhật Phong,,,,,,,,,not_found,,,https://www.youtube.com/watch?v=yn028QF2FPs,pop,apple_music,MISSING_ORIGINAL,HIGH
song_221b50435dc179c0,Sai Nắng ( CRUSH ) - S.T SƠN THẠCH x SEACHAINS - OFFICIAL MUSIC VIDEO,S.T Sơn Thạch Official,,,,,,,,,not_found,,,https://www.youtube.com/watch?v=7Oc0my_8XwY,v-pop,zingmp3,MISSING_ORIGINAL,HIGH
song_cbcb0f619abcd284,"Sam Smith - Fire On Fire (From ""Watership Down"")",SAM SMITH,,,,,,,,,not_found,,,https://www.youtube.com/watch?v=vk_xq1P7vIU,pop|rock|folk|world|country|ballad|soft rock|holiday,apple_music|zingmp3|discogs,MISSING_ORIGINAL,HIGH
song_31ad5958ae65da80,Sam Smith - Love Me More (Official Music Video),SAM SMITH,,,,,,,,,not_found,,,https://www.youtube.com/watch?v=H1hDzq98WIY,holiday|pop,apple_music|zingmp3,MISSING_ORIGINAL,HIGH
song_7893830fd499ccb0,Sang Xịn Mịn ft Buông Hàng - Young Milo「Thereon Remix」/ Audio Lyrics - Nhạc Tik Tok Remix Hot Trend,9C Media,,,,,,,,,not_found,,,https://www.youtube.com/watch?v=YTSc2tI3NFs,house,shazam,MISSING_ORIGINAL,LOW
song_5b3ad565c23c7e91,"sao anh chưa về nhà (feat. Hoàng Dũng, Ricky Star)",AMEE,,,,,,,,,not_found,,,https://www.youtube.com/watch?v=_O8Tyc0-M8Q,pop|b việt|bubblegum|v-pop,apple_music|zingmp3|discogs|musicbrainz,MISSING_ORIGINAL,HIGH
song_fd5ae3747e50c215,Sao Anh Không Là Anh,"Pham Quynh Anh,Ung Hoang Phuc",,,,,,,,,not_found,ZWZA6FDE,https://zingmp3.vn/bai-hat/Sao-Anh-Khong-La-Anh-Pham-Quynh-Anh-Ung-Hoang-Phuc/ZWZA6FDE.html,,hip hop|rap,apple_music,MISSING_ORIGINAL,HIGH
song_7c590f92cd14314a,SAO EM VÔ TÌNH | JACK x K-ICM ft. LIAM | HƯƠNG LY COVER,Nguyễn Hương Ly Official,,,,,,,,,not_found,,,https://www.youtube.com/watch?v=llMHKYyzCEo,electronic|jazz|folk|world|country|contemporary jazz,discogs,MISSING_ORIGINAL,HIGH
song_425e08c371e6f0e8,"SAO HẠNG A - Song Luân x HIEUTHUHAI x JSOL x Dương Domic ""làm xiếc"" trên sân khấu | ANH TRAI SAY HI",Song Luân Official,,,,,,,,,not_found,,,https://www.youtube.com/watch?v=d9Fohvdet4g,v-pop,zingmp3,MISSING_ORIGINAL,HIGH
song_20b0fcb8cf03f34e,SAO PHẢI KHÓC - PHAN DUY ANH  |  OFFICIAL MUSIC VIDEO,Phan Duy Anh,,,,,,,,,not_found,,,https://www.youtube.com/watch?v=5ALeAYtOLPI,pop|v-pop,apple_music|zingmp3,MISSING_ORIGINAL,HIGH
song_979931d842d2d59a,Sappheiros - Dawn,HearWeGo,,,,,,,,,not_found,,,https://www.youtube.com/watch?v=5wJXthf4s7w,electronic,web_search,MISSING_ORIGINAL,LOW
song_3a0dd4c2dbe2d8ee,Sappheiros - Lights,HearWeGo,,,,,,,,,not_found,,,https://www.youtube.com/watch?v=CfHd0y2rjks,alternative,nhaccuatui,MISSING_ORIGINAL,LOW
song_0f302341a11f810d,Sappheiros - Passion,HearWeGo,,,,,,,,,not_found,,,https://www.youtube.com/watch?v=Vx0r9S9exfc,alternative|electronic|dance,zingmp3,MISSING_ORIGINAL,HIGH
song_1fd5fd64da5b7a09,Sappheiros - Time Stands Still (Cash Edit),HearWeGo,,,,,,,,,not_found,,,https://www.youtube.com/watch?v=n4OsiCzOTok,pop,qobuz,MISSING_ORIGINAL,LOW
song_d4282ff7795ceed8,Sarah Cothran - As The World Caves In (Lyrics),SuperbLyrics,,,,,,,,,not_found,,,https://www.youtube.com/watch?v=t9QqxKnHHhM,house,web_search,MISSING_ORIGINAL,LOW
song_8b481661a2a370c2,Sau Lời Từ Khước,Release - Topic,,,,,,,,,not_found,,,https://www.youtube.com/watch?v=nQ1BG2fHef4,pop|nhạc phim|v-pop,apple_music|zingmp3,MISSING_ORIGINAL,HIGH
song_de86673b14540c29,Sau Lời Từ Khước (OST MAI) | CineLove (The Album) | Phan Mạnh Quỳnh,Phan Mạnh Quỳnh Official,,,,,,,,,not_found,,,https://www.youtube.com/watch?v=mzqvF_rIOx8,folk|world|country|trữ tình,discogs,MISSING_ORIGINAL,HIGH
song_427fdf2d46032374,Sau Tất Cả,Various Artists - Topic,,,,,,,,,not_found,,,https://www.youtube.com/watch?v=VziQb8WkUtk,v-pop,zingmp3,MISSING_ORIGINAL,HIGH
song_88f687f56fedd583,SAY ANH - MỸ MỸ x DLOW | OFFICIAL MUSIC VIDEO,Mỹ Mỹ Official,,,,,,,,,not_found,,,https://www.youtube.com/watch?v=bLFlg4R8aZM,v-pop,zingmp3,MISSING_ORIGINAL,HIGH
song_a6812801513debae,ScHoolboy Q - Man Of The Year (Official Music Video),ScHoolboy Q,,,,,,,,,not_found,,,https://www.youtube.com/watch?v=rEMsjeq43_U,rap|hip hop|dance,zingmp3|nhaccuatui,MISSING_ORIGINAL,HIGH
song_8b8d33b28a581d3d,Scorpions - Wind Of Change (Official Music Video),Scorpions,,,,,,,,,not_found,,,https://www.youtube.com/watch?v=n4RjJKxsamQ,hàn quốc|rock|hard rock|arena rock,zingmp3|discogs|qobuz,MISSING_ORIGINAL,HIGH
song_6aa00f1f452fcf13,[SEE SING SHARE 3 - Tập 1] Chỉ Còn (Nuối Tiếc) Những Mùa Nhớ - Hà Anh Tuấn,Hà Anh Tuấn,,,,,,,,,not_found,,,https://www.youtube.com/watch?v=tCV4dSMeQzE,pop,apple_music,MISSING_ORIGINAL,HIGH
song_6d87a17949c89ac4,See Tình - Hoàng Thùy Linh「Cukak Remix」/ Audio Lyrics Video,Cukak,,,,,,,,,not_found,,,https://www.youtube.com/watch?v=tVTRY6851Ug,pop|edm việt,apple_music|zingmp3,MISSING_ORIGINAL,HIGH
song_5cb9939fe7394173,Selena Gomez - Lose You To Love Me (Official Music Video),Selena Gomez,,,,,,,,,not_found,,,https://www.youtube.com/watch?v=zlJDTxahav0,pop|hàn quốc|hip hop|funk|soul|vocal|dance-pop|electronic|ballad|country,apple_music|zingmp3|discogs|nhac_vn,MISSING_ORIGINAL,HIGH
song_f9fb13ceb2f2e86d,Senior | Lime | Yeah1 Superstar (Official Music Video),YEAH1 MUSIC,,,,,,,,,not_found,,,https://www.youtube.com/watch?v=VP8etp60s3A,latin,nhaccuatui|shazam|nhac_vn|qobuz|allmusic|youtube,MISSING_ORIGINAL,HIGH
song_e1bea11ad99fc164,Serein - Renconcile,HearWeGo,,,,,,,,,not_found,,,https://www.youtube.com/watch?v=9WrfveQT2DY,country,web_search,MISSING_ORIGINAL,LOW
song_329610813f18e6f0,SEVDALIZA - ALIBI FT. PABLLO VITTAR & YSEULT (OFFICIAL MUSIC VIDEO),Sevdaliza,,,,,,,,,not_found,,,https://www.youtube.com/watch?v=qVqFuokjRMc,latin,apple_music,MISSING_ORIGINAL,HIGH
song_ef8dcdbd5baeec09,Shaboozey - A Bar Song (Tipsy) [Official Visualizer],Shaboozey,,,,,,,,,not_found,,,https://www.youtube.com/watch?v=t7bQwwqW-Hc,country,nhaccuatui|nhac_vn|shazam|allmusic|qobuz|youtube,MISSING_ORIGINAL,HIGH
song_be89860c21234f8f,Shake The Rhythm (Phiên bản đặc biệt) - Đông Nhi,NESCAFÉ VIỆT NAM,,,,,,,,,not_found,,,https://www.youtube.com/watch?v=cs_hFwe9nQc,vocal,apple_music,MISSING_ORIGINAL,HIGH
song_7ebabacb38e40192,Shania Twain - Any Man Of Mine (Official Music Video),Shania Twain,,,,,,,,,not_found,,,https://www.youtube.com/watch?v=8N2k-gv6xNE,country,apple_music|zingmp3,MISSING_ORIGINAL,HIGH
song_abbebf11825be031,Shania Twain - Forever And For Always (Red Version) (Official Music Video),Shania Twain,,,,,,,,,not_found,,,https://www.youtube.com/watch?v=IpT-FW_G8-A,pop|country,apple_music|zingmp3|nhac_vn,MISSING_ORIGINAL,HIGH
song_3e626f11e631521e,Shania Twain - Man! I Feel Like A Woman! (Official Music Video),Shania Twain,,,,,,,,,not_found,,,https://www.youtube.com/watch?v=ZJL4UGSbeFg,country|alternative,apple_music|zingmp3|qobuz,MISSING_ORIGINAL,HIGH
song_e52928d8f935338d,Shania Twain - That Don't Impress Me Much (Official Music Video),Shania Twain,,,,,,,,,not_found,,,https://www.youtube.com/watch?v=mqFLXayD6e8,country,apple_music|zingmp3,MISSING_ORIGINAL,HIGH
song_e150a4e2912be54f,Shania Twain - You’re Still The One (Official Music Video),Shania Twain,,,,,,,,,not_found,,,https://www.youtube.com/watch?v=KNZH-emehxA,country,apple_music|zingmp3,MISSING_ORIGINAL,HIGH
song_448345c2bdc0fa42,Shawn Mendes - It'll Be Okay,Shawn Mendes,,,,,,,,,not_found,,,https://www.youtube.com/watch?v=KrgJp7Z1Hv8,pop,apple_music|zingmp3,MISSING_ORIGINAL,HIGH
song_b43b2a5820ad4f4d,Shay Nắnggg - AMEE x OBITO x HỨA KIM TUYỀN x SKIN AQUA TONE UP UV | Official Music Video,ST.319 Entertainment,,,,,,,,,not_found,,,https://www.youtube.com/watch?v=TaJqxfMZMWs,alternative,nhac_vn,MISSING_ORIGINAL,LOW
song_16c647b4eab3f589,She Neva Knows (CM1X REMIX) - JustaTee,CM1X Official,,,,,,,,,not_found,,,https://www.youtube.com/watch?v=RarQCMLLIOg,b việt,zingmp3,MISSING_ORIGINAL,HIGH
song_7b72ef1eaf67db9a,Shiek - Don't Take Me Back to Reality (feat. Nokyo),We Are Diamond,,,,,,,,,not_found,,,https://www.youtube.com/watch?v=8sAfzIOjWrw,alternative,youtube,MISSING_ORIGINAL,LOW
song_cfe0f424780cd840,Shiek - I Wanna Go (feat. VLCNO),We Are Diamond,,,,,,,,,not_found,,,https://www.youtube.com/watch?v=pHZi-6z-ilM,dance|rock|blues|folk|world|country|blues rock|pop rock|rhythm|roll|alternative,apple_music|discogs|youtube,MISSING_ORIGINAL,HIGH
song_2fc8c04125d5c676,Shiki - 1000 Ánh Mắt ft. Obito (Official Music Video),Shiki,,,,,,,,,not_found,,,https://www.youtube.com/watch?v=GKxkw0FQBm0,soul,apple_music,MISSING_ORIGINAL,HIGH
song_1a750a7d714b4472,Shiki - Có Đôi Điều ('Lặng' EP),Shiki,,,,,,,,,not_found,,,https://www.youtube.com/watch?v=xPXgebIDE6M,soul,apple_music,MISSING_ORIGINAL,HIGH
song_1432aaa8b85a7d0b,Sia - Courage To Change (from the motion picture Music),Sia,,,,,,,,,not_found,,,https://www.youtube.com/watch?v=mWQACEqf4QY,pop|stage|screen,apple_music|discogs,MISSING_ORIGINAL,HIGH
song_00c2dba2ed76f1cd,Silenset - Your Eyes,HearWeGo,,,,,,,,,not_found,,,https://www.youtube.com/watch?v=KjQ2w80zFWw,pop,nhac_vn,MISSING_ORIGINAL,LOW
song_6974aad166f71b2e,SILØU - Life Is Good,We Are Diamond,,,,,,,,,not_found,,,https://www.youtube.com/watch?v=TxDKQO8o3N4,country,web_search,MISSING_ORIGINAL,LOW
song_a4a94422c7689ff0,Simple Plan - Perfect (Official Video) [HD],SimplePlan,,,,,,,,,not_found,,,https://www.youtube.com/watch?v=RUi54JTgL5s,pop,apple_music,MISSING_ORIGINAL,HIGH
song_927e46c98fc12a05,Sinh ra đã là thứ đối lập nhau (feat. Badbies),Emcee L - Topic,,,,,,,,,not_found,,,https://www.youtube.com/watch?v=-zNB1BT2mi4,pop|v-pop,apple_music|zingmp3,MISSING_ORIGINAL,HIGH
song_edaa478ede913b7a,Sinh Ra Đã Là Thứ Đối Lập Nhau (Freak D Lofi Ver.) - Emcee L (Da LAB) ft. Badbies,Freak D Music,,,,,,,,,not_found,,,https://www.youtube.com/watch?v=uz1JxyFVMf4,pop,apple_music,MISSING_ORIGINAL,HIGH
song_2767bf5e842e0268,SIVAN - MỘT CHIẾC BUỒN (Official Audio),SIVAN,,,,,,,,,not_found,,,https://www.youtube.com/watch?v=QbVhA6cn044,hip hop|rap,apple_music,MISSING_ORIGINAL,HIGH
song_2113d6043cdf0dda,Slowly (Raw ) - Thịnh Suy,Sinonn,,,,,,,,,not_found,,,https://www.youtube.com/watch?v=gXXBhG2ZOQM,v-pop|acoustic|rock|house,zingmp3|shazam|allmusic|qobuz,MISSING_ORIGINAL,HIGH
song_4ebb76d4155eab02,SMO - Không phải hôm nay ft. MinhLai (Prod by MarlyKid) [Official MV],SMO95G,,,,,,,,,not_found,,,https://www.youtube.com/watch?v=6XCOWK_kIP8,country,nhaccuatui|shazam|allmusic|nhac_vn|qobuz|youtube,MISSING_ORIGINAL,HIGH
song_a4c264c15a663674,So Close,Binz Da Poet,,,,,,,,,not_found,,,https://www.youtube.com/watch?v=3OgsYnUNeqk,spoken word|electronic|dance,apple_music|zingmp3,MISSING_ORIGINAL,HIGH
song_6f561829c78e12fe,SOBE - CHỈ LÀ GIẤC MƠ BAO NGÀY QUA (ft. Machiot) | OFFICIAL AUDIO,SOBE,,,,,,,,,not_found,,,https://www.youtube.com/watch?v=Ayljgma96D8,pop|v-pop,apple_music|zingmp3,MISSING_ORIGINAL,HIGH
song_29dfda066cec490e,SODA - MCK prod.GC,MCK // Nger,,,,,,,,,not_found,,,https://www.youtube.com/watch?v=kJw-XWgfPm8,dance,web_search,MISSING_ORIGINAL,LOW
song_c07cc0b8ce0f67b3,SOFAR - BINZ DA POET | LYRICS VIDEO | OFFICIAL AUDIO,Binz Da Poet,,,,,,,,,not_found,,,https://www.youtube.com/watch?v=hZFCidk6A_w,spoken word,apple_music,MISSING_ORIGINAL,HIGH
song_30279ef0b7988c3b,SOFAR - BINZ DA POET | OFFICIAL MUSIC VIDEO,Binz Da Poet,,,,,,,,,not_found,,,https://www.youtube.com/watch?v=_MM1MQgFjRM,spoken word,apple_music,MISSING_ORIGINAL,HIGH
song_13631be5f6f4568a,SONG LUÂN x ĐẠT G - ANH THÍCH EM NHƯ VẬY | OFFICIAL MUSIC VIDEO | VALENTINE 2024,Song Luân Official,,,,,,,,,not_found,,,https://www.youtube.com/watch?v=ZWb9ZuMr98Y,pop|v-pop,apple_music|zingmp3,MISSING_ORIGINAL,HIGH
song_3e1dbb987046e9c3,SOOBIN & BINZ (DOUBLE B) - BlackJack ft. GOKU (Official Music Video),SOOBIN Official,,,,,,,,,not_found,,,https://www.youtube.com/watch?v=zRdHnseM0PE,pop,apple_music,MISSING_ORIGINAL,HIGH
song_bd4c6808c28b8395,SOOBIN HOÀNG SƠN | I KNOW YOU KNOW | Official MV,SOOBIN Official,,,,,,,,,not_found,,,https://www.youtube.com/watch?v=aNLmz22WrOQ,pop|k-pop,discogs,MISSING_ORIGINAL,HIGH
song_62752d242c0731f7,SOOBIN HOÀNG SƠN - SAY GOODBYE [ OFFICIAL MV ],SpaceSpeakers Label,,,,,,,,,not_found,,,https://www.youtube.com/watch?v=7kP8Qnu2TJ8,pop,apple_music,MISSING_ORIGINAL,HIGH
song_446b3eec164426a8,SOOBIN - Tháng Năm (Official Audio),SOOBIN Official,,,,,,,,,not_found,,,https://www.youtube.com/watch?v=FJ8T7tJ9hRE,pop,apple_music,MISSING_ORIGINAL,HIGH
song_3291bf716816f254,SOOBIN - THÁNG NĂM (Official Music Video),SOOBIN Official,,,,,,,,,not_found,,,https://www.youtube.com/watch?v=sG9JhIRuTkA,pop,apple_music,MISSING_ORIGINAL,HIGH
song_c7fcbde74e0a5429,SOOBIN - Tiến Tới Ước Mơ (ft. Rhymastic & SlimV),SOOBIN Official,,,,,,,,,not_found,,,https://www.youtube.com/watch?v=n0BgVZVsmms,pop|v-pop,apple_music|zingmp3,MISSING_ORIGINAL,HIGH
song_ccb26d4a4d2c210f,"SOOBIN, tlinh - Ai Mà Biết Được (ft. Touliver) | 'BẬT NÓ LÊN' Album (Official MV)",SOOBIN Official,,,,,,,,,not_found,,,https://www.youtube.com/watch?v=oV7qaHKPoK0,v-pop,zingmp3,MISSING_ORIGINAL,HIGH
song_01198c48fc551b5d,SOOBIN - TRÒ CHƠI (Official Music Video),SOOBIN Official,,,,,,,,,not_found,,,https://www.youtube.com/watch?v=QFHvfQDgRFA,pop,apple_music,MISSING_ORIGINAL,HIGH
song_92c03d15d551a743,"🎺 Soul & Blues (Royalty Free Music) - ""SEARCHING..."" by Pold 🇵🇱",BreakingCopyright — Royalty Free Music,,,,,,,,,not_found,,,https://www.youtube.com/watch?v=PH1ic-_cT2E,folk,youtube,MISSING_ORIGINAL,LOW
song_cca3863604db6868,South Vietnamese March: Thề Chiến Thắng Quân Thù - Vow Victory Over the Enemy (Instrumental),Danjori,,,,,,,,,not_found,,,https://www.youtube.com/watch?v=PXIKrFBbkK0,house,allmusic,MISSING_ORIGINAL,LOW
song_2074829f34fecf94,SPACESPEAKERS - FREAKY SQUAD (OFFICIAL MUSIC VIDEO),SpaceSpeakers Label,,,,,,,,,not_found,,,https://www.youtube.com/watch?v=N4a9Db9_ijc,hip hop|rap,apple_music,MISSING_ORIGINAL,HIGH
song_a5734177264f87a2,"SRTW, Buchs - Sleepless Nights (feat. LIZ LUNE)",We Are Diamond,,,,,,,,,not_found,,,https://www.youtube.com/watch?v=0aPeSwXITR8,dance,apple_music,MISSING_ORIGINAL,HIGH
song_d912c1b4b1530214,"SRTW, Buchs - You & Me (feat. flower thief)",We Are Diamond,,,,,,,,,not_found,,,https://www.youtube.com/watch?v=oBg2ZdZenmw,country,youtube,MISSING_ORIGINAL,LOW
song_1435b92be5423476,"SRTW, COLIN - Hot Chocolate (feat. RAENE)",We Are Diamond,,,,,,,,,not_found,,,https://www.youtube.com/watch?v=B6Gj7Jxf9rQ,pop,nhac_vn,MISSING_ORIGINAL,LOW
song_0f9bd33a350121b3,"SRTW, COLIN - I'll Be There (feat. CLOSR)",We Are Diamond,,,,,,,,,not_found,,,https://www.youtube.com/watch?v=Q75bG0w-1hk,country,shazam,MISSING_ORIGINAL,LOW
song_b4d84d7e4adcdd54,"SRTW, COLIN & Noile - Ocean View",We Are Diamond,,,,,,,,,not_found,,,https://www.youtube.com/watch?v=Z0zh0B6Sl_8,dance|country,apple_music|qobuz,MISSING_ORIGINAL,HIGH
song_6d313271d88dd6a1,"SRTW, COLIN & Noile - When It Rains (feat. CLOSR)",We Are Diamond,,,,,,,,,not_found,,,https://www.youtube.com/watch?v=ohXpWUQXPek,dance,apple_music,MISSING_ORIGINAL,HIGH
song_6b394d62ab4ca381,"SRTW, Mauve - All Mine (feat. RED)",We Are Diamond,,,,,,,,,not_found,,,https://www.youtube.com/watch?v=1bobdkfIKOQ,k-pop|pop,qobuz,MISSING_ORIGINAL,LOW
song_95771b3f6b0b0f8c,"SRTW, Mauve - Lights On (feat. CLOSR)",We Are Diamond,,,,,,,,,not_found,,,https://www.youtube.com/watch?v=2QuJ66qmUPw,house,nhaccuatui,MISSING_ORIGINAL,LOW
song_8a6879b615d4507e,SRTW & Mauve & Noile - Love so Hardcore (feat. CLOSR),We Are Diamond,,,,,,,,,not_found,,,https://www.youtube.com/watch?v=DJDXolhHREE,dance,apple_music,MISSING_ORIGINAL,HIGH
song_9978e88293a19229,"SRTW, Nimus - Good Vibes (feat. madugo)",We Are Diamond,,,,,,,,,not_found,,,https://www.youtube.com/watch?v=G9Fbk3WopZs,dance,apple_music,MISSING_ORIGINAL,HIGH
song_5d9dafd85d34053b,"SRTW, nourii - Ocean Waves (feat. Sheilu)",We Are Diamond,,,,,,,,,not_found,,,https://www.youtube.com/watch?v=F4jfC9C32tU,alternative,web_search,MISSING_ORIGINAL,LOW
song_dbee276ba0a7507d,SRTW - Play with Fire (feat. Lapsi),We Are Diamond,,,,,,,,,not_found,,,https://www.youtube.com/watch?v=P32FFlLujKs,country,apple_music,MISSING_ORIGINAL,HIGH
song_35b27e8a457bb0d6,SRTW - Whispering Still (feat. Charity Children) (Mauve Remix),We Are Diamond,,,,,,,,,not_found,,,https://www.youtube.com/watch?v=aLysshu2yBM,dance,apple_music,MISSING_ORIGINAL,HIGH
song_8edd7f92416f1938,STARSET - My Demons (OFFICIAL),starsetonline,,,,,,,,,not_found,,,https://www.youtube.com/watch?v=p-N_y1bZtRw,hard rock,apple_music,MISSING_ORIGINAL,HIGH
song_4176bbfaba89342d,Starship - Nothing's Gonna Stop Us Now (Official Music Video) [HD],RHINO,,,,,,,,,not_found,,,https://www.youtube.com/watch?v=3wxyN3z9PL4,rock,apple_music,MISSING_ORIGINAL,HIGH
song_0757e08e3c12f7f7,"📚 Study + Lofi (Free Music) - ""LOST IN THOUGHT"" by Ghostrifter 🇳🇱",BreakingCopyright — Royalty Free Music,,,,,,,,,not_found,,,https://www.youtube.com/watch?v=u5QBqjuMUaQ,alternative,allmusic,MISSING_ORIGINAL,LOW
song_6ac66ee568c84420,🌴 Summer Music No Copyright | Sarah Jansen 🇳🇱 - Moments,BreakingCopyright — Royalty Free Music,,,,,,,,,not_found,,,https://www.youtube.com/watch?v=9LYswpra4t8,metal,nhac_vn,MISSING_ORIGINAL,LOW
song_79dc82f1c3ff2ede,SUNI HẠ LINH - 'THÍCH RỒI ĐẤY' Official M/V,SUNI,,,,,,,,,not_found,,,https://www.youtube.com/watch?v=9psZYu4aXxs,v-pop,zingmp3,MISSING_ORIGINAL,HIGH
song_d0a20dbb8cae4375,Sunset In The City,SOOBIN Official,,,,,,,,,not_found,,,https://www.youtube.com/watch?v=qlBZGJr1k3E,pop|v-pop|funk|soul,apple_music|zingmp3|discogs,MISSING_ORIGINAL,HIGH
song_8c76a94d84fcb6e8,SUNVOLUME - Sundress Season (Official Music Video),SUNVOLUME,,,,,,,,,not_found,,,https://www.youtube.com/watch?v=aZemeMWfFIk,rock,apple_music,MISSING_ORIGINAL,HIGH
song_83b7b1cd7e29f493,SUY NGHĨ LẠI ĐI - Minh Vương M4U x Tuấn Phương x Rapper Ashi | OFFICIAL MUSIC VIDEO,ACV Entertainment,,,,,,,,,not_found,,,https://www.youtube.com/watch?v=4lCqDB5-8Ow,pop,apple_music,MISSING_ORIGINAL,HIGH
song_4675b8ec964305da,Suy Nghĩ Trong Anh (Lofi Ver.),H2O Music - Topic,,,,,,,,,not_found,,,https://www.youtube.com/watch?v=RLMN_RRezus,electronic,apple_music,MISSING_ORIGINAL,HIGH
song_a0cf89bedd67dcaa,Suýt Nữa Thì...,Andiez Music,,,,,,,,,not_found,,,https://www.youtube.com/watch?v=6FID4x4pj2Q,pop|nhạc phim|v-pop,apple_music|zingmp3,MISSING_ORIGINAL,HIGH
song_25942abd562776f5,Suối Hoa,Be Trang Thu,,,,,,,,,not_found,ZW6A78CU,https://zingmp3.vn/bai-hat/Suoi-Hoa-Be-Trang-Thu/ZW6A78CU.html,,worldwide|pop|folk|world|country,apple_music|discogs,MISSING_ORIGINAL,HIGH
song_120f47f13b1c2239,SWEET HOME - HƯƠNG TRÀM | OFFICIAL MUSIC VIDEO,Hương Tràm Charmy pham,,,,,,,,,not_found,,,https://www.youtube.com/watch?v=dZz1PE688yc,pop,apple_music,MISSING_ORIGINAL,HIGH
song_8db602b15db4390d,SYML - Where's My Love (Acoustic),IndieAir,,,,,,,,,not_found,,,https://www.youtube.com/watch?v=b3LJlZBWI8w,alternative|folk,apple_music|zingmp3,MISSING_ORIGINAL,HIGH
song_1439c12bb5e27bad,Sáng Mãi Tên Người Hồ Chí Minh,Huynh Loi,,,,,,,,,not_found,ZWZFDUI9,https://zingmp3.vn/bai-hat/Sang-Mai-Ten-Nguoi-Ho-Chi-Minh-Huynh-Loi/ZWZFDUI9.html,,pop,apple_music,MISSING_ORIGINAL,HIGH
song_947a32e2d588a9d7,Sáng Mì Gói Đói Có Nhau - Thanh Hưng | Official MV,Thanh Hưng Official,,,,,,,,,not_found,,,https://www.youtube.com/watch?v=4qxmBgdzfO8,pop,apple_music,MISSING_ORIGINAL,HIGH
song_83df216e4a0988b7,SÓNG GIÓ | K-ICM x JACK | HƯƠNG LY COVER,Nguyễn Hương Ly Official,,,,,,,,,not_found,,,https://www.youtube.com/watch?v=j4zP5saRZqg,electronic|jazz|folk|world|country|contemporary jazz|classical,discogs|youtube,MISSING_ORIGINAL,HIGH
song_ab6186cc9c2dd166,SÓNG GIÓ KARAOKE - JACK x K-ICM  [Official Video],ICM Studio,,,,,,,,,not_found,,,https://www.youtube.com/watch?v=2-k2ziSu9b8,pop,apple_music,MISSING_ORIGINAL,HIGH
song_15a2dcd39d79ea95,Sĩ Thanh - Dont Want You [Official Music Video],AMY Music,,,,,,,,,not_found,,,https://www.youtube.com/watch?v=6cohSxOM7Ww,soul,apple_music,MISSING_ORIGINAL,HIGH
song_70d4c3c87175030c,SĨ THANH - VÀ EM GỬI LẠI [OFFICIAL],JokeS Bii,,,,,,,,,not_found,,,https://www.youtube.com/watch?v=Vr1SebSZ4-w,pop,apple_music,MISSING_ORIGINAL,HIGH
song_2278e1c08688861e,Sơn Ngọc Minh - Lời Tỏ Tình (Ft. Hari Won),Zing MP3,,,,,,,,,not_found,,,https://www.youtube.com/watch?v=xmSGrOafRKk,dance việt|alternative,zingmp3|shazam,MISSING_ORIGINAL,HIGH
song_a1b962d82a4dd64f,SƠN TÙNG M-TP | CHÚNG TA CỦA HIỆN TẠI | OFFICIAL MUSIC VIDEO,Sơn Tùng M-TP Official,,,,,,,,,not_found,,,https://www.youtube.com/watch?v=psZ1g9fMfeo,v-pop,zingmp3,MISSING_ORIGINAL,HIGH
song_1995ac0ac82ea761,SƠN TÙNG M-TP | CÓ CHẮC YÊU LÀ ĐÂY | OFFICIAL MUSIC VIDEO,Sơn Tùng M-TP Official,,,,,,,,,not_found,,,https://www.youtube.com/watch?v=6t-MjBazs3o,v-pop,zingmp3,MISSING_ORIGINAL,HIGH
song_83cd81a16f9d03ec,SƠN TÙNG M-TP | MUỘN RỒI MÀ SAO CÒN | OFFICIAL MUSIC VIDEO,Sơn Tùng M-TP Official,,,,,,,,,not_found,,,https://www.youtube.com/watch?v=xypzmu5mMPY,v-pop,zingmp3,MISSING_ORIGINAL,HIGH
song_e602bcdb4aa8fbba,Sơn Tùng MTP - Remember Me (SlimV 2017 Mix),SlimV,,,,,,,,,not_found,,,https://www.youtube.com/watch?v=6Edc6xxV93M,pop|edm việt|country|alternative,apple_music|zingmp3|nhaccuatui|allmusic,MISSING_ORIGINAL,HIGH
song_c9ba9b03a2c12c7d,Sắc Đẹp | Hồ Việt Trung | Official Music Video,POPS MUSIC,,,,,,,,,not_found,,,https://www.youtube.com/watch?v=F0rkZdTGbGY,christian|v-pop,apple_music|zingmp3,MISSING_ORIGINAL,HIGH
song_555ecdcba0e841c1,Sẽ Có Người Cần Anh - Cao Thái Sơn x Hương Tràm | Official Music Video,POPS MUSIC,,,,,,,,,not_found,,,https://www.youtube.com/watch?v=J1Cs6URbH0o,pop,apple_music,MISSING_ORIGINAL,HIGH
song_6b056626d0725415,Sợ - Thu Minh x Hồ Ngọc Hà (Official Music Video),Ho Ngoc Ha's Official Channel,,,,,,,,,not_found,,,https://www.youtube.com/watch?v=cn8i5-h9BeE,pop,apple_music,MISSING_ORIGINAL,HIGH
song_9611da3282c41b76,SỰ THẬT SAU MỘT LỜI HỨA - CHI DÂN [MV OFFICIAL],Chi Dân,,,,,,,,,not_found,,,https://www.youtube.com/watch?v=yNrXi10GdbM,pop|v-pop,apple_music|zingmp3,MISSING_ORIGINAL,HIGH
song_b5e0a9ccab687c5d,t.A.T.u. - All The Things She Said (Official Music Video),tatu,,,,,,,,,not_found,,,https://www.youtube.com/watch?v=8mGBaXPlri8,pop|rap|hip hop|latin,apple_music|zingmp3|nhaccuatui|allmusic|shazam|nhac_vn|qobuz|youtube,MISSING_ORIGINAL,HIGH
song_14a21ba0340b0b0a,T.R.I - CHO NGÀY KHÔNG CÒN NHAU (ft. Tiêu Viết Trường An) [Lyrics Video],T.R.I,,,,,,,,,not_found,,,https://www.youtube.com/watch?v=LR66Fm68xt0,pop|nhật bản|latin,apple_music|zingmp3|nhaccuatui|nhac_vn|shazam|allmusic|qobuz|youtube,MISSING_ORIGINAL,HIGH
song_1450d6b706645937,T.R.I - Chúng Ta Sau Này... #CTSN (Official M/V Lyrics),T.R.I,,,,,,,,,not_found,,,https://www.youtube.com/watch?v=3_r2HxQDtUI,latin,nhaccuatui|nhac_vn|shazam|allmusic|qobuz|youtube,MISSING_ORIGINAL,HIGH
song_cfa75a33bb32ce24,T.R.I - một bài hát không vui mấy | OFFICIAL MV,T.R.I,,,,,,,,,not_found,,,https://www.youtube.com/watch?v=vEQ4fhbA4GE,soul|v-pop|latin,apple_music|zingmp3|nhaccuatui|nhac_vn|shazam|allmusic|qobuz|youtube,MISSING_ORIGINAL,HIGH
song_2c68dd7676fd5335,T.R.I - trở thành quá khứ | OFFICIAL MV,T.R.I,,,,,,,,,not_found,,,https://www.youtube.com/watch?v=BVqTotCIYBY,soul|v-pop|latin,apple_music|zingmp3|nhaccuatui|shazam|nhac_vn|allmusic|qobuz|youtube,MISSING_ORIGINAL,HIGH
song_74970e2de2b60ef7,TA YÊU NHAU NHƯ YÊU ĐẤT NƯỚC - KHẮC VIỆT x DƯƠNG HOÀNG YẾN | OFFICIAL MUSIC VIDEO,KHẮC VIỆT,,,,,,,,,not_found,,,https://www.youtube.com/watch?v=YkeWTEULGwU,pop,apple_music,MISSING_ORIGINAL,HIGH
song_01c5f22003e03e6a,Tage - MÁME VŠE ft. Sony Tran,Tage M.,,,,,,,,,not_found,,,https://www.youtube.com/watch?v=hUiWYlrUnXM,rap việt|rap,nhaccuatui|nhac_vn|shazam|allmusic|qobuz|youtube,MISSING_ORIGINAL,HIGH
song_fc2c04efe932a198,TAI LOC FUNK,TrongKien - Topic,,,,,,,,,not_found,,,https://www.youtube.com/watch?v=Cs006xObmLs,baile funk,apple_music,MISSING_ORIGINAL,HIGH
song_76d93e287844ef97,Tan Vỡ,Ngọc Lan,,,,,,,,,not_found,ZWZCA00Z,https://zingmp3.vn/bai-hat/Tan-Vo-Ngoc-Lan/ZWZCA00Z.html,,worldwide|electronic|pop|folk|world|country|ballad|synthpop,apple_music|discogs,MISSING_ORIGINAL,HIGH
song_76d18b20c52eacaa,Tank - When We [Official Music Video],Tank,,,,,,,,,not_found,,,https://www.youtube.com/watch?v=QRF9TgkBCjc,soul|electronic|dance|rock|alternative rock|post-punk|pop rock|pub rock|hard rock|new wave|prog rock|music video|metal,apple_music|zingmp3|discogs|nhaccuatui|nhac_vn|shazam|allmusic|qobuz|youtube,MISSING_ORIGINAL,HIGH
song_502b7519e24a2eae,Tate McRae - feel like shit (Lyrics),The Vibe Guide,,,,,,,,,not_found,,,https://www.youtube.com/watch?v=hsaRX6lvEAI,country,apple_music,MISSING_ORIGINAL,HIGH
song_ac9f06e3e40535fb,Tate McRae - I know love (Official Video) ft. The Kid LAROI,Tate McRae,,,,,,,,,not_found,,,https://www.youtube.com/watch?v=cVG807Biok4,pop|electronic|dance|alternative,apple_music|zingmp3|nhac_vn,MISSING_ORIGINAL,HIGH
song_d1c970b3557841f8,Tate McRae - It's ok I'm ok (Official Video),Tate McRae,,,,,,,,,not_found,,,https://www.youtube.com/watch?v=Bpaf6Dm9iRc,pop|electronic|dance,apple_music|zingmp3,MISSING_ORIGINAL,HIGH
song_a771f2df6e601df9,Tate McRae - Just Keep Watching (From F1® The Movie) (Official Video),Tate McRae,,,,,,,,,not_found,,,https://www.youtube.com/watch?v=dpvQqmX6SUI,pop|electronic|dance,apple_music|zingmp3,MISSING_ORIGINAL,HIGH
song_59757f89a1059c0d,Tate McRae - Sports car (Official Video),Tate McRae,,,,,,,,,not_found,,,https://www.youtube.com/watch?v=7InTkBxPtK4,pop|electronic|dance|alternative,apple_music|zingmp3|allmusic,MISSING_ORIGINAL,HIGH
song_492d7998a2720817,Taylor Swift - I Can Do It With A Broken Heart (Official Video),Taylor Swift,,,,,,,,,not_found,,,https://www.youtube.com/watch?v=Sl6en1NPTYM,pop|acoustic,apple_music|zingmp3|discogs|nhaccuatui|nhac_vn|shazam|allmusic|qobuz|youtube,MISSING_ORIGINAL,HIGH
song_75b55f9b3f0f1648,Teddy Swims - Bad Dreams (Official Music Video),Teddy Swims,,,,,,,,,not_found,,,https://www.youtube.com/watch?v=Qh8QwVYOSVU,pop|alternative|electronic|dance,apple_music|zingmp3,MISSING_ORIGINAL,HIGH
song_449563601907ec3b,Teddy Swims - Lose Control (Lyrics),7clouds,,,,,,,,,not_found,,,https://www.youtube.com/watch?v=XpDEdMu_6O8,pop,apple_music,MISSING_ORIGINAL,HIGH
song_9fdca238ae1705d2,Teddy Swims - The Door (Official Music Video),Teddy Swims,,,,,,,,,not_found,,,https://www.youtube.com/watch?v=VSXT4a2kRHA,pop|alternative|electronic|dance,apple_music|zingmp3,MISSING_ORIGINAL,HIGH
song_f8b978b5f2f57769,"TEZ - RED FLAG ( ft. GILL , MASON NGUYỄN )",Tez OFFICIAL,,,,,,,,,not_found,,,https://www.youtube.com/watch?v=9LH4UGiAJFs,rap|v-pop|house|pop,apple_music|zingmp3|nhaccuatui|shazam,MISSING_ORIGINAL,HIGH
song_4d58d5cf240fcb09,TGSN - Siren (feat. Tlinh & RZ Mas) | Official Music Video,TGSN,,,,,,,,,not_found,,,https://www.youtube.com/watch?v=_akC0MOxdV0,hip hop|rap,apple_music,MISSING_ORIGINAL,HIGH
song_182a0a9b5ef6d9c8,Thanh Bui - U&I,EarlyRisersMedia,,,,,,,,,not_found,,,https://www.youtube.com/watch?v=Cy31bcuqAxI,v-pop,zingmp3,MISSING_ORIGINAL,HIGH
song_01be042f4992d372,THANH DUY - LỖI Ở YÊU THƯƠNG [OFFICIAL MV],QUAD Entertainment,,,,,,,,,not_found,,,https://www.youtube.com/watch?v=U6DEAuk1hs8,pop,apple_music|youtube,MISSING_ORIGINAL,HIGH
song_ded0faa654dd49f9,THANH DUY - Người Lạ Thân Quen | OFFICIAL MV (starring MISTHY),QUAD Entertainment,,,,,,,,,not_found,,,https://www.youtube.com/watch?v=2akTSYZT2FE,pop,apple_music,MISSING_ORIGINAL,HIGH
song_b0ee0ddb9863e404,THANH DUY - Tonight [OFFICIAL MV] starring Khả Như & Liêu Hà Trinh,QUAD Entertainment,,,,,,,,,not_found,,,https://www.youtube.com/watch?v=9nOCD7l1exQ,pop,web_search,MISSING_ORIGINAL,LOW
song_c8fc2a15a1599178,THANH DUY - TRÁI TIM NHÂN MÃ [OFFICIAL MV],QUAD Entertainment,,,,,,,,,not_found,,,https://www.youtube.com/watch?v=bmm0Zf9og94,pop,apple_music,MISSING_ORIGINAL,HIGH
song_17b04375c7bfb543,Thanh Xuân Của Chúng Ta,Forest Studio - Topic,,,,,,,,,not_found,,,https://www.youtube.com/watch?v=24_F6vLEhYw,dance|v-pop,apple_music|zingmp3,MISSING_ORIGINAL,HIGH
song_f6ea06cfa8b12e03,THAY TÔI YÊU CÔ ẤY - THANH HƯNG | HƯƠNG LY COVER,Nguyễn Hương Ly Official,,,,,,,,,not_found,,,https://www.youtube.com/watch?v=cMtxUc2GtlE,electronic|jazz|folk|world|country|contemporary jazz,discogs,MISSING_ORIGINAL,HIGH
song_1989f50fde17b777,The Beatles - Don't Let Me Down,The Beatles,Khác,zingmp3_title_artist_search,https://zingmp3.vn/bai-hat/The-Beatles-Antonio-Santos/GE1JgVoVsgxg.html,The Beatles,Antonio Santos,0.85,low,"[{""id"":""A6UHaAP1adyN"",""name"":""Khác"",""title"":""Khác"",""alias"":""khac"",""link"":""/the-loai-album/Khac/A6UHaAP1adyN.html""}]; title_score=1.000; artist_score=0.400",found_needs_review,,,https://www.youtube.com/watch?v=NCtzkaL2t_Y,rock|pop|pop rock|psychedelic rock|alternative|metal,apple_music|zingmp3|discogs|nhaccuatui|allmusic,MISSING_ORIGINAL,HIGH
song_b4c3a5a402b48987,The Calling - Wherever You Will Go (First Video- in Tijuana),TheCallingVEVO,,,,,,,,,not_found,,,https://www.youtube.com/watch?v=iAP9AF6DCu4,country,youtube,MISSING_ORIGINAL,LOW
song_ad0713ba687c1b32,The Killers - Mr. Brightside (Official Music Video),TheKillersMusic,Khác,zingmp3_title_artist_search,https://zingmp3.vn/bai-hat/The-Killers-Speyker/Sg7Av9Sozoyy.html,The Killers,Speyker,0.841,low,"[{""id"":""A6UHaAP1adyN"",""name"":""Khác"",""title"":""Khác"",""alias"":""khac"",""link"":""/the-loai-album/Khac/A6UHaAP1adyN.html""}]; title_score=1.000; artist_score=0.364",found_needs_review,,,https://www.youtube.com/watch?v=gGdGFtwCNBE,alternative,nhaccuatui,MISSING_ORIGINAL,LOW
song_ddd729f89086e8dd,"The Lonely Ones ""Make A Scene"" (Official Music Video)",The Lonely Ones,,,,,,,,,not_found,,,https://www.youtube.com/watch?v=oewUltSn3k4,alternative|rock|non-music|noisecore,apple_music|discogs,MISSING_ORIGINAL,HIGH
song_dd6262f1d7e02b12,The Loyalist - Hymn For a Rainy Day,HearWeGo,,,,,,,,,not_found,,,https://www.youtube.com/watch?v=N4vSZycUKYs,house|trap,youtube,MISSING_ORIGINAL,LOW
song_232b90f991567c6a,THE MEN | ANH SỢ MẤT EM | OFFICIAL MV,The Men Official,,,,,,,,,not_found,,,https://www.youtube.com/watch?v=IZ_1y36i2qg,alternative|v-pop|rock|prog rock,apple_music|zingmp3|discogs,MISSING_ORIGINAL,HIGH
song_c973077f1b9ef805,THE MEN | KHOẢNG TRỐNG ĐỂ LẠI | OFFICIAL MV 4K,The Men Official,,,,,,,,,not_found,,,https://www.youtube.com/watch?v=sgtchdyVblQ,hip hop|rap|v-pop,apple_music|zingmp3,MISSING_ORIGINAL,HIGH
song_fb5ec142cd35252f,THE MEN | LỜI ANH MUỐN NÓI | OFFICIAL MV [2013],The Men Official,,,,,,,,,not_found,,,https://www.youtube.com/watch?v=cH02bHIOodo,rap|v-pop|country,apple_music|zingmp3|shazam|allmusic,MISSING_ORIGINAL,HIGH
song_c5d28e4557e2cf7e,THE MEN | MẤT ANH EM CÓ BUỒN [Version 1] | OFFICIAL MV,The Men Official,,,,,,,,,not_found,,,https://www.youtube.com/watch?v=tWJrIrf_cFw,rap|classical|choral|opera|house|alternative,apple_music|discogs|nhac_vn|allmusic,MISSING_ORIGINAL,HIGH
song_c7a88bffaf99391f,THE MEN | MẤT ANH EM CÓ BUỒN [Version 2] | OFFICIAL MV,The Men Official,,,,,,,,,not_found,,,https://www.youtube.com/watch?v=jh268Fya104,rap|v-pop,apple_music|zingmp3,MISSING_ORIGINAL,HIGH
song_6acc711a7429fbe8,THE MEN | NGÀN NỖI NHỚ GỬI ĐẾN EM | OFFICIAL MV,The Men Official,,,,,,,,,not_found,,,https://www.youtube.com/watch?v=0eb6vxQT1Rk,soul|v-pop|alternative|metal,apple_music|zingmp3|nhac_vn|shazam,MISSING_ORIGINAL,HIGH
song_9ab20d1b64b7bf62,THE MEN | NẾU KHÔNG PHẢI LÀ EM | OFFICIAL MV [2013],The Men Official,,,,,,,,,not_found,,,https://www.youtube.com/watch?v=vQEcq0NF0_E,pop|v-pop,apple_music|zingmp3,MISSING_ORIGINAL,HIGH
song_1ed410ab55a56bea,THE MEN | NẾU KHÔNG THỂ ĐẾN VỚI NHAU | OFFICIAL MV,The Men Official,,,,,,,,,not_found,,,https://www.youtube.com/watch?v=hUUJHoGXcF4,soul|v-pop,apple_music|zingmp3,MISSING_ORIGINAL,HIGH
song_070cca75e2d7bde7,THE MEN | NẾU LÀ ANH | OFFICIAL MV,The Men Official,,,,,,,,,not_found,,,https://www.youtube.com/watch?v=003LPzYwSNc,rap|v-pop|jazz|jazz-rock,apple_music|zingmp3|discogs,MISSING_ORIGINAL,HIGH
song_258635aed6136f28,THE MEN | NẾU LÀ ANH | OFFICIAL MV,The Men Official,,,,,,,,,not_found,,,https://www.youtube.com/watch?v=QxJmITgSYJs,rap|v-pop|jazz|jazz-rock|rock,apple_music|zingmp3|discogs|allmusic,MISSING_ORIGINAL,HIGH
song_add88341a6b8077b,THE MEN | NỤ CƯỜI ĐẮNG | OFFICIAL MV,The Men Official,,,,,,,,,not_found,,,https://www.youtube.com/watch?v=wF-EkunR8yY,alternative|v-pop,apple_music|zingmp3,MISSING_ORIGINAL,HIGH
song_9ba27265a0d0ec45,THE MEN | PHẢI ĐÀNH QUÊN THÔI | OFFICIAL MV,The Men Official,,,,,,,,,not_found,,,https://www.youtube.com/watch?v=7BmpKNCJphE,country|v-pop,apple_music|zingmp3,MISSING_ORIGINAL,HIGH
song_2bfc54ebf0699cbc,THE MEN | ĐỪNG GIẬN ANH NỮA | OFFICIAL MV,The Men Official,,,,,,,,,not_found,,,https://www.youtube.com/watch?v=fmSwOsYLm9c,soul|v-pop,apple_music|zingmp3,MISSING_ORIGINAL,HIGH
song_0bd1094616a5c90f,THE SHEEP x T.R.I (ArtSpace) | Người Ta Thành Đôi Hết Rồi | ORIGINAL,THE SHEEP ORIGINAL,,,,,,,,,not_found,,,https://www.youtube.com/watch?v=rR1_UqABjyE,hip hop|jazzy hip-hop|country|experimental,discogs|allmusic|qobuz,MISSING_ORIGINAL,HIGH
song_3a2ffa13b7e30410,The Verve - Bitter Sweet Symphony,The Verve,,,,,,,,,not_found,,,https://www.youtube.com/watch?v=1lyu1KKwC74,alternative|pop|alternative rock|britpop|neo-psychedelia|post-britpop|rock|shoegaze|space rock revival|britannique|rock and indie,apple_music|zingmp3|musicbrainz,MISSING_ORIGINAL,HIGH
song_55f4449c68367486,The Weeknd - Call Out My Name (Official Video),The Weeknd,,,,,,,,,not_found,,,https://www.youtube.com/watch?v=M4ZoCHID9GI,soul|pop,apple_music|zingmp3,MISSING_ORIGINAL,HIGH
song_e0fb7fea9a1eb07b,The Weeknd - Is There Someone Else? (Audio),The Weeknd,,,,,,,,,not_found,,,https://www.youtube.com/watch?v=i4ZuseKFBF0,soul|pop,apple_music|zingmp3,MISSING_ORIGINAL,HIGH
song_68ef6d7c2ed60873,"The Weeknd, Madonna, Playboi Carti - Popular (Official Music Video)",The Weeknd,,,,,,,,,not_found,,,https://www.youtube.com/watch?v=vt0i6nuqNEo,nhạc phim,zingmp3,MISSING_ORIGINAL,HIGH
song_f9350ee5b2f8e607,TheLastFox & Xandra - Can't See,HearWeGo,,,,,,,,,not_found,,,https://www.youtube.com/watch?v=bHjr0lnBwYw,alternative,youtube,MISSING_ORIGINAL,LOW
song_754467bc8304782c,THEM BAO NHIEU LAU,DatG Music,,,,,,,,,not_found,,,https://www.youtube.com/watch?v=C6VlBKemAx0,pop|v-pop,apple_music|zingmp3,MISSING_ORIGINAL,HIGH
song_a44a989c37d9e631,They Said,Binz Da Poet,,,,,,,,,not_found,,,https://www.youtube.com/watch?v=PGy27eRs9Ng,rap việt,zingmp3,MISSING_ORIGINAL,HIGH
song_ecf0cf170a5f3504,ThichThich,Phuong Ly Official,,,,,,,,,not_found,,,https://www.youtube.com/watch?v=CBEP5cmjmCI,pop,apple_music,MISSING_ORIGINAL,HIGH
song_dac7467bfa24d6b7,THICHTHICH - PHƯƠNG LY | OFFICIAL MV,Phuong Ly Official,,,,,,,,,not_found,,,https://www.youtube.com/watch?v=OqdA6DKV1Fs,pop|b việt,apple_music|zingmp3,MISSING_ORIGINAL,HIGH
song_9033e9f7400cb058,Thiên Đường Tuyết,Phan Dinh Tung,,,,,,,,,not_found,ZWZ987OO,https://zingmp3.vn/bai-hat/Thien-Duong-Tuyet-Phan-Dinh-Tung/ZWZ987OO.html,,worldwide|pop|folk|world|country|ballad|vocal|holiday|chanson|v-pop,apple_music|discogs,MISSING_ORIGINAL,HIGH
song_65dbcc4528f568f8,THIẾU EM NHƯ TRÁI ĐẤT THIẾU MẶT TRỜI - QUỐC THIÊN | OFFICIAL MUSIC VIDEO,Quốc Thiên Official,,,,,,,,,not_found,,,https://www.youtube.com/watch?v=ibnq_3sc1PE,pop|v-pop,apple_music|zingmp3,MISSING_ORIGINAL,HIGH
song_7c49289ed6720329,THIỀU BẢO TRÂM | CHÚNG TA LÀM BẠN ĐƯỢC KHÔNG? | MV OFFICIAL (from mini album ‘after YOU’),Thiều Bảo Trâm Official,,,,,,,,,not_found,,,https://www.youtube.com/watch?v=1U0xpGIDp_8,v-pop,zingmp3,MISSING_ORIGINAL,HIGH
song_56c84e78019b77fd,Thiều Bảo Trâm - Cơn Mơ Ngọt Ngào | OFFICIAL MV 4K,YEAH1 MUSIC,,,,,,,,,not_found,,,https://www.youtube.com/watch?v=AsD6L6Fy4ug,pop,apple_music,MISSING_ORIGINAL,HIGH
song_e0998ab3eb9c65f9,THIỀU BẢO TRÂM - KỆ ANH THÔI (ALRIGHT) [Official MV],Thiều Bảo Trâm Official,,,,,,,,,not_found,,,https://www.youtube.com/watch?v=OLfT4VasotI,pop|v-pop,apple_music|zingmp3,MISSING_ORIGINAL,HIGH
song_6b6506a09fb49c39,THIỀU BẢO TRÂM - THƯƠNG ANH [Official MV with Lyrics],Thiều Bảo Trâm Official,,,,,,,,,not_found,,,https://www.youtube.com/watch?v=xE_mPkY1Z00,pop|v-pop,apple_music|zingmp3,MISSING_ORIGINAL,HIGH
song_3f14cb8b140a6a04,THIỆN NHÂN | TÌM | OFFICIAL AUDIO,Thiện Nhân,,,,,,,,,not_found,,,https://www.youtube.com/watch?v=D141m-nATUc,pop|folk|world|country|trữ tình|ballad,apple_music|discogs,MISSING_ORIGINAL,HIGH
song_4e6a636b5cc071e3,Three Days Grace - I Hate Everything About You (Official Video),Three Days Grace,,,,,,,,,not_found,,,https://www.youtube.com/watch?v=d8ekz_CSBVg,hard rock|rock|alternative,apple_music|zingmp3,MISSING_ORIGINAL,HIGH
song_3842deab73b4a79a,Thu Cuoi,Yanbi,,,,,,,,,not_found,,,https://www.youtube.com/watch?v=k-xifaCiNoI,pop|rap việt,apple_music|zingmp3,MISSING_ORIGINAL,HIGH
song_1e4c37f9dda22151,Thuận Theo Ý Trời,Bùi Anh Tuấn,,,,,,,,,not_found,,,https://www.youtube.com/watch?v=R359rwGKMBI,pop,apple_music,MISSING_ORIGINAL,HIGH
song_b9d0a539afa465e9,Thuận Theo Ý Trời - Bùi Anh Tuấn (Official Music Video),Bùi Anh Tuấn,,,,,,,,,not_found,,,https://www.youtube.com/watch?v=b1UtffzfG64,pop,apple_music,MISSING_ORIGINAL,HIGH
song_3988b287f8c8bd0d,Thà Anh Mất Đi Một Người,Fony Trung,,,,,,,,,not_found,ZW66ACUU,https://zingmp3.vn/bai-hat/Tha-Anh-Mat-Di-Mot-Nguoi-Fony-Trung/ZW66ACUU.html,,pop,apple_music,MISSING_ORIGINAL,HIGH
song_90708cee0ce697d7,Thà Anh Nói,Thanh Thao,,,,,,,,,not_found,ZWZBBUI7,https://zingmp3.vn/bai-hat/Tha-Anh-Noi-Thanh-Thao/ZWZBBUI7.html,,pop|electronic|dance-pop|ballad,apple_music|discogs,MISSING_ORIGINAL,HIGH
song_7adf24591c89aa2d,Thà Người Đừng Hứa - Nhật Kim Anh [Official],Nhật Kim Anh Life,,,,,,,,,not_found,,,https://www.youtube.com/watch?v=V3iMGoIvxz0,pop|electronic|rock,apple_music|nhac_vn,MISSING_ORIGINAL,HIGH
song_6d9e710731996715,Thái Bình Mồ Hôi Rơi - Sơn Tùng M-TP,Sơn Tùng M-TP Official,,,,,,,,,not_found,,,https://www.youtube.com/watch?v=5Jm9g0YdGDU,v-pop|electronic|hip hop|pop|tropical house|dance-pop,zingmp3|discogs,MISSING_ORIGINAL,HIGH
song_4d234ca18a0691a4,Thê Tử (Cuong Remix) - Hương Ly ft. Minh Vương M4U |,ACV Entertainment,,,,,,,,,not_found,,,https://www.youtube.com/watch?v=lqZY0sw-zgY,electronic,discogs,MISSING_ORIGINAL,HIGH
song_a4ec4cbd8401efd8,Thêm Bao Nhiêu Lâu - Đạt G || OFFICIAL MV,DatG Music,,,,,,,,,not_found,,,https://www.youtube.com/watch?v=sinhZ1l54K8,pop|v-pop,apple_music|zingmp3,MISSING_ORIGINAL,HIGH
song_61f8bd0357621f5a,THÍCH EM HƠI NHIỀU (HƯƠNG MÙA HÈ),Release - Topic,,,,,,,,,not_found,,,https://www.youtube.com/watch?v=PJ8Ls28Chfc,pop,apple_music,MISSING_ORIGINAL,HIGH
song_beb890775a634ed2,Thói Quen (25 Mét Vuông) (feat. Gducky),Hoàng Dũng,,,,,,,,,not_found,,,https://www.youtube.com/watch?v=u6zxEjswKXM,pop|v-pop,apple_music|zingmp3,MISSING_ORIGINAL,HIGH
song_842f6425e0eac360,"THÓI QUEN - HOÀNG DŨNG, GDUCKY, MÀU NƯỚC BAND | 25 MÉT VUÔNG - EP.1",Hoàng Dũng,,,,,,,,,not_found,,,https://www.youtube.com/watch?v=nTtpHxnO9zA,v-pop,zingmp3,MISSING_ORIGINAL,HIGH
song_fc0ee300e34fe62a,Thương Nhau Tới Bến - Nal | Cover Út Nhị Mino,Út Nhị Mino Official,,,,,,,,,not_found,,,https://www.youtube.com/watch?v=hD4nNMQXt_c,country|house,allmusic|qobuz,MISSING_ORIGINAL,HIGH
song_0c2b01000585d27a,"Thương Nhiều Hơn Nói - Nhóm Nhạc ... (Đạt G, B Ray, Masew) | OFFICIAL MV",Masew,,,,,,,,,not_found,,,https://www.youtube.com/watch?v=jkfLbg_aMbA,v-pop|ambient,zingmp3|qobuz,MISSING_ORIGINAL,HIGH
song_1f106f8799012b4f,Thương Thì Thương Thế Thôi... || MV Travel,Vội,,,,,,,,,not_found,,,https://www.youtube.com/watch?v=cOewsRyqHA0,pop|folk|world|country,apple_music|discogs,MISSING_ORIGINAL,HIGH
song_193ce706684fc77f,THẤY LÀ YÊU THƯƠNG | OFFICIAL MV | ONLYC,OnlyC Production,,,,,,,,,not_found,,,https://www.youtube.com/watch?v=UX5oj9isGPM,pop|ballad,apple_music|nhaccuatui|nhac_vn|shazam|allmusic|qobuz|youtube,MISSING_ORIGINAL,HIGH
song_73433f0057081dd1,thật quá đáng.. để yêu - NICKY x AMEE | prod. by S•HUBE,ST.319 Entertainment,,,,,,,,,not_found,,,https://www.youtube.com/watch?v=O9ZXd6YCZiQ,house,qobuz,MISSING_ORIGINAL,LOW
song_4e8164e2eca4454d,THẾ GIỚI MẤT ĐI MỘT NGƯỜI - TĂNG PHÚC,TĂNG PHÚC OFFICIAL,,,,,,,,,not_found,,,https://www.youtube.com/watch?v=GyytJkqSBNY,pop|v-pop,apple_music|zingmp3,MISSING_ORIGINAL,HIGH
song_c55bc13cd541bf41,Thế Hệ Tan Vỡ (feat. SIVAN),Kai Dinh Official,,,,,,,,,not_found,,,https://www.youtube.com/watch?v=-Hv_TEx0RZI,pop|v-pop|rock,apple_music|zingmp3|nhac_vn,MISSING_ORIGINAL,HIGH
song_57104178bdf82d56,Thế là Tết - Đức Phúc ft. Hoà Minzy (Official MV),1989s Entertainment,,,,,,,,,not_found,,,https://www.youtube.com/watch?v=c1bfuNvNRjk,pop|alternative|house,apple_music|youtube,MISSING_ORIGINAL,HIGH
song_276845c1f4559010,Thế Thái,Masew,,,,,,,,,not_found,,,https://www.youtube.com/watch?v=RpEY7jOBN1o,hip hop|rap|edm việt|electronic|country,apple_music|zingmp3|nhac_vn|shazam,MISSING_ORIGINAL,HIGH
song_ce96a9517b698b89,Thế Thái (Remix),Orinn - Topic,,,,,,,,,not_found,,,https://www.youtube.com/watch?v=aanWlMpyxOY,dangdut|v-pop,apple_music|zingmp3,MISSING_ORIGINAL,HIGH
song_157a2ffd7e4bce0e,Thịnh Suy - Thắc Mắc (MĐX),Thịnh Suy,,,,,,,,,not_found,,,https://www.youtube.com/watch?v=YTQ-n0SgdiY,v-pop|nhạc đỏ,zingmp3|qobuz,MISSING_ORIGINAL,HIGH
song_f055e15f02215a2e,Thịnh Suy - Tình Yêu Xanh Lá (juju),Thịnh Suy,,,,,,,,,not_found,,,https://www.youtube.com/watch?v=x-g1o_tkLj4,pop|v-pop,apple_music|zingmp3,MISSING_ORIGINAL,HIGH
song_bae2d4987ada6d55,TIA x fueled by boba - in the dark | Official MV,TIA,,,,,,,,,not_found,,,https://www.youtube.com/watch?v=Li6HZCJqkzU,dance,apple_music,MISSING_ORIGINAL,HIGH
song_a7b55cfab3726a92,Tikk - Extremely Far,HearWeGo,,,,,,,,,not_found,,,https://www.youtube.com/watch?v=Lo6JPPmijXM,alternative,web_search,MISSING_ORIGINAL,LOW
song_03497c842847753f,Tim McGraw - Humble And Kind (Official Music Video),Tim McGraw,,,,,,,,,not_found,,,https://www.youtube.com/watch?v=awzNHuGqoMc,country,apple_music|zingmp3,MISSING_ORIGINAL,HIGH
song_8a37fac92dfc055e,Time After Time,Paratone - Topic,,,,,,,,,not_found,,,https://www.youtube.com/watch?v=8ufEVUntbm8,dance|rock|electronic|country,apple_music|zingmp3|nhaccuatui|shazam|nhac_vn|allmusic|qobuz|youtube,MISSING_ORIGINAL,HIGH
song_2d83c322d9b73c5a,Tinh Ve Noi Dau - Where Do We Go (Thanh Bui ft. Tata Young),Soul Institute of Arts,,,,,,,,,not_found,,,https://www.youtube.com/watch?v=wEBgnZl9L0o,pop|dance,apple_music|nhaccuatui,MISSING_ORIGINAL,HIGH
song_2d82d25a18a70bec,Tiên Cookie ft Thanh Ngân - Chiếc Bụng Đói | Official Video,VIVA SHOW,,,,,,,,,not_found,,,https://www.youtube.com/watch?v=6SyS7coiXnw,pop,apple_music,MISSING_ORIGINAL,HIGH
song_37b9df913831974d,TIÊN COOKIE - Tâm Sự Với Người Lạ (Official Lyric Video),1989s Entertainment,,,,,,,,,not_found,,,https://www.youtube.com/watch?v=ahn39A6ITwg,pop,apple_music,MISSING_ORIGINAL,HIGH
song_06dce958b7e25e3d,Tiếng Chim Quyên,Cam Ly,,,,,,,,,not_found,ZWZCW6EC,https://zingmp3.vn/bai-hat/Tieng-Chim-Quyen-Cam-Ly/ZWZCW6EC.html,,worldwide|folk|pop|v-pop,apple_music|musicbrainz,MISSING_ORIGINAL,HIGH
song_4fcfcc7987dca039,Tiếng Gió Xôn Xao,Forest Studio - Topic,,,,,,,,,not_found,,,https://www.youtube.com/watch?v=vS8ebeQvgDs,soul|v-pop,apple_music|zingmp3,MISSING_ORIGINAL,HIGH
song_a6c8dbb2e4aa38e1,"tlinh - ghệ iu dấu của em ơi (feat. 2pillz, wokeup) | OFFICIAL MUSIC VIDEO",tlinh,,,,,,,,,not_found,,,https://www.youtube.com/watch?v=qeirSHIiErc,pop|v-pop|hip hop|pop rap|rap,apple_music|zingmp3|discogs|nhaccuatui|nhac_vn|shazam|allmusic|qobuz|youtube,MISSING_ORIGINAL,HIGH
song_96f642a3f522aa0d,tlinh - NGƯỜI ĐI BAO (ft. Low G ) | OFFICIAL MUSIC VIDEO,tlinh,,,,,,,,,not_found,,,https://www.youtube.com/watch?v=aSls7yUP8l0,hip hop|rap việt|rap,apple_music|zingmp3|nhaccuatui|nhac_vn|shazam|allmusic|qobuz|youtube,MISSING_ORIGINAL,HIGH
song_bbb8631380fd9649,tlinh - nữ siêu anh hùng | OFFICIAL MUSIC VIDEO,tlinh,,,,,,,,,not_found,,,https://www.youtube.com/watch?v=SMyzXbdGxVY,soul|b việt|hip hop|pop|v-pop|pop rap|rap,apple_music|zingmp3|discogs|nhaccuatui|shazam|nhac_vn|allmusic|qobuz|youtube,MISSING_ORIGINAL,HIGH
song_c212ffebd6687a95,tlinh - tình yêu có nghĩa là gì? | OFFICIAL MUSIC VIDEO,tlinh,,,,,,,,,not_found,,,https://www.youtube.com/watch?v=Wmkf6SvJ9M4,soul|b việt|hip hop|pop|v-pop|pop rap|rap,apple_music|zingmp3|discogs|nhaccuatui|allmusic|shazam|nhac_vn|qobuz|youtube,MISSING_ORIGINAL,HIGH
song_85d2e197eadee279,tlinh - đừng làm nó phức tạp | OFFICIAL MUSIC VIDEO,tlinh,,,,,,,,,not_found,,,https://www.youtube.com/watch?v=k2oCfQ5QOIk,pop|v-pop|rap,apple_music|zingmp3|nhaccuatui|nhac_vn|allmusic|shazam|qobuz|youtube,MISSING_ORIGINAL,HIGH
song_c565ff5f718b8f1d,Toby Keith - As Good As I Once Was,Toby Keith,,,,,,,,,not_found,,,https://www.youtube.com/watch?v=ldQrapQ4d0Y,country|pop|folk|world,apple_music|zingmp3|discogs,MISSING_ORIGINAL,HIGH
song_3ab638767913fa5e,Toby Keith - I Love This Bar,Toby Keith,,,,,,,,,not_found,,,https://www.youtube.com/watch?v=-Fulz4ytZ54,country|pop|folk|world,apple_music|zingmp3|discogs,MISSING_ORIGINAL,HIGH
song_a2157b25da830ca1,"TOESUP, Smiley - Two Feet (DJ Dark Remix)",TOESUP,,,,,,,,,not_found,,,https://www.youtube.com/watch?v=AZg3U2lJCZM,dance|electronic,apple_music|zingmp3,MISSING_ORIGINAL,HIGH
song_6031712d9cf5ed30,"TOESUP, Smiley - Two Feet (Official Visualizer)",TOESUP,,,,,,,,,not_found,,,https://www.youtube.com/watch?v=AqBwSkn5n18,electronic|dance,zingmp3,MISSING_ORIGINAL,HIGH
song_3de85caee8fe9d17,TOESUP x Che Ree - Ice Cream (Official Lyric Video),TOESUP,,,,,,,,,not_found,,,https://www.youtube.com/watch?v=bVhFIowlmwA,pop,youtube,MISSING_ORIGINAL,LOW
song_701531359302e298,Torn,Paris Blu - Topic,,,,,,,,,not_found,,,https://www.youtube.com/watch?v=CzOVxrUfvdA,dance|pop,apple_music|zingmp3|discogs,MISSING_ORIGINAL,HIGH
song_55aa47cb2ee9cebc,Toto - Hold The Line (Official Video),TOTO,,,,,,,,,not_found,,,https://www.youtube.com/watch?v=htgr3pvBr-I,rock|electronic|jazz|stage|screen|soul-jazz|pop rock|hip hop|latin jazz|synthpop|classic rock|new wave|metal|hard rock|video game|soul,apple_music|discogs|nhaccuatui|shazam|nhac_vn|allmusic|qobuz|youtube,MISSING_ORIGINAL,HIGH
song_1e22869d71cf562f,TOULIVER X BINZ - GENE [ OFFICIAL MV ],SpaceSpeakers Label,,,,,,,,,not_found,,,https://www.youtube.com/watch?v=cX-Oqdt7gmc,rock|pop,web_search,MISSING_ORIGINAL,LOW
song_086d96e71cea8093,TOULIVER x BINZ x ANDREE RIGHT HAND - KRAZY ( Ft. EVY ) [ OFFICIAL MV ],SpaceSpeakers Label,,,,,,,,,not_found,,,https://www.youtube.com/watch?v=yrPIlWfM75o,alternative,qobuz,MISSING_ORIGINAL,LOW
song_7a7b43221cacd6b7,[TQPChannel] Tôi Nhớ Tên Anh - Trish Thùy Trang,Thượng Quan Phi,,,,,,,,,not_found,,,https://www.youtube.com/watch?v=Yl-xlbkTkPA,indie,web_search,MISSING_ORIGINAL,LOW
song_193cb4019e700d4d,TRANG PHÁP - Sau Khi Chia Tay Thì Phải Làm Gì (Official MV) ft. Huniixo - Xillix | 4K,Trang Pháp Official,,,,,,,,,not_found,,,https://www.youtube.com/watch?v=uMaALxD0mrc,edm việt,zingmp3,MISSING_ORIGINAL,HIGH
song_38418afde069d8fc,"🔒 Trap Beat (Free Music) - ""VIGILANCE"" by Ghostrifter official 🇳🇱",BreakingCopyright — Royalty Free Music,,,,,,,,,not_found,,,https://www.youtube.com/watch?v=oRXRt2hkB0Y,funk,shazam,MISSING_ORIGINAL,LOW
song_843067090aa790a6,Triton - Borealis,HearWeGo,,,,,,,,,not_found,,,https://www.youtube.com/watch?v=o6jTTZZ9EFQ,rock,youtube,MISSING_ORIGINAL,LOW
song_45517e81953dc11c,Trung Quân | Buồn Không Thể Buông,TRUNG QUÂN,,,,,,,,,not_found,,,https://www.youtube.com/watch?v=1IzYpho_xhs,v-pop,zingmp3,MISSING_ORIGINAL,HIGH
song_a4c01f9f2229ead1,TRUNG QUÂN - CHUYẾN PHIÊU LƯU CÙNG EM [OFFICIAL MV],TRUNG QUÂN,,,,,,,,,not_found,,,https://www.youtube.com/watch?v=Hk0tLoceCcE,pop|v-pop,apple_music|zingmp3,MISSING_ORIGINAL,HIGH
song_0650860924c08690,TRUNG QUÂN - CÓ ĐIỀU GÌ SAO KHÔNG NÓI CÙNG ANH [OFFICIAL MV],TRUNG QUÂN,,,,,,,,,not_found,,,https://www.youtube.com/watch?v=GCRX7Go6eHM,pop|v-pop,apple_music|zingmp3,MISSING_ORIGINAL,HIGH
song_5c8ae670f3ceb1b4,Trung Quân | Gặp Em Lúc Tan Vỡ,TRUNG QUÂN,,,,,,,,,not_found,,,https://www.youtube.com/watch?v=dPliIKo2a5M,v-pop|folk|world|country,zingmp3|discogs,MISSING_ORIGINAL,HIGH
song_aef8c935230a2549,Trung Quân Idol | Mưa Nhớ,TRUNG QUÂN,,,,,,,,,not_found,,,https://www.youtube.com/watch?v=23MLw0MM5U8,pop|folk|world|country|ballad|trữ tình,discogs,MISSING_ORIGINAL,HIGH
song_296064ff9f4019dc,Trung Quân | Trái Đất Tròn Không Gì Là Không Thể,TRUNG QUÂN,,,,,,,,,not_found,,,https://www.youtube.com/watch?v=zUis5I1pTZo,v-pop,zingmp3,MISSING_ORIGINAL,HIGH
song_4500e2de5a20eb58,Trung Quân | Tình Nào Không Như Tình Đầu,TRUNG QUÂN,,,,,,,,,not_found,,,https://www.youtube.com/watch?v=-PvuoB1isec,pop|v-pop,apple_music|zingmp3,MISSING_ORIGINAL,HIGH
song_b1d85b0d360d4837,Trung Quân | Và Ngày Nào Đó,TRUNG QUÂN,,,,,,,,,not_found,,,https://www.youtube.com/watch?v=VEclCmvfZW4,pop|v-pop|folk|world|country,apple_music|zingmp3|discogs,MISSING_ORIGINAL,HIGH
song_6e661177bbd0ca9c,Trung Tự - Váy Cưới ( Lofi Ver ) - ( Lyric Video ) - Nhạc Hot TikTok - Album 23,Trung Tự,,,,,,,,,not_found,,,https://www.youtube.com/watch?v=vxADgU5PYz8,pop|v-pop,apple_music|zingmp3,MISSING_ORIGINAL,HIGH
song_8f0da35c9edbf1f1,Trung Tự - Váy Cưới - ( Official MV 4K ) - Album 23,Trung Tự,,,,,,,,,not_found,,,https://www.youtube.com/watch?v=uiM4tVUzdW8,v-pop,zingmp3,MISSING_ORIGINAL,HIGH
song_a8d8a3fcb3b51dab,Trà Hoa Cúc - Sweepy [Official Lyrics Video],Sony Music Entertainment Vietnam,,,,,,,,,not_found,,,https://www.youtube.com/watch?v=6myMryDIVCk,pop,apple_music,MISSING_ORIGINAL,HIGH
song_b4a5c87d644017a5,Trách Ai Bây Giờ - Đông Nhi | Lyrics video,ĐÔNG NHI,,,,,,,,,not_found,,,https://www.youtube.com/watch?v=cx7uD7MUXbY,pop|v-pop,apple_music|zingmp3,MISSING_ORIGINAL,HIGH
song_7492e0abddce95e3,Trái Tim Em Cũng Biết Đau | Bảo Anh | Official Music Video,POPS MUSIC,,,,,,,,,not_found,,,https://www.youtube.com/watch?v=_esoNnEflzM,pop|v-pop,apple_music|zingmp3,MISSING_ORIGINAL,HIGH
song_0f23657aada9d073,Trái Tim Không Lời,"Anh Nguyễn, Lê Liễu",,,,,,,,,not_found,Z6B6BCUU,https://zingmp3.vn/bai-hat/Trai-Tim-Khong-Loi-Anh-Nguyen-Le-Lieu/Z6B6BCUU.html,,pop,apple_music,MISSING_ORIGINAL,HIGH
song_d5248134a7408f67,Trái đất ôm Mặt trời - KAI ĐINH x GREY D x HOÀNG THUỲ LINH | performance video,Kai Dinh Official,,,,,,,,,not_found,,,https://www.youtube.com/watch?v=ohgodOTSHjA,v-pop,zingmp3,MISSING_ORIGINAL,HIGH
song_907202e414556a69,Trúc Nhân | Có Không Giữ Mất Đừng Tìm,Trúc Nhân,,,,,,,,,not_found,,,https://www.youtube.com/watch?v=pHt4h5--6r4,pop|v-pop,apple_music|zingmp3,MISSING_ORIGINAL,HIGH
song_8ed2f03352798575,Trúc Nhân | Có Không Giữ Mất Đừng Tìm | Official MV | special guest Miu Lê,Trúc Nhân,,,,,,,,,not_found,,,https://www.youtube.com/watch?v=kdVeYgGtO3Q,pop|v-pop,apple_music|zingmp3,MISSING_ORIGINAL,HIGH
song_cddbceaa49575646,TRÚC NHÂN ft. CÔ THANH THUỶ x KNORR – BẾP ẤM NGÀY TẾT (OFFICIAL MUSIC VIDEO),Trúc Nhân,,,,,,,,,not_found,,,https://www.youtube.com/watch?v=dnFn7d17Hl0,country,shazam,MISSING_ORIGINAL,LOW
song_758dd06a920b521b,Trúc Nhân | KHÔNG RA GÌ | Official MV,Trúc Nhân,,,,,,,,,not_found,,,https://www.youtube.com/watch?v=rRUzJJ9IV4s,pop|v-pop,apple_music|zingmp3,MISSING_ORIGINAL,HIGH
song_8547580650f9feb2,Trúc Nhân | Lớn Rồi Còn Khóc Nhè,Trúc Nhân,,,,,,,,,not_found,,,https://www.youtube.com/watch?v=CvuQsZ974kY,metal,nhac_vn,MISSING_ORIGINAL,LOW
song_22757f556dce1f90,Trúc Nhân | Sáng Mắt Chưa,Trúc Nhân,,,,,,,,,not_found,,,https://www.youtube.com/watch?v=ITH7JZAkrPc,pop,apple_music,MISSING_ORIGINAL,HIGH
song_881d909202fd3d89,Trúc Nhân | Vẽ,Trúc Nhân,,,,,,,,,not_found,,,https://www.youtube.com/watch?v=ZpdpXncvO5I,v-pop|rock|pop|folk|world|country|trữ tình,zingmp3|discogs,MISSING_ORIGINAL,HIGH
song_604d0513c450eb0e,TRÚC NHÂN x HẢO HẢO - LÀM GÓI ĐỠ THÈM (OFFICIAL MUSIC VIDEO),Trúc Nhân,,,,,,,,,not_found,,,https://www.youtube.com/watch?v=a6YD2fo6ckg,pop,apple_music|nhaccuatui|youtube,MISSING_ORIGINAL,HIGH
song_ea7cef13ee2642c2,TRÚC NHÂN x MIRINDA – AIIII CHUYỆN CŨ BÁN HÔNG? (Official M/V),Trúc Nhân,,,,,,,,,not_found,,,https://www.youtube.com/watch?v=vPDVFJO17Ps,pop,nhaccuatui,MISSING_ORIGINAL,LOW
song_38148541eb356cdd,Trương Thảo Nhi - Đánh Bắt Cá Xa Bờ (Prod. by Martin Hoàng) | Official Music Video,TRƯƠNG THẢO NHI OFFICIAL,,,,,,,,,not_found,,,https://www.youtube.com/watch?v=9bfIgDuS8jI,pop|v-pop,apple_music|zingmp3,MISSING_ORIGINAL,HIGH
song_962c6a0d3b25d393,Trước Khi Em Tồn Tại,Release - Topic,,,,,,,,,not_found,,,https://www.youtube.com/watch?v=0IwyTDHVYvI,pop,apple_music,MISSING_ORIGINAL,HIGH
song_d3660b6d6cbf49ce,Trả Lại Thoáng Mây Bay,Various Artists,,,,,,,,,not_found,ZW60F67O,https://zingmp3.vn/bai-hat/Tra-Lai-Thoang-May-Bay-Tuan-Ngoc/ZW60F67O.html,,worldwide,apple_music,MISSING_ORIGINAL,HIGH
song_ddbce2c0eec75a20,TRỊNH THĂNG BÌNH | NẾU EM CẦN | OFFICIAL MUSIC VIDEO,Trịnh Thăng Bình Official,,,,,,,,,not_found,,,https://www.youtube.com/watch?v=xmpNt7uZinc,pop|v-pop,apple_music|zingmp3|discogs,MISSING_ORIGINAL,HIGH
song_eec5ba1817566de0,TRỘM YÊU - JSOL | Official MV 4K,DreamS Entertainment,,,,,,,,,not_found,,,https://www.youtube.com/watch?v=DSmzM49dpZk,pop|v-pop,apple_music|zingmp3,MISSING_ORIGINAL,HIGH
song_4ca8534f59ef479d,TU DO,Phan Mạnh Quỳnh Official,,,,,,,,,not_found,,,https://www.youtube.com/watch?v=gR8IZsqI4aA,pop|folk|world|country|ballad|trữ tình,apple_music|discogs,MISSING_ORIGINAL,HIGH
song_4aa8f0fff56ebfda,TUYÊN - SÀI GÒN TÔI MƯA (ft. MC GOKU) | Official MV,Tuyên,,,,,,,,,not_found,,,https://www.youtube.com/watch?v=iGzb8Vw8a1g,pop|v-pop|folk|world|country,apple_music|zingmp3|discogs,MISSING_ORIGINAL,HIGH
song_d1588aacf7a7cbc1,TUYÊN - SẼ THẾ NÀO | OFFICIAL MV,Tuyên,,,,,,,,,not_found,,,https://www.youtube.com/watch?v=Ux1fFaNtAbc,rock|v-pop,apple_music|zingmp3,MISSING_ORIGINAL,HIGH
song_a1b84715b2c88599,Tuấn Hưng | Cầu Vòng Khuyết,Tuấn Hưng,,,,,,,,,not_found,,,https://www.youtube.com/watch?v=ccsKp8e4RiI,electronic|pop|dance-pop|house,discogs,MISSING_ORIGINAL,HIGH
song_3664ff14c613dd77,Tuấn Hưng | Nắm Lấy Tay Anh,Tuấn Hưng,,,,,,,,,not_found,,,https://www.youtube.com/watch?v=THSOFEBQEFk,pop,apple_music,MISSING_ORIGINAL,HIGH
song_0674f061261aaeeb,"Tuổi Mộng Mơ (From ""#Trầm"")",Ngô Lan Hương,,,,,,,,,not_found,,,https://www.youtube.com/watch?v=pv2mnGQsxG8,pop,apple_music,MISSING_ORIGINAL,HIGH
song_df4a690b26adc54b,Tuổi Đời Mênh Mông,Forest Studio - Topic,,,,,,,,,not_found,,,https://www.youtube.com/watch?v=j1AwjwM8vj0,pop|nhạc trịnh,apple_music|zingmp3,MISSING_ORIGINAL,HIGH
song_707d1287399227c9,TYO LY - MOSHPIT ft. MINHLAI (Official Music Video) Prod. DONAL & TYO LY,TYO Ly,,,,,,,,,not_found,,,https://www.youtube.com/watch?v=A8yT_DcZqJ8,rap việt,zingmp3,MISSING_ORIGINAL,HIGH
song_f9ce1b45d790a55f,TÂM MA - Nguyễn Trần Trung Quân ft. Megashock | QUỶ CẨU OST,Nguyễn Trần Trung Quân,,,,,,,,,not_found,,,https://www.youtube.com/watch?v=-o4FYosNlXU,nhạc phim|v-pop,zingmp3,MISSING_ORIGINAL,HIGH
song_2ed255dad34e5bf3,Tâm Sự Cùng Người Lạ (Beat),Tien Cookie,,,,,,,,,not_found,ZW7O6UFF,https://zingmp3.vn/bai-hat/Tam-Su-Cung-Nguoi-La-Beat-Tien-Cookie/ZW7O6UFF.html,,pop,apple_music,MISSING_ORIGINAL,HIGH
song_a0dbdc938276bd34,Tâm Sự Của Ta,Vũ Official,,,,,,,,,not_found,,,https://www.youtube.com/watch?v=RVv6MNuc4Dg,pop|v-pop,apple_music|zingmp3,MISSING_ORIGINAL,HIGH
song_0e28b5b74cde8253,Tâm Sự Với Người Lạ,1989s Entertainment,,,,,,,,,not_found,,,https://www.youtube.com/watch?v=LT85XHsspuY,pop|dance việt,apple_music|zingmp3,MISSING_ORIGINAL,HIGH
song_056cc0a427007866,Tìm Em Trong Mơ - Chi Dân | Official Music Video,Chi Dân,,,,,,,,,not_found,,,https://www.youtube.com/watch?v=qyTVLhP1lYA,pop|v-pop|electronic|folk|world|country|dance-pop|trữ tình,apple_music|zingmp3|discogs,MISSING_ORIGINAL,HIGH
song_fac9856f9a126645,TÌM (HƯƠNG MÙA HÈ EP.02),Orange Singer Official,,,,,,,,,not_found,,,https://www.youtube.com/watch?v=jOgD25FRPpM,pop,apple_music,MISSING_ORIGINAL,HIGH
song_cd45b5d58fccaede,Tìm (MV) - Trúc Nhân - Văn Mai Hương,Trúc Nhân,,,,,,,,,not_found,,,https://www.youtube.com/watch?v=Mkq_Omj_yqc,pop|v-pop,apple_music|zingmp3,MISSING_ORIGINAL,HIGH
song_9582c904e056569a,Tìm Được Một Nửa Hoá Ra Lại Chưa - Thương Võ x Vương Anh Tú - OFFICIAL MV,THƯƠNG VÕ OFFICIAL,,,,,,,,,not_found,,,https://www.youtube.com/watch?v=bUno5vrR_O8,pop|v-pop,apple_music|zingmp3,MISSING_ORIGINAL,HIGH
song_7a92e6832b007187,Tình Bạn Diệu Kỳ,Ricky Star So Dope,,,,,,,,,not_found,,,https://www.youtube.com/watch?v=nwsg-lZJRpg,v-pop,zingmp3,MISSING_ORIGINAL,HIGH
song_71f4862c4e484a2a,Tình Bạn Diệu Kỳ (Masew Remix),AMEE,,,,,,,,,not_found,,,https://www.youtube.com/watch?v=pv07zjuipXg,dance|edm việt,apple_music|zingmp3,MISSING_ORIGINAL,HIGH
song_3dcc534c598bf307,Tình Em Là Đại Dương,Cầm OFFICIAL,,,,,,,,,not_found,,,https://www.youtube.com/watch?v=Wgd2zY2QAjw,pop|v-pop|folk|world|country,apple_music|zingmp3|discogs,MISSING_ORIGINAL,HIGH
song_1f14291f747302be,Tình Là Giấc Mơ,Various Artists,,,,,,,,,not_found,ZW60F799,https://zingmp3.vn/bai-hat/Tinh-La-Giac-Mo-Khanh-Ha/ZW60F799.html,,dance,apple_music,MISSING_ORIGINAL,HIGH
song_97751fc4aea076b4,Tình Nhạt Phai - Đan Nguyên & Lâm Nhật Tiến {Thương Về Miền Trung - Đan Nguyên Live Show},Asia Entertainment Official,,,,,,,,,not_found,,,https://www.youtube.com/watch?v=KBfpHFg8B94,pop,apple_music,MISSING_ORIGINAL,HIGH
song_bf7d658c0b963f45,Tình Sắc Muôn Màu,Luong Bich Huu,,,,,,,,,not_found,ZWZ97W8D,https://zingmp3.vn/bai-hat/Tinh-Sac-Muon-Mau-Luong-Bich-Huu/ZWZ97W8D.html,,pop|v-pop,apple_music|musicbrainz,MISSING_ORIGINAL,HIGH
song_921ae704ed4d19ac,Tình Sẽ Không Âm Thầm,Various Artists,,,,,,,,,not_found,ZW6I799B,https://zingmp3.vn/bai-hat/Tinh-Se-Khong-Am-Tham-Khoi-My/ZW6I799B.html,,pop,apple_music,MISSING_ORIGINAL,HIGH
song_996251b56be62dda,Tình Thôi Xót Xa (Prod. Touliver),JUUN D,,,,,,,,,not_found,,,https://www.youtube.com/watch?v=o-FKoPQlRLM,rock,apple_music,MISSING_ORIGINAL,HIGH
song_4825e1f900a8b9d6,TÌNH YÊU KHỦNG LONG - @Fay Cute Official  | OFFICIAL MUSIC VIDEO | CHUNG THANH DUY,9 GENE MUSIC,,,,,,,,,not_found,,,https://www.youtube.com/watch?v=4Of38ZUnV7Q,pop,apple_music,MISSING_ORIGINAL,HIGH
song_1e05a88884477ed6,Tình Yêu Mang Theo (Lofi Ver.),H2O Music - Topic,,,,,,,,,not_found,,,https://www.youtube.com/watch?v=jlHtwxmhFig,pop|v-pop,apple_music|zingmp3,MISSING_ORIGINAL,HIGH
song_b6da9afd687cf099,Tình Yêu Mang Theo (Remix EDM),Chu Duyên - Topic,,,,,,,,,not_found,,,https://www.youtube.com/watch?v=dCifvfXGwQM,electronic,apple_music,MISSING_ORIGINAL,HIGH
song_347ec163a31dc1f2,TÌNH YÊU PHI THƯỜNG - RYAN | OFFICIAL MUSIC VIDEO,Ryan Singer Official,,,,,,,,,not_found,,,https://www.youtube.com/watch?v=Souyrv1hgDs,pop|v-pop,apple_music|zingmp3,MISSING_ORIGINAL,HIGH
song_71bface92e1ad00e,TÌNH YÊU SAY NẮNG - ICM x THOẠI NGHI | OFFICIAL MUSIC VIDEO,ICM Entertainment,,,,,,,,,not_found,,,https://www.youtube.com/watch?v=BzIbiurbNjA,pop,apple_music,MISSING_ORIGINAL,HIGH
song_14ef6c00fbab8a49,Tình Yêu Và Bạn,Minh Tuyet,,,,,,,,,not_found,ZWZADUD0,https://zingmp3.vn/bai-hat/Tinh-Yeu-Va-Ban-Minh-Tuyet/ZWZADUD0.html,,pop|ballad|karaoke,apple_music|discogs,MISSING_ORIGINAL,HIGH
song_cdede3d5ac9e9838,"TÌNH ĐẦU QUÁ CHÉN - NEGAV x Quang Hùng MasterD x Erik x Pháp Kiều ""say xỉn"" mém quên SBD | ATSH",Negav,,,,,,,,,not_found,,,https://www.youtube.com/watch?v=2tyfki34jMM,v-pop,zingmp3,MISSING_ORIGINAL,HIGH
song_42adab5f68c91ae5,TÒNG PHU | ÚT NHỊ MINO x NGUYỄN ĐÌNH VŨ | KEYO | COVER | QUÁ KHÓ ĐỂ CHĂM LO MỘT NGƯỜI CON GÁI,Nguyễn Đình Vũ Official,,,,,,,,,not_found,,,https://www.youtube.com/watch?v=L2Ir7tDK3Mg,dance,web_search,MISSING_ORIGINAL,LOW
song_a91a7d3a53a169ee,Tóc Tiên - BIG GIRLS DON'T CRY - TLVR RMX (Official MV),Tóc Tiên,,,,,,,,,not_found,,,https://www.youtube.com/watch?v=tIevzRhfkMg,v-pop,zingmp3,MISSING_ORIGINAL,HIGH
song_c7174c7de1393a34,Tóc Tiên - CÓ AI THƯƠNG EM NHƯ ANH (#CATENA) ft. Touliver (Official MV),Tóc Tiên,,,,,,,,,not_found,,,https://www.youtube.com/watch?v=neCmEbI2VWg,v-pop,zingmp3,MISSING_ORIGINAL,HIGH
song_c763b7e3a83fea02,TÓC TIÊN - D.C.M.A feat Big Daddy & Andree (Official MV),Tóc Tiên,,,,,,,,,not_found,,,https://www.youtube.com/watch?v=NjRfSEf8h9o,v-pop,zingmp3,MISSING_ORIGINAL,HIGH
song_3e43a91d538dbf6d,TÓC TIÊN | EM ĐÃ CÓ NGƯỜI MỚI | OFFICIAL MV,Tóc Tiên,,,,,,,,,not_found,,,https://www.youtube.com/watch?v=OS7gDIHU7ms,v-pop,zingmp3,MISSING_ORIGINAL,HIGH
song_f940deea4badfa7b,TÓC TIÊN FT. TOULIVER | 1 CỌNG TÓC MAI | OFFICIAL MV,Tóc Tiên,,,,,,,,,not_found,,,https://www.youtube.com/watch?v=h_xLRrwDric,electronic|pop|v-pop|dance-pop,discogs,MISSING_ORIGINAL,HIGH
song_869ab0b41adb71c1,Tóc Tiên - I'm In Love - Phụ nữ là để yêu (Official MV),Tóc Tiên,,,,,,,,,not_found,,,https://www.youtube.com/watch?v=etcB1YkDWIM,soul|v-pop,apple_music|zingmp3,MISSING_ORIGINAL,HIGH
song_dd97cca8278ec26f,TÓC TIÊN | MÌNH YÊU ĐẾN ĐÂY THÔI | OFFICIAL MV,Tóc Tiên,,,,,,,,,not_found,,,https://www.youtube.com/watch?v=awB3lac_L10,rock|v-pop,apple_music|zingmp3,MISSING_ORIGINAL,HIGH
song_b883f41c79ed8460,TÓC TIÊN - NGÀY MAI (ORIGINAL VERSION) Official MV,Tóc Tiên,,,,,,,,,not_found,,,https://www.youtube.com/watch?v=5P-E245MNdo,pop|v-pop,apple_music|zingmp3,MISSING_ORIGINAL,HIGH
song_25e52597b6020f22,TÓC TIÊN - TELL ME WHY (Official MV),Tóc Tiên,,,,,,,,,not_found,,,https://www.youtube.com/watch?v=XOTDSirfVVE,v-pop,zingmp3,MISSING_ORIGINAL,HIGH
song_599cd3a715b4908c,"Tóc Tiên - THE BEAT OF CELEBRATION ft. Big Daddy, JustaTee (Official MV)",Tóc Tiên,,,,,,,,,not_found,,,https://www.youtube.com/watch?v=oOLdCPhRVHo,pop|v-pop,apple_music|zingmp3,MISSING_ORIGINAL,HIGH
song_7be8fd2878482e07,TÓC TIÊN | Thì Em Vẫn ThẾ | Official Music Video,Tóc Tiên,,,,,,,,,not_found,,,https://www.youtube.com/watch?v=BdS6cGtA-q4,v-pop|funk|soul|pop|stage|screen|vocal|ballad|indie pop,zingmp3|discogs,MISSING_ORIGINAL,HIGH
song_cec5baf052bb27da,TÓC TIÊN - VŨ ĐIỆU CỒNG CHIÊNG ft.TeamV (OFFICIAL MV),Tóc Tiên,,,,,,,,,not_found,,,https://www.youtube.com/watch?v=Rz4FbACtfd0,v-pop,zingmp3,MISSING_ORIGINAL,HIGH
song_8f8e5dac8bd97034,"TÓC TIÊN x MEW AMAZING | ""906090"" | OFFICIAL MV",Tóc Tiên,,,,,,,,,not_found,,,https://www.youtube.com/watch?v=2w8yzyzFDao,electronic|pop|v-pop|dance-pop,discogs,MISSING_ORIGINAL,HIGH
song_6e7802a5ed9576ba,Tô Thanh Phương - Đất Phương Nam,thanhfj,,,,,,,,,not_found,,,https://www.youtube.com/watch?v=Mbo7Pbf8oyE,trữ tình,zingmp3,MISSING_ORIGINAL,HIGH
song_1888c4c3cbbcf218,"TÙNG - Giấc Mơ (Original Song from the Motion Picture Trước Giờ ""Yêu"")",TÙNG,,,,,,,,,not_found,,,https://www.youtube.com/watch?v=IrcTENdCyQk,pop|rock việt|indie,apple_music|zingmp3|nhaccuatui|nhac_vn|shazam|allmusic|qobuz|youtube,MISSING_ORIGINAL,HIGH
song_bbd31492bc67c3f9,Tùng TeA - Nó Đã Giá Băng Nhiều [Official MV],TaynguyenSound Official,,,,,,,,,not_found,,,https://www.youtube.com/watch?v=syhZERTifaI,hip hop|rap|rap việt|indie,apple_music|zingmp3|nhaccuatui|nhac_vn|shazam|allmusic|qobuz|youtube,MISSING_ORIGINAL,HIGH
song_cfc6bf9783ba00ce,TÚI 3 GANG – PHƯƠNG LY x RHYMASTIC |Official Music Video,Phuong Ly Official,,,,,,,,,not_found,,,https://www.youtube.com/watch?v=6jEw-WCjMCk,classical,nhac_vn|shazam|allmusic|qobuz|youtube,MISSING_ORIGINAL,HIGH
song_20046f300e4af28e,"Tăng Duy Tân - IKIGAI ft. Bích Phương, 2pillz | Album Khu Vườn Tình",Tăng Duy Tân,,,,,,,,,not_found,,,https://www.youtube.com/watch?v=FdhLu5aXcDI,v-pop,zingmp3,MISSING_ORIGINAL,HIGH
song_8717e79b8702594c,"Tăng Duy Tân - Say Sóng ft. 2pillz, Drum7 | Album Khu Vườn Tình - Track 2",Tăng Duy Tân,,,,,,,,,not_found,,,https://www.youtube.com/watch?v=gpl26Fg50zE,v-pop,zingmp3,MISSING_ORIGINAL,HIGH
song_0b7dce042e25f9d3,TẠI VÌ THƯƠNG THƯƠNG - AVI | OFFICIAL LYRIC VIDEO,Avi,,,,,,,,,not_found,,,https://www.youtube.com/watch?v=El_uYj5oCu8,v-pop|rock|metal,zingmp3|discogs,MISSING_ORIGINAL,HIGH
song_454c64f6ffc86240,TẤT CẢ HOẶC KHÔNG LÀ GÌ CẢ - CAO THÁI SƠN | OFFICIAL MUSIC VIDEO | Cuối Cùng Thì Mình Gọi Nhau Là Gì,Cao Thái Sơn,,,,,,,,,not_found,,,https://www.youtube.com/watch?v=wmh7TArZB3I,pop|v-pop|classical,apple_music|zingmp3|nhaccuatui|nhac_vn|shazam|allmusic|qobuz|youtube,MISSING_ORIGINAL,HIGH
song_9f60530cecc7aea1,Tết Nhà Là Tết Nhất - Nhạc Xuân 2024 | LG x Bùi Công Nam | Official Music Video,Bùi Công Nam,,,,,,,,,not_found,,,https://www.youtube.com/watch?v=VPN10JXw9tc,alternative,youtube,MISSING_ORIGINAL,LOW
song_c3883bcdaf9f4677,TẾT ĐỈNH NÓC - B.O.F | OFFICIAL Music Video,YEAH1 MUSIC,,,,,,,,,not_found,,,https://www.youtube.com/watch?v=b1gJTI-XmM0,pop|v-pop,apple_music|zingmp3,MISSING_ORIGINAL,HIGH
song_c5ebd88ca4e47f8e,Tết Ổn Rồi - Nhạc Xuân 2024 | Đông Nhi x Hiền Thục x Jun Phạm x Bùi Công Nam | Official MV,ĐÔNG NHI,,,,,,,,,not_found,,,https://www.youtube.com/watch?v=i6QjJwGOGe0,v-pop,zingmp3,MISSING_ORIGINAL,HIGH
song_c245a233a25d72d5,TỐI NAY MỘT MÌNH | LOU HOÀNG | OFFICIAL MV,OnlyC Production,,,,,,,,,not_found,,,https://www.youtube.com/watch?v=fyn0lk7bD5Y,b việt|country,zingmp3|shazam,MISSING_ORIGINAL,HIGH
song_f9cf0a54ead02fce,TỪ CHỐI NHẸ NHÀNG THÔI,Release - Topic,,,,,,,,,not_found,,,https://www.youtube.com/watch?v=L7NhE74zf98,pop|v-pop,apple_music|zingmp3,MISSING_ORIGINAL,HIGH
song_6a1651a4a6d8077d,từ thích thích thành thương thương (feat. Hoàng Dũng),AMEE,,,,,,,,,not_found,,,https://www.youtube.com/watch?v=VdKWlNfpxZ0,pop|v-pop,apple_music|zingmp3|musicbrainz,MISSING_ORIGINAL,HIGH
song_f71307b79e2a7dcb,Từng Cho Nhau | Rô Ti | Video Music Official,Rô Ti Official,,,,,,,,,not_found,,,https://www.youtube.com/watch?v=z76ChA_HcTk,rock|hard rock|prog rock|classic rock,discogs,MISSING_ORIGINAL,HIGH
song_73f6e5e9225a0888,Từng Ngày Như Mãi Mãi / buitruonglinh,buitruonglinh,,,,,,,,,not_found,,,https://www.youtube.com/watch?v=YgEZxMFD27c,pop|v-pop|electronic|blues|ballad|rhythm|vocal,apple_music|zingmp3|discogs,MISSING_ORIGINAL,HIGH
song_b1b36b03cebb0e94,Từng Ngày Yêu Em / buitruonglinh,buitruonglinh,,,,,,,,,not_found,,,https://www.youtube.com/watch?v=f-VsoLm4i5c,pop|v-pop,apple_music|zingmp3,MISSING_ORIGINAL,HIGH
song_661997308963ec35,TỪNG YÊU - PHAN DUY ANH  [OFFICIAL MUSIC VIDEO],ACV Entertainment,,,,,,,,,not_found,,,https://www.youtube.com/watch?v=YRFSTg9IXNc,pop|v-pop,apple_music|zingmp3,MISSING_ORIGINAL,HIGH
song_5892a29e36014682,TỰ MÌNH | THANH DUY [OFFICIAL MV],QUAD Entertainment,,,,,,,,,not_found,,,https://www.youtube.com/watch?v=mNEpxLTjv74,worldwide,apple_music,MISSING_ORIGINAL,HIGH
song_e9eb18b09139ca46,Uncle Lucius - Keep The Wolves Away,unclelucius,,,,,,,,,not_found,,,https://www.youtube.com/watch?v=pYdvxBxHX2U,alternative|rock|folk|world|country|blues rock|roll|southern rock,apple_music|discogs,MISSING_ORIGINAL,HIGH
song_1853eb14bdb8e372,UNI5 | NÓI DỐI CẢ THẾ GIỚI VÌ EM | Official MV,Uni5,,,,,,,,,not_found,,,https://www.youtube.com/watch?v=UpSjSgoxdss,classical|metal,nhaccuatui,MISSING_ORIGINAL,LOW
song_6e4bb3f3834f10b0,UNI5 | SAI | OFFICIAL MUSIC VIDEO,Uni5,,,,,,,,,not_found,,,https://www.youtube.com/watch?v=AJbOq0yNrM8,pop|hip hop,apple_music|discogs,MISSING_ORIGINAL,HIGH
song_d9c4ac3a76dec7df,UNI5 | VÌ EM LÀ OXY | OFFICIAL MV,Uni5,,,,,,,,,not_found,,,https://www.youtube.com/watch?v=PzzchC_Pilg,alternative,shazam,MISSING_ORIGINAL,LOW
song_d730636596eb505c,Unora - Quicksand,We Are Diamond,,,,,,,,,not_found,,,https://www.youtube.com/watch?v=rEzO57O3u4c,country,web_search,MISSING_ORIGINAL,LOW
song_522520a0109df64e,"Upchurch  ""Hollerboys"" (OFFICIAL MUSIC VIDEO) #upchurch #hollerboys",Ryan Upchurch,,,,,,,,,not_found,,,https://www.youtube.com/watch?v=7K8Wynzt7tc,country,apple_music,MISSING_ORIGINAL,HIGH
song_504b86d7114773d2,UỐNG GÌ NÀO - Huỳnh James x Pjnboys (Official MV),Mondo Records,,,,,,,,,not_found,,,https://www.youtube.com/watch?v=volaMDA5LyY,country,nhaccuatui,MISSING_ORIGINAL,LOW
song_92c5115f6cc582ee,Vai Lan Don Dua,SOOBIN Official,,,,,,,,,not_found,,,https://www.youtube.com/watch?v=7IQTeIKQIvg,pop|edm việt,apple_music|zingmp3,MISSING_ORIGINAL,HIGH
song_ced29fd17980073d,Valdhyr - Echoes,HearWeGo,,,,,,,,,not_found,,,https://www.youtube.com/watch?v=jldJKiQRM-I,blues,web_search,MISSING_ORIGINAL,LOW
song_b8f59a3f6e08b4e6,Van Gogh (feat. Ashley Alisha),Dept 뎁트,,,,,,,,,not_found,,,https://www.youtube.com/watch?v=zrLieIxjWjo,soul,apple_music,MISSING_ORIGINAL,HIGH
song_87669e3c20bc3ba3,Van Nho,Tuấn Hưng,,,,,,,,,not_found,,,https://www.youtube.com/watch?v=xIkC9kt3-1A,pop|v-pop|trữ tình,apple_music|zingmp3|discogs,MISSING_ORIGINAL,HIGH
song_0ddfaa59662fc7a0,Veil44 - Pulse,HearWeGo,,,,,,,,,not_found,,,https://www.youtube.com/watch?v=dLSkvGgkTnU,alternative,youtube,MISSING_ORIGINAL,LOW
song_a974005cf1b30119,VELMA - I'll Be Alright,We Are Diamond,,,,,,,,,not_found,,,https://www.youtube.com/watch?v=KZbcHiIS6dw,dance|soul|funk,apple_music|shazam,MISSING_ORIGINAL,HIGH
song_341be67c22d955f5,VELMA - Still on My Mind,We Are Diamond,,,,,,,,,not_found,,,https://www.youtube.com/watch?v=KkplvCccs-Y,pop,web_search,MISSING_ORIGINAL,LOW
song_dbe440367d17b5d1,VICKY NHUNG - VIỆT NAM NHỮNG CHUYẾN ĐI (OFFICIAL MV) | VÌ CUỘC ĐỜI LÀ NHỮNG CHUYẾN ĐI,Vicky Nhung,,,,,,,,,not_found,,,https://www.youtube.com/watch?v=46EjkkDo00g,country|v-pop,apple_music|zingmp3,MISSING_ORIGINAL,HIGH
song_472266ceec424c63,Vietnam Idol 2013 - Vòng loại trực tiếp 3 - Em của ngày hôm qua - Sơn Tùng M-TP,Vietnam Idol,,,,,,,,,not_found,,,https://www.youtube.com/watch?v=B_bH8MWfCes,country,nhaccuatui|nhac_vn|shazam|allmusic|qobuz|youtube,MISSING_ORIGINAL,HIGH
song_e3d70a0235fa9e19,VIRAL CLIP - MỘT NĂM MỚI BÌNH AN | SƠN TÙNG M-TP,Sơn Tùng M-TP Official,,,,,,,,,not_found,,,https://www.youtube.com/watch?v=Thf6-faRGI4,v-pop|electronic|hip hop|pop|tropical house|dance-pop,zingmp3|discogs,MISSING_ORIGINAL,HIGH
song_e055fcb5674684a9,Viên Đá Nhỏ | Hải Băng | Official MV | The Men,POPS MUSIC,,,,,,,,,not_found,,,https://www.youtube.com/watch?v=38ILB0XdwKQ,latin|v-pop,apple_music|zingmp3,MISSING_ORIGINAL,HIGH
song_637c774592ffbffa,Viết Về Yêu Xa / Dịp Ft. Đăng Răng To (Lyrics),NGƯỜI KỂ TÌNH CA,,,,,,,,,not_found,,,https://www.youtube.com/watch?v=fQnIvgVjb9A,pop,apple_music,MISSING_ORIGINAL,HIGH
song_ca6aa87aba282d16,Việt. 'BÔNG HOA CHẲNG THUỘC VỀ TA' (Official Lyrics Video),VIET. / Như Việt,,,,,,,,,not_found,,,https://www.youtube.com/watch?v=JgggA8Jtzyg,pop,apple_music,MISSING_ORIGINAL,HIGH
song_772bf109a23a2338,VIỆT NAM HẾT MÌNH - KARIK x HOÀNG THÙY LINH x ONLYC | OFFICIAL MUSIC VIDEO,KARIK,,,,,,,,,not_found,,,https://www.youtube.com/watch?v=odpGVvARDMw,rap việt,zingmp3,MISSING_ORIGINAL,HIGH
song_48a33364c9b8e072,Việt Nam Tươi Đẹp - 40 Văn Nghệ Sĩ (Official MV),Gala Nhạc Việt,,,,,,,,,not_found,,,https://www.youtube.com/watch?v=8BIFR3bVn4w,pop|v-pop,apple_music|zingmp3,MISSING_ORIGINAL,HIGH
song_428db98d63fff985,"👒Vlog & Instrumental (Royalty Free Music) - ""DON'T GO"" by @tubebackr 🇪🇸 🇬🇧 & @scandinavianz 🇫🇮",BreakingCopyright — Royalty Free Music,,,,,,,,,not_found,,,https://www.youtube.com/watch?v=ZxNZfInZhgk,alternative,shazam,MISSING_ORIGINAL,LOW
song_8ddecfe1bcbbea5e,VonnBoyd - La Luna,HearWeGo,,,,,,,,,not_found,,,https://www.youtube.com/watch?v=kHwhSWiZHe8,metal,shazam,MISSING_ORIGINAL,LOW
song_512bbbce2ea8d1ff,VonnBoyd - Lost Love,HearWeGo,,,,,,,,,not_found,,,https://www.youtube.com/watch?v=XBHew7xb7s0,country,nhac_vn,MISSING_ORIGINAL,LOW
song_087c6f2c66b36bc1,VonnBoyd - Lush,HearWeGo,,,,,,,,,not_found,,,https://www.youtube.com/watch?v=S-dx-E-BTsA,experimental,web_search,MISSING_ORIGINAL,LOW
song_59fab910fc8c04c0,VonnBoyd - Riverside Drive,HearWeGo,,,,,,,,,not_found,,,https://www.youtube.com/watch?v=cZf9HAmxWLo,electronic,nhaccuatui,MISSING_ORIGINAL,LOW
song_844cc4cd27248efe,VonnBoyd - Sway,HearWeGo,,,,,,,,,not_found,,,https://www.youtube.com/watch?v=NgubQpCDPT8,pop,shazam,MISSING_ORIGINAL,LOW
song_f6253fd3d4b5fc5c,VonnBoyd - Your Touch,HearWeGo,,,,,,,,,not_found,,,https://www.youtube.com/watch?v=RG72ftqdbjU,house,web_search,MISSING_ORIGINAL,LOW
song_73ad92d0d7130335,Vu Cat Tuong - Mơ (Dreaming) | Official MV,Vũ Cát Tường,,,,,,,,,not_found,,,https://www.youtube.com/watch?v=2YM4j-oP_qQ,pop|v-pop,apple_music|zingmp3,MISSING_ORIGINAL,HIGH
song_fbe4f15412ca180d,VÀO HẠ (HƯƠNG MÙA HÈ),SUNI,,,,,,,,,not_found,,,https://www.youtube.com/watch?v=Dh3-d0ffCIw,pop,apple_music,MISSING_ORIGINAL,HIGH
song_3f2748dfe68a8a42,Vì Anh Đâu Có Biết - Madihu (Feat. Vũ.) | Official MV,Madihu,,,,,,,,,not_found,,,https://www.youtube.com/watch?v=02ODKglDVQs,soul|b việt,apple_music|zingmp3,MISSING_ORIGINAL,HIGH
song_d7a03bc8ec986d52,VÌ EM QUÁ CÔ ĐƠN - LOU HOÀNG | OFFICIAL MUSIC VIDEO,OnlyC Production,,,,,,,,,not_found,,,https://www.youtube.com/watch?v=qD40oWHMZ6c,pop,apple_music,MISSING_ORIGINAL,HIGH
song_dbc3ef500e5b18c9,VÌ EM TÔ VẼ - SIMONC x CHANGMIE | OFFICIAL MUSIC VIDEO,Changmie Official,,,,,,,,,not_found,,,https://www.youtube.com/watch?v=-0mF-bsQPZ0,v-pop,zingmp3,MISSING_ORIGINAL,HIGH
song_b94edcdd744340ad,VÌ MỘT NGƯỜI - CHỜ EM ĐẾN NGÀY MAI NGOẠI TRUYỆN | WILL | MV OFFICIAL,Studio68,,,,,,,,,not_found,,,https://www.youtube.com/watch?v=PuMh_SztSLg,rock|mod,discogs,MISSING_ORIGINAL,HIGH
song_85167b1c71653fd2,Vì Sao (Beat),Khoi My,,,,,,,,,not_found,ZWZA9O7E,https://zingmp3.vn/bai-hat/Vi-Sao-Beat-Khoi-My/ZWZA9O7E.html,,pop,apple_music,MISSING_ORIGINAL,HIGH
song_86414fc0afb4fc66,Vì Sao - Khởi My [Official],POPS MUSIC,,,,,,,,,not_found,,,https://www.youtube.com/watch?v=sgjnZi-8lAo,pop,apple_music,MISSING_ORIGINAL,HIGH
song_34806f2dcc3851d6,Vì Tôi Là Cô Bé,Kimmese,,,,,,,,,not_found,ZW6IU7IU,https://zingmp3.vn/bai-hat/Vi-Toi-La-Co-Be-Kimmese/ZW6IU7IU.html,,hip hop|rap,apple_music,MISSING_ORIGINAL,HIGH
song_e443a9a02ac5364f,VÌ YÊU ANH SẼ | OFFICIAL MV | LOU HOÀNG,OnlyC Production,,,,,,,,,not_found,,,https://www.youtube.com/watch?v=PYyJI_GMvpM,soul|v-pop,apple_music|zingmp3,MISSING_ORIGINAL,HIGH
song_7df0971d19ce9945,VÌ YÊU LÀ NHỚ - HAN SARA - OST Ông Ngoại Tuổi 30 | Official MV,YEAH1 MUSIC,,,,,,,,,not_found,,,https://www.youtube.com/watch?v=CJYYsEFB2eU,pop|nhạc phim,apple_music|zingmp3,MISSING_ORIGINAL,HIGH
song_13160e48cb08c113,Vùng Ký Ức - Chillies (Official Music Video),Chillies,,,,,,,,,not_found,,,https://www.youtube.com/watch?v=T0sHaz4H9MQ,pop|v-pop,apple_music|zingmp3,MISSING_ORIGINAL,HIGH
song_52dcc5f055cd7309,VĂN MAI HƯƠNG - CẦU HÔN (OFFICIAL MUSIC VIDEO),VĂN MAI HƯƠNG OFFICIAL,,,,,,,,,not_found,,,https://www.youtube.com/watch?v=po_jKn33cus,pop|v-pop,apple_music|zingmp3,MISSING_ORIGINAL,HIGH
song_fde7b68f1ac27770,"VĂN MAI HƯƠNG - MƯA THÁNG SÁU (feat. GREY D, TRUNG QUÂN) [prod. by HỨA KIM TUYỀN]",VĂN MAI HƯƠNG OFFICIAL,,,,,,,,,not_found,,,https://www.youtube.com/watch?v=_8vekzCF04Q,pop|v-pop,apple_music|zingmp3,MISSING_ORIGINAL,HIGH
song_a198cb83a736c13c,"Văn Mai Hương - Nếu Như Anh Đến (feat. Nguyễn Đức Cường, Bê Trần) (Official Music Video)",Film Ninja Productions,,,,,,,,,not_found,,,https://www.youtube.com/watch?v=mmxnls_9wqY,pop,apple_music,MISSING_ORIGINAL,HIGH
song_a5997c511c7573f8,VĂN MAI HƯƠNG - ĐẠI MINH TINH (prod. by HỨA KIM TUYỀN) | Official M/V,VĂN MAI HƯƠNG OFFICIAL,,,,,,,,,not_found,,,https://www.youtube.com/watch?v=8j309_McnC4,v-pop,zingmp3,MISSING_ORIGINAL,HIGH
song_79fc9183d69780c8,Vũ. feat. Hà Anh Tuấn - Dành Hết Xuân Thì Để Chờ Nhau (Official MV),Vũ Official,,,,,,,,,not_found,,,https://www.youtube.com/watch?v=ngbqjNPSMQk,pop,apple_music,MISSING_ORIGINAL,HIGH
song_ebccee61377b4f58,Vũ - Mùa Hè Của Em / OFFICIAL MV,Vũ Official,,,,,,,,,not_found,,,https://www.youtube.com/watch?v=nIl_gX9W5qQ,nhạc dân ca - quê hương,zingmp3,MISSING_ORIGINAL,HIGH
song_f48f7e2cf1911c7e,Vũ - Một Giấc Mơ ft. Kimmese / OFFICIAL MV,Vũ Official,,,,,,,,,not_found,,,https://www.youtube.com/watch?v=NdHSOup5mZM,nhạc dân ca - quê hương,zingmp3,MISSING_ORIGINAL,HIGH
song_d12320b293d89beb,Vũ Thanh Vân - Đếm (Official Music Video),Vu Thanh Van,,,,,,,,,not_found,,,https://www.youtube.com/watch?v=hJagyo0F2uA,pop|rap việt,apple_music|zingmp3,MISSING_ORIGINAL,HIGH
song_d3328bbbb5641c01,Vũ Điệu Cồng Chiêng | Ngày Mai | Tóc Tiên | Official Performance Video,POPS MUSIC,,,,,,,,,not_found,,,https://www.youtube.com/watch?v=GHPhtZtyNPE,electronic|synthpop|hi nrg,discogs,MISSING_ORIGINAL,HIGH
song_19bdaa489fef3be7,Vẫn Nhớ - Soobin Hoàng Sơn | Cover,SOOBIN Official,,,,,,,,,not_found,,,https://www.youtube.com/watch?v=HwVCeUNUIEE,rap việt|pop|k-pop|house,zingmp3|discogs|youtube,MISSING_ORIGINAL,HIGH
song_f05e2e4ab407c5e0,Về Nhà Ăn Tết - BigDaddy ft. JustaTee ft. Onionn - Official MV,YEAH1 MUSIC,,,,,,,,,not_found,,,https://www.youtube.com/watch?v=7fcbkTdgRJk,pop,apple_music,MISSING_ORIGINAL,HIGH
song_b226f328610d077f,Về quê,MINH PHƯƠNG VOV,,,,,,,,,not_found,,,https://www.youtube.com/watch?v=EA-kHUwfDms,trữ tình,zingmp3,MISSING_ORIGINAL,HIGH
song_f033ae6ca38fd154,Về Đây Em Nhé,Van Quang Long,,,,,,,,,not_found,ZWZBBZI0,https://zingmp3.vn/bai-hat/Ve-Day-Em-Nhe-Van-Quang-Long/ZWZBBZI0.html,,worldwide,apple_music,MISSING_ORIGINAL,HIGH
song_4829955b7eb2812e,Về Đây Nghe Em,Various Artists,,,,,,,,,not_found,ZW6IIO9F,https://zingmp3.vn/bai-hat/Ve-Day-Nghe-Em-Hien-Thuc/ZW6IIO9F.html,,electronic,apple_music,MISSING_ORIGINAL,HIGH
song_288b4dd0ddb2380c,Vị Quê Nhà - Noo Phước Thịnh ft. Lou Hoàng - An Nguy & Jeremy Maman (Official MV),Việt Nam Tươi Đẹp - Food & Travel,,,,,,,,,not_found,,,https://www.youtube.com/watch?v=7vP7RO3um4c,pop,apple_music,MISSING_ORIGINAL,HIGH
song_90264c61f19d8f74,Vọng Cổ Ta Khóc Cho Ta,Đinh Quốc Cường,,,,,,,,,not_found,ZWAD96IF,https://zingmp3.vn/bai-hat/Vong-Co-Ta-Khoc-Cho-Ta-Dinh-Quoc-Cuong/ZWAD96IF.html,,pop,apple_music,MISSING_ORIGINAL,HIGH
song_b771465e06645b81,Vở Kịch Của Em - Vây Giữ REMIX (HuyN - Trường Alex) | Chạy Theo Những Cuộc Vui Tình Ta Giờ Phai Nhoà,BD MUSIC TRENDING,,,,,,,,,not_found,,,https://www.youtube.com/watch?v=N2L9aml1-BE,house,allmusic,MISSING_ORIGINAL,LOW
song_2b9dbad9e4dcc4e7,Vụt Mất | Wanbi Tuấn Anh | Official Music Video,POPS MUSIC,,,,,,,,,not_found,,,https://www.youtube.com/watch?v=sgcsFCapMxA,v-pop,zingmp3,MISSING_ORIGINAL,HIGH
song_6f029843c78e9980,"W/n - 3107 3 ( Official Video ) ft. 267, Nâu, Duongg,",W/n,,,,,,,,,not_found,,,https://www.youtube.com/watch?v=kfw7MYah2n0,pop,apple_music,MISSING_ORIGINAL,HIGH
song_46f25c341639ad09,W/n  -  a b c d x y z n m a s a d (song 24) | 3107,W/n,,,,,,,,,not_found,,,https://www.youtube.com/watch?v=rDpJfmBI9xQ,children's|rock|pop|avantgarde|art rock|experimental,apple_music|discogs,MISSING_ORIGINAL,HIGH
song_24477f6d61ca570f,WAITING FOR YOU,Mono Official,Khác,zingmp3_title_artist_search,https://zingmp3.vn/bai-hat/Waiting-for-You-Oces-official/74Xn6m07Akxg.html,Waiting for You,Oces official,0.942,medium,"[{""id"":""A6UHaAP1adyN"",""name"":""Khác"",""title"":""Khác"",""alias"":""khac"",""link"":""/the-loai-album/Khac/A6UHaAP1adyN.html""}]; title_score=1.000; artist_score=0.769",found_needs_review,,,https://www.youtube.com/watch?v=tOZoAsJO00w,pop|v-pop|rock|pop rock|indie rock,apple_music|zingmp3|discogs,MISSING_ORIGINAL,HIGH
song_22b9f7855524617a,Wanderflux - Sunken feat. Kidswaste & Nori (Copyright Free),HearWeGo,,,,,,,,,not_found,,,https://www.youtube.com/watch?v=PkJUX3L-uqs,house,shazam,MISSING_ORIGINAL,LOW
song_01fe0d8c6a990b29,WEAN - Thờ ơ với HURRYKNG | Official MV,WEAN,,,,,,,,,not_found,,,https://www.youtube.com/watch?v=JNVY8mTeD-Y,pop|v-pop,apple_music|zingmp3,MISSING_ORIGINAL,HIGH
song_afc110ac3f5634c0,When War Comes,Hurricane On Saturn,,,,,,,,,not_found,,,https://www.youtube.com/watch?v=HKHQhH6bVAk,metal|pop|rock|electronic|hip hop|dance-pop|pop rap|alternative metal|post-hardcore,apple_music|zingmp3|discogs|musicbrainz,MISSING_ORIGINAL,HIGH
song_70bd2796a5986c65,Whithe - Smother,HearWeGo,,,,,,,,,not_found,,,https://www.youtube.com/watch?v=nZbw6CwkY5Y,pop|house,zingmp3|nhaccuatui,MISSING_ORIGINAL,HIGH
song_0a001c337a36da44,Wild Eyes,Nina Young - Topic,Âu Mỹ,zingmp3_title_artist_search,https://zingmp3.vn/bai-hat/Wild-Eyes-Stephanie-Young/VQxKvqbK1fnM.html,Wild Eyes,Stephanie Young,0.879,low,"[{""id"":""q3564DMx4CZN"",""name"":""Âu Mỹ"",""title"":""Âu Mỹ"",""alias"":""au-my"",""link"":""/the-loai-album/Au-My/q3564DMx4CZN.html""}]; title_score=1.000; artist_score=0.516",found_needs_review,,,https://www.youtube.com/watch?v=w2e6h7LqlrA,dance|pop|rock|funk|soul|non-music|folk|world|country|african|speech|classic rock,apple_music|zingmp3|discogs,MISSING_ORIGINAL,HIGH
song_fccefca25e8c5b4b,Will - Còn Nhớ là Còn Thương ft. Seachains | Visualizer Video,Will Official,,,,,,,,,not_found,,,https://www.youtube.com/watch?v=kKY3yppCa3A,pop,apple_music,MISSING_ORIGINAL,HIGH
song_c0e150fbad9ce51d,willistic - chuyện hôm qua | Official Music Video,WILLISTIC,,,,,,,,,not_found,,,https://www.youtube.com/watch?v=yvex6973rTQ,soul|b việt,apple_music|zingmp3,MISSING_ORIGINAL,HIGH
song_9a92436ac1388a7a,Winno - Muốn anh đau ft. Hustlang Robber | TO LOVE AND BE LOVED Album,Winno Official,,,,,,,,,not_found,,,https://www.youtube.com/watch?v=CPJYGL0XkC4,latin,shazam,MISSING_ORIGINAL,LOW
song_0fd7abc7cbfebc03,Winno - Say Đắm Trong Lần Đầu (SĐTLĐ) (Official Lyric Video),Winno Official,,,,,,,,,not_found,,,https://www.youtube.com/watch?v=QR16VTrTWfQ,dance,shazam,MISSING_ORIGINAL,LOW
song_3edb18652a669a73,Won't Let You Go,POURI X - Topic,,,,,,,,,not_found,,,https://www.youtube.com/watch?v=bdUivu1aFpE,dance|rap|hip hop,apple_music|zingmp3,MISSING_ORIGINAL,HIGH
song_a439b8c1e762e4e4,WOWY X THỊNH SUY | KHU TÔI KHÔNG SỐNG | OFFICIAL MV ✨,Wowy,,,,,,,,,not_found,,,https://www.youtube.com/watch?v=T3hG7RCZdGY,rap việt|hip hop,nhaccuatui|nhac_vn|shazam|allmusic|qobuz|youtube,MISSING_ORIGINAL,HIGH
song_ed235b5a628309b5,Wowy - Đêm Tàn (Featuring  J.T.A Khanh Le) (2013) (Official Lyric Video),Wowy,,,,,,,,,not_found,,,https://www.youtube.com/watch?v=VqRkSBIa1Hw,rap việt|hip hop,nhaccuatui|nhac_vn|allmusic|shazam|qobuz|youtube,MISSING_ORIGINAL,HIGH
song_9cef1109a2563bf9,WREN EVANS - CỨU LẤY ÂM NHẠC | OFFICIAL MUSIC VIDEO,Wren Evans Official,,,,,,,,,not_found,,,https://www.youtube.com/watch?v=3K6PRfAp6O4,rap|v-pop,apple_music|zingmp3,MISSING_ORIGINAL,HIGH
song_3210e43fc9959c0a,WREN EVANS - THÍCH EM HƠI NHIỀU (OFFICIAL MUSIC VIDEO),Wren Evans Official,,,,,,,,,not_found,,,https://www.youtube.com/watch?v=faSVTByG0LQ,pop|v-pop,apple_music|zingmp3|nhaccuatui,MISSING_ORIGINAL,HIGH
song_824899b640f9531b,WREN EVANS | ĐỂ Ý - OFFICIAL AUDIO,Wren Evans Official,,,,,,,,,not_found,,,https://www.youtube.com/watch?v=2ymP0o_Ze9Q,v-pop|folk|world|country|celtic,zingmp3|discogs,MISSING_ORIGINAL,HIGH
song_ef4c9d2291b195f5,WUYS - MOONLIGHT,RioX,,,,,,,,,not_found,,,https://www.youtube.com/watch?v=tIV4yfJjPJE,alternative,qobuz,MISSING_ORIGINAL,LOW
song_ed8933c0d903744c,WUYS x SHX4 - PLANKTON FUNK,RioX,,,,,,,,,not_found,,,https://www.youtube.com/watch?v=fccZYG6p-lQ,country,shazam,MISSING_ORIGINAL,LOW
song_86f8a0110b231257,WXRDIE - LAVIAI (REMIX) ft. HIEUTHUHAI & 2PILLZ,Wxrdie,,,,,,,,,not_found,,,https://www.youtube.com/watch?v=JvOg0TSvdGU,hip hop|rap,nhaccuatui|nhac_vn|shazam|allmusic|qobuz|youtube,MISSING_ORIGINAL,HIGH
song_b43cdfc1673c5573,Xem Là Rơi Nước Mắt | Thùy Chi | Cha Và Con Gái,THÙY CHI OFFICIAL,,,,,,,,,not_found,,,https://www.youtube.com/watch?v=1Y0jeAPH_Pc,folk|world|country|trữ tình,discogs|nhaccuatui,MISSING_ORIGINAL,HIGH
song_3f53605c089c9708,Xem Như Em Chẳng May (EDM),Orinn - Topic,,,,,,,,,not_found,,,https://www.youtube.com/watch?v=Y2InPFyaryg,pop,apple_music,MISSING_ORIGINAL,HIGH
song_75d1c6248a27ed3c,Xem Như Em Chẳng May (Lofi),Orinn - Topic,,,,,,,,,not_found,,,https://www.youtube.com/watch?v=kqeiHKiT4Y4,pop|country,apple_music|allmusic,MISSING_ORIGINAL,HIGH
song_f6bbf6c2a4bc193b,Xin Anh Đừng Đến - Bảo Thy [Official],POPS MUSIC,,,,,,,,,not_found,,,https://www.youtube.com/watch?v=_BwyFGUNE64,pop,apple_music,MISSING_ORIGINAL,HIGH
song_11a7f22e2f3dbabb,Xin Lỗi,Thắng,,,,,,,,,not_found,,,https://www.youtube.com/watch?v=66aJVuGbtaA,pop|v-pop|electronic|rock|funk|soul|roll,apple_music|zingmp3|discogs,MISSING_ORIGINAL,HIGH
song_4e4b1cd44db00c0e,Xin Lỗi Vì Đã Yêu Nhau - Nguyên Hà | St. Nguyễn Minh Cường,Nguyên Hà Official,,,,,,,,,not_found,,,https://www.youtube.com/watch?v=bERFXDESDdE,pop|v-pop|rock|latin|folk|world|country|trữ tình|bolero|rumba,apple_music|zingmp3|discogs,MISSING_ORIGINAL,HIGH
song_0986ac04de3529dd,Xin Một Lần Ngoại Lệ - Trịnh Đình Quang x Keyo | OFFICIAL MV (New Cover),Trịnh Đình Quang Official,,,,,,,,,not_found,,,https://www.youtube.com/watch?v=kNPX8folSyo,v-pop,zingmp3,MISSING_ORIGINAL,HIGH
song_aa4a804832affabd,"XIN - Nhóm Nhạc ... (Đạt G, B Ray, Masew) | OFFICIAL MV",Masew,,,,,,,,,not_found,,,https://www.youtube.com/watch?v=ZVZbjw9Dk7Y,edm việt,zingmp3,MISSING_ORIGINAL,HIGH
song_32fa75f85eef6021,"Xink - Mai Phuong, Thái Sơn Beatbox | Album ITS UR GIRL | Official Music Perfomance",Top Sound Label,,,,,,,,,not_found,,,https://www.youtube.com/watch?v=jIRf8dqycrg,rock,nhaccuatui,MISSING_ORIGINAL,LOW
song_f7f9e5039d602263,Xiêu Lòng - Phạm Quỳnh Anh | Official Music Video,Phạm Quỳnh Anh Official,,,,,,,,,not_found,,,https://www.youtube.com/watch?v=Pc1Wh0EXPPs,v-pop,zingmp3,MISSING_ORIGINAL,HIGH
song_c389445730436672,"XTC (feat. RPT Groovie, tlinh & RPT MCK) [Special Version]",Phongkhin,,,,,,,,,not_found,,,https://www.youtube.com/watch?v=yqNYQk8M6Z0,soul,apple_music,MISSING_ORIGINAL,HIGH
song_847cb4c4e7fafa1d,(xuân): Hư không - Kha // EP tình,Kha,,,,,,,,,not_found,,,https://www.youtube.com/watch?v=35iQw6K_ty8,worldwide,apple_music,MISSING_ORIGINAL,HIGH
song_a096a582e95e7dac,Xuân Nghi ft. Hoàng Thống (THE SHEEP) - Không Thể Hết Buồn (Official Music Video),Xuan Nghi Official,,,,,,,,,not_found,,,https://www.youtube.com/watch?v=xRjOFhk67-c,pop,apple_music,MISSING_ORIGINAL,HIGH
song_4afec7385459f64f,Xuân Nghi - Summer Night (Official Story Video),Xuan Nghi Official,,,,,,,,,not_found,,,https://www.youtube.com/watch?v=zTqArB3Oiqo,nhạc thiếu nhi,zingmp3,MISSING_ORIGINAL,HIGH
song_5e97871d5dabb00a,XUÂN ĐỊNH K.Y l NGÔI THỨ 3 (ft. @DTraphay)  l OFFICIAL MUSIC VIDEO,Xuân Định K.Y,,,,,,,,,not_found,,,https://www.youtube.com/watch?v=zNzLJp1zlwI,new age,apple_music,MISSING_ORIGINAL,HIGH
song_9c2e4545c548cb78,YDIMITU (earlynineties) - Playboy (NOT Copyright Free),HearWeGo,,,,,,,,,not_found,,,https://www.youtube.com/watch?v=_VQ9kI_c6Bc,house,nhaccuatui,MISSING_ORIGINAL,LOW
song_c4f4d923412c1608,You,Harlachyng - Topic,,,,,,,,,not_found,,,https://www.youtube.com/watch?v=GWddBKWISvA,dance|v-pop,apple_music|zingmp3,MISSING_ORIGINAL,HIGH
song_fefcc5972bbbc543,yung kai - blue (official music video),yung kai,Khác,zingmp3_title_artist_search,https://zingmp3.vn/bai-hat/blue-yung-kai/wG2SQSIgjQ6.html,blue,yung kai,1.0,medium,"[{""id"":""A6UHaAP1adyN"",""name"":""Khác"",""title"":""Khác"",""alias"":""khac"",""link"":""/the-loai-album/Khac/A6UHaAP1adyN.html""}]; title_score=1.000; artist_score=1.000",found_needs_review,,,https://www.youtube.com/watch?v=IpFX2vq8HKw,alternative|pop,apple_music|zingmp3,MISSING_ORIGINAL,HIGH
song_a4ec294bcf5181d4,YVO - Like I Love You,We Are Diamond,,,,,,,,,not_found,,,https://www.youtube.com/watch?v=i7gNE4zxFlY,dance|rock|hard rock|oi|punk|alternative,apple_music|discogs|qobuz,MISSING_ORIGINAL,HIGH
song_d1a85ee5ee680127,Yêu Anh Cứ Để Em - Song Thư (MV),Zing MP3,,,,,,,,,not_found,,,https://www.youtube.com/watch?v=cnR1Yj7NIgE,rap,apple_music,MISSING_ORIGINAL,HIGH
song_573064d4220e0199,Yêu Anh | Miu Lê | Official MV,POPS MUSIC,,,,,,,,,not_found,,,https://www.youtube.com/watch?v=_N02Q3uTgBM,v-pop,zingmp3,MISSING_ORIGINAL,HIGH
song_7e29fac2deb3af3e,YÊU EM DẠI KHỜ | LOU HOÀNG | OFFICIAL MV,OnlyC Production,,,,,,,,,not_found,,,https://www.youtube.com/watch?v=KyXKGurjX_4,v-pop,zingmp3,MISSING_ORIGINAL,HIGH
song_d8e026b4ee26480b,Yêu Là Cưới (DinhLong Remix) - Phát Hồ X2X | Đêm Nằm Mơ Ngày Làm Thơ...,X2X Official,,,,,,,,,not_found,,,https://www.youtube.com/watch?v=qMp_2veknUM,dance việt,zingmp3,MISSING_ORIGINAL,HIGH
song_9b7b55f1349f5c8c,Yêu Là Khi (feat. Công Hoà),Lemese - Topic,,,,,,,,,not_found,,,https://www.youtube.com/watch?v=RNudr4we3iE,pop,apple_music,MISSING_ORIGINAL,HIGH
song_88b3ffdc73968d75,YÊU LÀ THA THU played by NGUYỄN VĂN PHÚC,Official TS.Phúc,,,,,,,,,not_found,,,https://www.youtube.com/watch?v=nmitERY2U-A,pop,apple_music,MISSING_ORIGINAL,HIGH
song_8d2281cfe56a18f0,Yêu Là Tha Thứ,OnlyC Production,,,,,,,,,not_found,,,https://www.youtube.com/watch?v=rbZEa5w5sFc,pop|dance việt,apple_music|zingmp3,MISSING_ORIGINAL,HIGH
song_7a157f9a4875cbb5,Yêu Lại Người Hôm Qua - Vy Oanh | Official MV,Vy Oanh Official,,,,,,,,,not_found,,,https://www.youtube.com/watch?v=Y8zsGlggHHg,pop|nhạc phim|v-pop,apple_music|zingmp3,MISSING_ORIGINAL,HIGH
song_552b6dc3304ab272,Yêu Lầm (Liveshow Thương Quá Việt Nam),Loan Châu,,,,,,,,,not_found,ZZEEWIEZ,https://zingmp3.vn/bai-hat/Yeu-Lam-Liveshow-Thuong-Qua-Viet-Nam-Loan-Chau/ZZEEWIEZ.html,,pop,apple_music,MISSING_ORIGINAL,HIGH
song_59946eaff44a3559,Yêu Một Người Có Lẽ (feat. Miu Lê),Lou Hoàng OFFICIAL,,,,,,,,,not_found,,,https://www.youtube.com/watch?v=HOxWN893k9k,soul|v-pop,apple_music|zingmp3,MISSING_ORIGINAL,HIGH
song_7bfcb6bd89247e67,Yêu Một Người Có Lẽ - Lou Hoàng - Miu Lê | Miu Lê Official,Miu Lê Official,,,,,,,,,not_found,,,https://www.youtube.com/watch?v=AmduqflT79M,v-pop|pop|chanson,zingmp3|discogs,MISSING_ORIGINAL,HIGH
song_c534e8c7b99e9a69,Yêu Một Người Vô Tâm | Bảo Anh | Official MV | Sáng tác: Mr. Siro,POPS MUSIC,,,,,,,,,not_found,,,https://www.youtube.com/watch?v=6bqGjHujGkY,pop|v-pop,apple_music|zingmp3,MISSING_ORIGINAL,HIGH
song_b352c5e8d6503a0b,Yêu Người Có Ước Mơ / buitruonglinh,buitruonglinh,,,,,,,,,not_found,,,https://www.youtube.com/watch?v=6r7jzy1LABY,pop|v-pop,apple_music|zingmp3,MISSING_ORIGINAL,HIGH
song_c3a73e585af9379d,"YÊU RỒI, PHẢI LÀM SAO? | HAN SARA | Official MV",Han Sara,,,,,,,,,not_found,,,https://www.youtube.com/watch?v=n4vpX5_bp1w,pop|electronic|pop rock|downtempo,apple_music|discogs,MISSING_ORIGINAL,HIGH
song_3139f806fa189c16,Yêu Thương Giờ Là Quá Khứ,Le Quyen,,,,,,,,,not_found,ZW68OUBO,https://zingmp3.vn/bai-hat/Yeu-Thuong-Gio-La-Qua-Khu-Le-Quyen/ZW68OUBO.html,,pop|ballad|v-pop|vietnamese bolero,apple_music|musicbrainz,MISSING_ORIGINAL,HIGH
song_67eaa19e98d2429d,Yêu Thương Đã Nhạt Nhòa Remix - SaKa Trương Tuyền,Music SaKa Truong Tuyen,,,,,,,,,not_found,,,https://www.youtube.com/watch?v=Yj8up5a37aw,pop|dance việt,apple_music|zingmp3,MISSING_ORIGINAL,HIGH
song_bac7dea819b2e5ae,Yêu Vội Vàng - Lê Bảo Bình,NhacPro Tube,,,,,,,,,not_found,,,https://www.youtube.com/watch?v=qaKAaOKohbI,v-pop,zingmp3,MISSING_ORIGINAL,HIGH
song_578b828c18a78cbe,YÊU YÊU YÊU MASHUP (HƯƠNG MÙA HÈ EP.02),Release - Topic,,,,,,,,,not_found,,,https://www.youtube.com/watch?v=yrKVfWNmzgE,pop,apple_music,MISSING_ORIGINAL,HIGH
song_86945e1a2c179568,Yêu Đơn Phương (feat. Karik),OnlyC Production,,,,,,,,,not_found,,,https://www.youtube.com/watch?v=li9v0lvjpKc,pop|v-pop,apple_music|zingmp3,MISSING_ORIGINAL,HIGH
song_452ec2fe645a1537,Yêu Đơn Phương | Saka Trương Tuyền | Official MV,POPS MUSIC,Khác,zingmp3_title_artist_search,https://zingmp3.vn/bai-hat/Yeu-don-phuong-PTN-MUSIC/nVYmMQtu3JJ5.html,Yêu đơn phương,PTN MUSIC,0.934,medium,"[{""id"":""A6UHaAP1adyN"",""name"":""Khác"",""title"":""Khác"",""alias"":""khac"",""link"":""/the-loai-album/Khac/A6UHaAP1adyN.html""}]; title_score=1.000; artist_score=0.737",found_needs_review,,,https://www.youtube.com/watch?v=3Yf1NOc9jQM,v-pop,zingmp3,MISSING_ORIGINAL,HIGH
song_1559b27f93720158,YÊU ĐỂ TRỞ THÀNH NGƯỜI XẤU - TRỊNH THĂNG BÌNH | OST “EM” LÀ CỦA EM | K.C 08.01.2021,YEAH1 MUSIC,,,,,,,,,not_found,,,https://www.youtube.com/watch?v=HcU4P-63S4Q,electronic|hard house|hard trance|house,discogs,MISSING_ORIGINAL,HIGH
song_5d999c81d4e74558,Yêu Đừng Sợ Đau,Ngô Lan Hương,,,,,,,,,not_found,,,https://www.youtube.com/watch?v=C1POvMK5rcE,pop|v-pop,apple_music|zingmp3,MISSING_ORIGINAL,HIGH
song_1788366f42ff0c65,Yêu Đừng Sợ Đau - Ngô Lan Hương「Cukak Remix」/ Audio Lyrics Video,Cukak,,,,,,,,,not_found,,,https://www.youtube.com/watch?v=IiVC7omXhUQ,pop,apple_music,MISSING_ORIGINAL,HIGH
song_ba0482b1601e49ff,Zach Bryan - Something In The Orange,Zach Bryan,,,,,,,,,not_found,,,https://www.youtube.com/watch?v=lA8F9sIhGdg,country|folk|world,apple_music|discogs,MISSING_ORIGINAL,HIGH
song_529cd60ab6688948,Zara Larsson - Midnight Sun (Official Music Video),Zara Larsson,,,,,,,,,not_found,,,https://www.youtube.com/watch?v=uvY8fdgezLQ,pop|electronic|dance,apple_music|zingmp3,MISSING_ORIGINAL,HIGH
song_77bbd5fbaa2e4524,ZERO 9 - 'JOKER' |  Official MV,TNT Production,,,,,,,,,not_found,,,https://www.youtube.com/watch?v=iyN0ZYLzK0c,house,nhaccuatui|allmusic|shazam|nhac_vn|qobuz|youtube,MISSING_ORIGINAL,HIGH
song_1d553ad4284e6e21,ZERO 9 - 'PINOCCHIO' MV (Acoustic version) Official,TNT Production,,,,,,,,,not_found,,,https://www.youtube.com/watch?v=rjuGOm-gplQ,house,nhaccuatui|nhac_vn|shazam|allmusic|qobuz|youtube,MISSING_ORIGINAL,HIGH
song_7cdf301d1c41ab4c,ZERO 9 - 'PINOCCHIO' | Official MV,TNT Production,,,,,,,,,not_found,,,https://www.youtube.com/watch?v=_SYnlUrnQiU,house,nhaccuatui|nhac_vn|shazam|allmusic|qobuz|youtube,MISSING_ORIGINAL,HIGH
song_30b57cbe2e8d74e1,ZERO 9 - 'POM' | Official MV,TNT Production,,,,,,,,,not_found,,,https://www.youtube.com/watch?v=eiKlfxStzWs,house,nhaccuatui|nhac_vn|shazam|allmusic|qobuz|youtube,MISSING_ORIGINAL,HIGH
song_e8dd89947ae30f33,ZERO 9 - 'WHY' Official MV (Jetstar Project),TNT Production,,,,,,,,,not_found,,,https://www.youtube.com/watch?v=s0oFc0qqXAQ,house,nhaccuatui|nhac_vn|allmusic|shazam|qobuz|youtube,MISSING_ORIGINAL,HIGH
song_31d53656cb8a3e0f,Zymek - Ascendent,HearWeGo,,,,,,,,,not_found,,,https://www.youtube.com/watch?v=im2GQSC1W3A,latin,youtube,MISSING_ORIGINAL,LOW
song_ba245fcc49813e63,Zymek - Tomorrow,HearWeGo,,,,,,,,,not_found,,,https://www.youtube.com/watch?v=-ZaTiZMIaXg,electronic,shazam,MISSING_ORIGINAL,LOW
song_4bbf5732be259642,Zyphyr - Otherworld,HearWeGo,,,,,,,,,not_found,,,https://www.youtube.com/watch?v=HULcwvcTf2c,house,youtube,MISSING_ORIGINAL,LOW
song_a1275263911d2742,Ái Nộ (Chuyện Chưa Kể),Masew,,,,,,,,,not_found,,,https://www.youtube.com/watch?v=imka4F8_BDk,pop|v-pop,apple_music|zingmp3,MISSING_ORIGINAL,HIGH
song_5978553a3de87ee5,Ái Nộ (Remix),Masew,,,,,,,,,not_found,,,https://www.youtube.com/watch?v=WgEDptZ315I,pop,apple_music,MISSING_ORIGINAL,HIGH
song_96ca4a8797db34b3,Ánh nắng của anh,ĐỨC PHÚC OFFICIAL,,,,,,,,,not_found,,,https://www.youtube.com/watch?v=gJpDNM-PM9Q,pop|v-pop|folk|world|country|ballad|dance-pop|edm,apple_music|zingmp3|discogs|musicbrainz,MISSING_ORIGINAL,HIGH
song_aefbbcb110d3cc33,Ánh Sáng Của Mẹ | Hiền Thục | Music Video,Hiền Thục,,,,,,,,,not_found,,,https://www.youtube.com/watch?v=fO5iiMMcXWY,pop|ballad|vocal|v-pop,apple_music|discogs,MISSING_ORIGINAL,HIGH
song_44f11baa3cc1f595,Ôm - The Wall Nutszz,The Wall Nutszz,,,,,,,,,not_found,,,https://www.youtube.com/watch?v=S-UcIievT3c,house,nhaccuatui,MISSING_ORIGINAL,LOW
song_a2d1754d223624e6,Ông Bà Anh - Lê Thiện Hiếu | Official Audio | Sing My Song 2016,VIVA SHOW,,,,,,,,,not_found,,,https://www.youtube.com/watch?v=T6ThI71oIr4,pop|edm việt,apple_music|zingmp3,MISSING_ORIGINAL,HIGH
song_847d0d40365faf39,Ông Xã Em Number One - DON NGUYEN,DON NGUYEN OFFICIAL,,,,,,,,,not_found,,,https://www.youtube.com/watch?v=UlI-HIHLCEg,pop|v-pop,apple_music|zingmp3,MISSING_ORIGINAL,HIGH
song_13f880b445b20fc1,Ý EM SAO ( Lyric)  KAY TRAN x LANG LD x HOMIE BOIZ,Music SadnessP,,,,,,,,,not_found,,,https://www.youtube.com/watch?v=tS6NH71ViCQ,latin,nhaccuatui|shazam|nhac_vn|allmusic|qobuz|youtube,MISSING_ORIGINAL,HIGH
song_f0079cfa4e9968c4,Ăn Trông Nồi Ngồi Trông Hướng,ICM Entertainment,,,,,,,,,not_found,,,https://www.youtube.com/watch?v=c2ZcU9NXlU4,pop|v-pop|edm việt,apple_music|zingmp3,MISSING_ORIGINAL,HIGH
song_64e53abbfdfe43e1,Đau Để Trưởng Thành,OnlyC Production,,,,,,,,,not_found,,,https://www.youtube.com/watch?v=S4RtAecLNiE,pop|v-pop,apple_music|zingmp3,MISSING_ORIGINAL,HIGH
song_293222b4163c680e,ĐAU ĐỂ TRƯỞNG THÀNH - ONLYC | HƯƠNG LY COVER,Nguyễn Hương Ly Official,,,,,,,,,not_found,,,https://www.youtube.com/watch?v=tooO2A-RNy0,electronic|jazz|folk|world|country|contemporary jazz,discogs,MISSING_ORIGINAL,HIGH
song_2acc8cbf816ea79e,ĐAU ĐỂ TRƯỞNG THÀNH | ONLYC | OFFICIAL MV,OnlyC Production,,,,,,,,,not_found,,,https://www.youtube.com/watch?v=eoJecvGMR6E,v-pop|rock|non-music|hardcore|punk|spoken word|avantgarde,zingmp3|discogs,MISSING_ORIGINAL,HIGH
song_7a86b5b03f424cfb,Đen - Cô Gái Bàn Bên ft. Lynk Lee (w/lyrics),Đen Vâu Official,,,,,,,,,not_found,,,https://www.youtube.com/watch?v=CPkGTSW34_I,country,allmusic,MISSING_ORIGINAL,LOW
song_fdef48aa02b7ff2b,Đen - Cảm ơn ft. Biên (M/V),Đen Vâu Official,,,,,,,,,not_found,,,https://www.youtube.com/watch?v=3an192aq0wQ,hip hop|rap,apple_music,MISSING_ORIGINAL,HIGH
song_bd0eac4bef229e12,Đen ft. MIN - Bài Này Chill Phết (M/V),Đen Vâu Official,,,,,,,,,not_found,,,https://www.youtube.com/watch?v=ddaEtFOsFeM,hip hop|rap,apple_music,MISSING_ORIGINAL,HIGH
song_eb3bcd27b08fbb0f,Đen - hai triệu năm ft. Biên (m/v),Đen Vâu Official,,,,,,,,,not_found,,,https://www.youtube.com/watch?v=LSMDNL4n0kM,electronic|house,nhaccuatui|youtube,MISSING_ORIGINAL,HIGH
song_d456855b2277f04d,Đen - Lối Nhỏ ft. Phương Anh Đào (M/V),Đen Vâu Official,,,,,,,,,not_found,,,https://www.youtube.com/watch?v=KKc_RMln5UY,hip hop|rap,apple_music,MISSING_ORIGINAL,HIGH
song_6fa545fb4a5573d9,Đen - Mang Tiền Về Cho Mẹ ft. Nguyên Thảo (M/V),Đen Vâu Official,,,,,,,,,not_found,,,https://www.youtube.com/watch?v=UVbv-PJXm14,hip hop|rap,apple_music,MISSING_ORIGINAL,HIGH
song_8a2e3017563e4629,Đen x JustaTee - Đi Về Nhà (M/V),Đen Vâu Official,,,,,,,,,not_found,,,https://www.youtube.com/watch?v=vTJdVE_gjI0,alternative,web_search,MISSING_ORIGINAL,LOW
song_0f707e8ce82e5166,Đen x JustaTee - Đố em biết anh đang nghĩ gì ft. Biên (M/V) | Madihu Remix,Đen Vâu Official,,,,,,,,,not_found,,,https://www.youtube.com/watch?v=UA-_--OS6i0,hip hop|dance,nhac_vn,MISSING_ORIGINAL,LOW
song_432f56fa07276e43,Đen x Kimmese x Lynk Lee - Mashup Rapcoustic 5,Đen Vâu Official,,,,,,,,,not_found,,,https://www.youtube.com/watch?v=59IKR_YVeps,hip hop|rap|alternative,apple_music|qobuz,MISSING_ORIGINAL,HIGH
song_df1be046c780cb7f,Đen - Đi Theo Bóng Mặt Trời ft. Giang Nguyễn (M/V),Đen Vâu Official,,,,,,,,,not_found,,,https://www.youtube.com/watch?v=XszJkmsrccI,hip hop|rap,apple_music,MISSING_ORIGINAL,HIGH
song_0fd133514a73455f,"Đen - Đi Theo Bóng Mặt Trời ft. Tăng Ngân Hà, Maius Philharmonic",Đen Vâu Official,,,,,,,,,not_found,,,https://www.youtube.com/watch?v=qAQHz2zPFFQ,house,nhac_vn,MISSING_ORIGINAL,LOW
song_2eab560d1f1ac1ff,Đen - Đừng gọi anh là idol ft. Lynk Lee (Official Video),Đen Vâu Official,,,,,,,,,not_found,,,https://www.youtube.com/watch?v=EDnX5ShKfbI,hip hop|rap,apple_music,MISSING_ORIGINAL,HIGH
song_2b7755aaa2f3b6b1,Đi Chùa Cầu Duyên,ĐỨC PHÚC OFFICIAL,,,,,,,,,not_found,,,https://www.youtube.com/watch?v=LSomzWZuF0I,alternative folk|rap,apple_music|nhaccuatui|shazam|allmusic|nhac_vn|qobuz|youtube,MISSING_ORIGINAL,HIGH
song_5dca55810abb04b8,ĐI CHÙA CẦU DUYÊN - ĐỨC PHÚC | OFFICIAL MUSIC VIDEO | VALENTINE 2024,ĐỨC PHÚC OFFICIAL,,,,,,,,,not_found,,,https://www.youtube.com/watch?v=Sgnvq0fhGHA,alternative folk|rap,apple_music|nhaccuatui|nhac_vn|shazam|allmusic|qobuz|youtube,MISSING_ORIGINAL,HIGH
song_e9132de10ab3ea60,ĐI QUA NHỮNG MÙA MƯA BAY - N.THẢO | Official Music Video,Nguyễn Thị Thảo,,,,,,,,,not_found,,,https://www.youtube.com/watch?v=4YaWT5rW4oQ,pop|v-pop|rap,apple_music|zingmp3|nhaccuatui|nhac_vn|shazam|allmusic|qobuz|youtube,MISSING_ORIGINAL,HIGH
song_dfac4b99b6994b18,Đi Về Nhà,Đen Vâu Official,,,,,,,,,not_found,,,https://www.youtube.com/watch?v=SfVqTHW5cIU,hip hop|rap|v-pop|tết,apple_music|zingmp3,MISSING_ORIGINAL,HIGH
song_16daa8a474948770,ĐI ĐỂ TRỞ VỀ 2 OFFICIAL | CHUYẾN ĐI CỦA NĂM | SOOBIN HOÀNG SƠN x BITI'S HUNTER,1989s Entertainment,,,,,,,,,not_found,,,https://www.youtube.com/watch?v=XWhdbZ9-uGA,rap,nhaccuatui|nhac_vn|shazam|allmusic|qobuz|youtube,MISSING_ORIGINAL,HIGH
song_335cb19c4fb8ac2a,ĐI ĐỂ TRỞ VỀ 3 OFFICIAL | SẼ HỨA ĐI CÙNG NHAU | SOOBIN HOÀNG SƠN x DA LAB x BITI’S HUNTER,1989s Entertainment,,,,,,,,,not_found,,,https://www.youtube.com/watch?v=mgKgyeg1B4E,rap,nhaccuatui|nhac_vn|shazam|allmusic|qobuz|youtube,MISSING_ORIGINAL,HIGH
song_408e88fa288911b6,ĐI ĐỂ TRỞ VỀ 5 | TẾT CHỈ CẦN ĐƯỢC TRỞ VỀ - PHẦN 1 | HƯƠNG TRÀM x TIÊN COOKIE x BITI’S HUNTER,1989s Entertainment,,,,,,,,,not_found,,,https://www.youtube.com/watch?v=Y10LTGdkIJ0,rap,nhaccuatui|shazam|nhac_vn|allmusic|qobuz|youtube,MISSING_ORIGINAL,HIGH
song_8f62766f93eb52a7,ĐI ĐỂ TRỞ VỀ 5 | TẾT CHỈ CẦN ĐƯỢC TRỞ VỀ - PHẦN 2 | HƯƠNG TRÀM x TIÊN COOKIE x BITI’S HUNTER,1989s Entertainment,,,,,,,,,not_found,,,https://www.youtube.com/watch?v=wCuKXlebJoM,rap,nhaccuatui|nhac_vn|shazam|allmusic|qobuz|youtube,MISSING_ORIGINAL,HIGH
song_52d7fcc1613f6efb,ĐI ĐỂ TRỞ VỀ | SOOBIN HOÀNG SƠN x BITI'S HUNTER | OFFICIAL MUSIC VIDEO,1989s Entertainment,,,,,,,,,not_found,,,https://www.youtube.com/watch?v=wnSNyE2hVu4,rap,nhaccuatui|nhac_vn|allmusic|shazam|qobuz|youtube,MISSING_ORIGINAL,HIGH
song_60e4a2e4feb1e7ac,​Điều Buồn Nhất (Remix),"Kai Đinh, Nemo",,,,,,,,,not_found,ZW7EU66W,https://zingmp3.vn/bai-hat/Dieu-Buon-Nhat-Remix-Kai-Dinh-Nemo/ZW7EU66W.html,,pop,apple_music,MISSING_ORIGINAL,HIGH
song_05917420c23c7d9f,ĐIỀU EM CẦN CHỈ LÀ ANH | MINH HẰNG | OFFICIAL MUSIC VIDEO,Minh Hằng Official,,,,,,,,,not_found,,,https://www.youtube.com/watch?v=6ji4nC_EMKE,pop,apple_music,MISSING_ORIGINAL,HIGH
song_2254d97a8add1539,Điều Em Lo Sợ | Hiền Thục | Official MV,POPS MUSIC,,,,,,,,,not_found,,,https://www.youtube.com/watch?v=k23y1wBkfqI,pop|v-pop,apple_music|zingmp3,MISSING_ORIGINAL,HIGH
song_280e6b5a788d0c61,ĐIỀU KHÁC LẠ - ĐẠTG X NGỌC HALEYY (Masew Mix),Masew,,,,,,,,,not_found,,,https://www.youtube.com/watch?v=jRPjLb3ZjCo,dance|rap việt,apple_music|zingmp3,MISSING_ORIGINAL,HIGH
song_41edb0037b69ca5a,ĐIỀU TUYỆT VỜI | MỸ TÂM | OFFICIAL MUSIC VIDEO,YEAH1 MUSIC,,,,,,,,,not_found,,,https://www.youtube.com/watch?v=IJheEMB7dJU,hip hop|rap|electronic|eurobeat,apple_music|discogs,MISSING_ORIGINAL,HIGH
song_8d501a34f7f662b6,Điều Tự Nhiên,Lam Chan Khang,,,,,,,,,not_found,ZW688IOW,https://zingmp3.vn/bai-hat/Dieu-Tu-Nhien-Lam-Chan-Khang/ZW688IOW.html,,pop,apple_music,MISSING_ORIGINAL,HIGH
song_7fdc45f6da85fe79,ĐIỀU ƯỚC MÙA XUÂN - HỒ QUANG HIẾU | OFFICIAL MUSIC VIDEO,Hồ Quang Hiếu TV,,,,,,,,,not_found,,,https://www.youtube.com/watch?v=Nr9SmQs6PD4,mandopop,apple_music,MISSING_ORIGINAL,HIGH
song_a4adadeefe3d7e9c,Đoàn Thúy Trang - Tình Yêu Màu Nắng (feat. Big Daddy) (Official Music Video),Film Ninja Productions,,,,,,,,,not_found,,,https://www.youtube.com/watch?v=D-6JDufCJ1Y,pop,apple_music,MISSING_ORIGINAL,HIGH
song_b1ba480c31f4dda5,ĐOÁ PHÙ DUNG CUỐI CÙNG - ĐỨC PHÚC x HÙNG HUỲNH x ĐĂNG QUÂN | SPECIAL VERSION,ĐỨC PHÚC OFFICIAL,,,,,,,,,not_found,,,https://www.youtube.com/watch?v=aXqwQ_ZjY2A,v-pop|pop,zingmp3|nhaccuatui,MISSING_ORIGINAL,HIGH
song_e9f30d5d71e99421,‘ĐÀ LẠT CỦA CHÚNG TA’ - VICKY NHUNG | OFFICIAL MUSIC VIDEO,Vicky Nhung,,,,,,,,,not_found,,,https://www.youtube.com/watch?v=wy5xcT_ssIY,pop|v-pop,apple_music|zingmp3,MISSING_ORIGINAL,HIGH
song_14f41d40058a561e,"ĐÀ LẠT SHOW - EM LÀ NHẤT MIỀN TÂY - VÕ LÊ MI ft JIN TUẤN NAM , VŨ ĐOÀN AMA",Võ Lê Mi OFFICIAL,,,,,,,,,not_found,,,https://www.youtube.com/watch?v=3M_aQ_9Lmbs,v-pop,zingmp3,MISSING_ORIGINAL,HIGH
song_7ced2b58dd27c048,ĐÀN SÁO HẬU GIANG (2019) - Đàn Bầu PHẠM ĐỨC THÀNH,MONOCHORD MUSICIANS PHAM DUC THANH,,,,,,,,,not_found,,,https://www.youtube.com/watch?v=3BzpFULiOtc,electronic,allmusic,MISSING_ORIGINAL,LOW
song_a38d38a956ea0c18,Đàn Sáo Hậu Giang - Văn Hương (Hành Trình 13 Tỉnh Miền Tây),Nam Viet Bolero,,,,,,,,,not_found,,,https://www.youtube.com/watch?v=NJojUP3MXZs,pop|country,apple_music|qobuz,MISSING_ORIGINAL,HIGH
song_1b6d2ef1ec072df3,Đành Thôi Quên Lãng - Khánh Phương (MV OFFICIAL),Khánh Phương Tube,,,,,,,,,not_found,,,https://www.youtube.com/watch?v=uXMHI8z0WVc,pop,apple_music,MISSING_ORIGINAL,HIGH
song_a82af28e9e04c52f,Đánh Cắp Mặt Trời - Mang Điện Đến Muôn Nơi,Gia Đình Lớn,,,,,,,,,not_found,,,https://www.youtube.com/watch?v=yz7dyDJdmJk,pop|country,apple_music|nhac_vn,MISSING_ORIGINAL,HIGH
song_c11bff722beb02b2,ĐÂU AI NGỜ (#DAN) | OFFICIAL MV FULL 4K | CHI DÂN,Chi Dân,,,,,,,,,not_found,,,https://www.youtube.com/watch?v=eLkrTIlcP3I,pop|dance việt|edm việt|folk|world|country|trữ tình|house,apple_music|zingmp3|discogs|nhaccuatui|nhac_vn|shazam|allmusic|qobuz|youtube,MISSING_ORIGINAL,HIGH
song_1d03a3f69a1021e2,ĐÂU CÒN ĐÂY | LEE KEN x NAL | OFFICIAL MUSIC VIDEO ||  Mênh mông không còn em ... || Nhạc hit titok,ECM SQUAD Official,,,,,,,,,not_found,,,https://www.youtube.com/watch?v=lcLvrF0FKjI,house,nhaccuatui|nhac_vn|shazam|allmusic|qobuz|youtube,MISSING_ORIGINAL,HIGH
song_0bde58fade2739e9,"ĐÂU CÓ ĐƯỢC | OFFICIAL MUSIC VIDEO | (G5R) Lục Lăng Ft Jombie, Dế Choắt, Afan",G5R SQUAD Official,,,,,,,,,not_found,,,https://www.youtube.com/watch?v=wVLZyCeqBlI,rap|v-pop|house,apple_music|zingmp3|nhaccuatui|shazam|nhac_vn|allmusic|qobuz|youtube,MISSING_ORIGINAL,HIGH
song_65c02ba0f5b6dc1f,"ĐÂY LÀ MỘT MÙA TẾT VUI | NGÔ KIẾN HUY ft MẠC VĂN KHOA, LĂNG LD | Official Music Video",Ngô Kiến Huy,,,,,,,,,not_found,,,https://www.youtube.com/watch?v=GLi-cNAwQ0E,pop,web_search,MISSING_ORIGINAL,LOW
song_3f8d3928e495888c,Đã Từng Là / Vũ. (Official MV),Vũ Official,,,,,,,,,not_found,,,https://www.youtube.com/watch?v=8mMADtcLHrc,pop,apple_music,MISSING_ORIGINAL,HIGH
song_582b5b99898bc7b0,ĐÃ TỪNG NHƯ THẾ - NGUYÊN HÀ | OFFICIAL MUSIC VIDEO,Nguyên Hà Official,,,,,,,,,not_found,,,https://www.youtube.com/watch?v=-mKrsOOWYqI,pop|v-pop|folk|world|country|ballad|vocal,apple_music|zingmp3|discogs,MISSING_ORIGINAL,HIGH
song_ea71b24a73f47240,ĐÊM 30 TẾT - HOÀI LÂM | OFFICIAL MUSIC VIDEO - Nhạc Tết 2025,Hoài Lâm,,,,,,,,,not_found,,,https://www.youtube.com/watch?v=QuzjDJCsF7U,pop|trữ tình|tết,apple_music|zingmp3,MISSING_ORIGINAL,HIGH
song_c223934cea529c68,Đêm Có Mưa Rơi,Cam Ly,,,,,,,,,not_found,ZWZCW6DB,https://zingmp3.vn/bai-hat/Dem-Co-Mua-Roi-Cam-Ly/ZWZCW6DB.html,,worldwide|folk|pop|v-pop,apple_music|musicbrainz,MISSING_ORIGINAL,HIGH
song_53cd04353dc285d0,ĐÊM NAY KHÔNG NGỦ - KARIK | OFFICIAL MUSIC VIDEO,KARIK,,,,,,,,,not_found,,,https://www.youtube.com/watch?v=9csbLKnwWiQ,hip hop|rap|rap việt,apple_music|zingmp3,MISSING_ORIGINAL,HIGH
song_8e5eb648c7eaad0a,Đôi Bàn Tay,Bá»©c TÆ°á»ng,,,,,,,,,not_found,ZWZ9Z0DC,https://zingmp3.vn/bai-hat/Doi-Ban-Tay-Buc-Tuong/ZWZ9Z0DC.html,,rap,nhaccuatui|nhac_vn|allmusic|shazam|qobuz|youtube,MISSING_ORIGINAL,HIGH
song_af25578e550d6c03,Đôi Mắt | Wanbi Tuấn Anh | St: Nguyễn Hải Phong | Official MV,POPS MUSIC,,,,,,,,,not_found,,,https://www.youtube.com/watch?v=kRdqTNhHulw,rap,nhaccuatui|shazam|nhac_vn|allmusic|qobuz|youtube,MISSING_ORIGINAL,HIGH
song_07e212432c86073c,Đông Kiếm Em,Vũ Official,,,,,,,,,not_found,,,https://www.youtube.com/watch?v=9TuX0DAVGmI,pop|v-pop|folk|world|country|stage|screen|trữ tình|interview,apple_music|zingmp3|discogs,MISSING_ORIGINAL,HIGH
song_ccff69ac53eb86ed,ĐÔNG KIẾM EM / Vũ. (Original),Vũ Official,,,,,,,,,not_found,,,https://www.youtube.com/watch?v=NLBTbCfR-Fg,pop,apple_music,MISSING_ORIGINAL,HIGH
song_3b21e4e28a21b28b,ĐÔNG NHI - BAD BOY | OFFICIAL MUSIC VIDEO,ĐÔNG NHI,,,,,,,,,not_found,,,https://www.youtube.com/watch?v=choXB5fYx2k,pop|dance việt,apple_music|zingmp3,MISSING_ORIGINAL,HIGH
song_1dded2b178b59007,ĐÔNG NHI - CÔ BA SÀI GÒN OST | OFFICIAL MUSIC VIDEO,ĐÔNG NHI,,,,,,,,,not_found,,,https://www.youtube.com/watch?v=mOzTJgqTQeg,pop|v-pop,apple_music|zingmp3,MISSING_ORIGINAL,HIGH
song_e29e0feb538cf79a,ĐÔNG NHI - GIẢ VỜ SAY | OFFICIAL MUSIC VIDEO,ĐÔNG NHI,,,,,,,,,not_found,,,https://www.youtube.com/watch?v=jKKH0xohXRE,pop|v-pop|folk|world|country|stage|screen|trữ tình|interview,apple_music|zingmp3|discogs,MISSING_ORIGINAL,HIGH
song_1eb26c310d7c7524,ĐÔNG NHI - GỌI EM ĐI ft. TIKTOK | OFFICIAL DANCE VIDEO,ĐÔNG NHI,,,,,,,,,not_found,,,https://www.youtube.com/watch?v=VRK3txWW7e4,v-pop,zingmp3,MISSING_ORIGINAL,HIGH
song_82080488722e1744,ĐÔNG NHI - KHI CON LÀ MẸ | OFFICIAL MUSIC VIDEO,ĐÔNG NHI,,,,,,,,,not_found,,,https://www.youtube.com/watch?v=AHdiKUE8Q_Q,pop|v-pop,apple_music|zingmp3,MISSING_ORIGINAL,HIGH
song_4b5351a681321f04,ĐÔNG NHI - LOVE ME TOO | OFFICIAL MUSIC VIDEO,ĐÔNG NHI,,,,,,,,,not_found,,,https://www.youtube.com/watch?v=JG6ejXG_zvs,songwriter|v-pop,apple_music|zingmp3,MISSING_ORIGINAL,HIGH
song_8374cc3c48c93670,ĐÔNG NHI - LỜI THÚ TỘI NGỌT NGÀO | OFFICIAL MUSIC VIDEO,ĐÔNG NHI,,,,,,,,,not_found,,,https://www.youtube.com/watch?v=5A4i9FSbWXY,pop|v-pop,apple_music|zingmp3|discogs,MISSING_ORIGINAL,HIGH
song_196f27adb03454e7,ĐÔNG NHI - NGỌT NGÀO | OFFICIAL MUSIC VIDEO,ĐÔNG NHI,,,,,,,,,not_found,,,https://www.youtube.com/watch?v=ZJWye6vG3vY,pop|v-pop,apple_music|zingmp3,MISSING_ORIGINAL,HIGH
song_3f10d7f31673c34d,ĐÔNG NHI - NHỮNG THÁNG NĂM TƯƠI ĐẸP (Official Music Video),ĐÔNG NHI,,,,,,,,,not_found,,,https://www.youtube.com/watch?v=2In66kueIcc,pop|v-pop,apple_music|zingmp3,MISSING_ORIGINAL,HIGH
song_405b269c61742f48,ĐÔNG NHI - SAO CHẲNG THỂ VÌ EM | OFFICIAL MUSIC VIDEO,ĐÔNG NHI,,,,,,,,,not_found,,,https://www.youtube.com/watch?v=JFQ8szr_KMk,pop|v-pop,apple_music|zingmp3,MISSING_ORIGINAL,HIGH
song_eaddfc17fbaea23e,ĐÔNG NHI - XIN ANH ĐỪNG | OFFICIAL MUSIC VIDEO,ĐÔNG NHI,,,,,,,,,not_found,,,https://www.youtube.com/watch?v=uYn2S4MJU5A,pop|v-pop,apple_music|zingmp3,MISSING_ORIGINAL,HIGH
song_88b4c42053584bce,ĐÔNG NHI - XIN LỖI ANH QUÁ PHIỀN | OFFICIAL MUSIC VIDEO,ĐÔNG NHI,,,,,,,,,not_found,,,https://www.youtube.com/watch?v=oOLYV-wMq8c,pop|v-pop,apple_music|zingmp3,MISSING_ORIGINAL,HIGH
song_d8e5745294c127a7,ĐÔNG NHI - ĐÔI MI EM ĐANG U SẦU FT. WOWY | OFFICIAL MUSIC VIDEO #DMEDUS,ĐÔNG NHI,,,,,,,,,not_found,,,https://www.youtube.com/watch?v=1YuOQnZm1no,pop|v-pop,apple_music|zingmp3,MISSING_ORIGINAL,HIGH
song_fcd8eb6164ce0614,đưa em về nhàa - GREY D x CHILLIES | Official Music Video,ST.319 Entertainment,,,,,,,,,not_found,,,https://www.youtube.com/watch?v=wvcSGGdnnII,pop,qobuz,MISSING_ORIGINAL,LOW
song_d18e1748b811a4a6,Đưa Nhau Đi Khắp Thế Gian | Phương Vy x Sean Trace (Official Music Video),Phuong Vy,,,,,,,,,not_found,,,https://www.youtube.com/watch?v=qNQe8RvdhZE,alternative,youtube,MISSING_ORIGINAL,LOW
song_8a7043a0d2e9e810,ĐƯỜNG CHÂN TRỜI - CHILLIES (OFFICIAL MUSIC VIDEO),Chillies,,,,,,,,,not_found,,,https://www.youtube.com/watch?v=HTSqRkVpL9E,pop|v-pop,apple_music|zingmp3,MISSING_ORIGINAL,HIGH
song_98f8d2adfedc3ff4,Đường Tôi Chở Em Về / buitruonglinh | Lyrics Video |,buitruonglinh,,,,,,,,,not_found,,,https://www.youtube.com/watch?v=OuNo8Tkb3lI,pop|v-pop,apple_music|zingmp3,MISSING_ORIGINAL,HIGH
song_c73182fa1ed6b5e6,ĐẠI LỘ MẶT TRỜI - CHILLIES (Official Music Video),Chillies,,,,,,,,,not_found,,,https://www.youtube.com/watch?v=lMKfZwnHzig,pop|rap việt,apple_music|zingmp3,MISSING_ORIGINAL,HIGH
song_4ce63732165ed055,Đạt G - Anh Tự Do Nhưng Cô Đơn | Live at #DearOcean @DatGMusic ​,88 Music Label,,,,,,,,,not_found,,,https://www.youtube.com/watch?v=rcctLyl8YKM,rap,nhaccuatui|nhac_vn|shazam|allmusic|qobuz|youtube,MISSING_ORIGINAL,HIGH
song_05c7ad3634981d3c,Đạt G - Buồn Không Em | Live at #DearOcean @DatGMusic,88 Music Label,,,,,,,,,not_found,,,https://www.youtube.com/watch?v=UN5XoJY1s18,rap,nhaccuatui|shazam|nhac_vn|allmusic|qobuz|youtube,MISSING_ORIGINAL,HIGH
song_127f690acbcd1735,Đạt G - Hành Trang Chuyện Buồn | Official MV,DatG Music,,,,,,,,,not_found,,,https://www.youtube.com/watch?v=l5FAAmGyV1k,pop|v-pop|rap,apple_music|zingmp3|nhaccuatui|nhac_vn|shazam|allmusic|qobuz|youtube,MISSING_ORIGINAL,HIGH
song_53b21c9dc5ba25e9,Đạt G - Ngày Mai Em Đi Mất | Live at #DearOcean @DatGMusic,88 Music Label,,,,,,,,,not_found,,,https://www.youtube.com/watch?v=P0l29D5KgOw,rap,nhaccuatui|shazam|allmusic|nhac_vn|qobuz|youtube,MISSING_ORIGINAL,HIGH
song_62ba10a372a3ee4e,Đẹp Mãi Quê Hương Tôi,"Mặt Trời Đỏ, Hải Lưu",,,,,,,,,not_found,Z790FWFW,https://zingmp3.vn/bai-hat/Dep-Mai-Que-Huong-Toi-Mat-Troi-Do-Hai-Luu/Z790FWFW.html,,country|folk|world,apple_music|discogs,MISSING_ORIGINAL,HIGH
song_faea4c23480f0d45,Đế Vương x Tướng Quân Mashup,Dunghoangpham,,,,,,,,,not_found,,,https://www.youtube.com/watch?v=l2r1d-ijvEc,pop,apple_music,MISSING_ORIGINAL,HIGH
song_2f637f7626993b03,ĐẾM TỪNG NGÀY TRÔI - Bảo Hân Helia (Official Music Video),Bảo Hân,,,,,,,,,not_found,,,https://www.youtube.com/watch?v=fySR8yp9VdE,pop,apple_music,MISSING_ORIGINAL,HIGH
song_e17ffbd725435be0,Đến Bên Mưa (Remix),Dong Nhi,,,,,,,,,not_found,ZW69DBD0,https://zingmp3.vn/bai-hat/Den-Ben-Mua-Remix-Dong-Nhi/ZW69DBD0.html,,pop|v-pop,apple_music|musicbrainz,MISSING_ORIGINAL,HIGH
song_cd486e3691b72b7e,Để Cho Anh Khóc - Lê Bảo Bình,NhacPro Tube,,,,,,,,,not_found,,,https://www.youtube.com/watch?v=lCRHkMZ35MQ,v-pop,zingmp3,MISSING_ORIGINAL,HIGH
song_afa02ec994d52885,Để em rời xa,Release - Topic,,,,,,,,,not_found,,,https://www.youtube.com/watch?v=5oflAL2_5SQ,rap|rap việt|pop|chanson,apple_music|zingmp3|discogs,MISSING_ORIGINAL,HIGH
song_67c0283de8da72dd,Để Em Rời Xa (Ballad Version),HOÀNG TÔN,,,,,,,,,not_found,,,https://www.youtube.com/watch?v=w4d1WYHfkYU,pop,apple_music,MISSING_ORIGINAL,HIGH
song_661cf04b7e997b9d,Để Em Rời Xa (feat. FBBOIZ),FB GROUP,,,,,,,,,not_found,,,https://www.youtube.com/watch?v=PvLx8v9J32g,rap|rap việt,apple_music|zingmp3,MISSING_ORIGINAL,HIGH
song_59153722963ed5ab,Để Mị Nói Cho Mà Nghe,Hoàng Thùy Linh,,,,,,,,,not_found,,,https://www.youtube.com/watch?v=rzFnxpG-pbc,pop|electronic|v-pop,apple_music|discogs|musicbrainz,MISSING_ORIGINAL,HIGH
song_d3ec2a15205bd788,Độ Ta Không Độ Nàng (Remix),Orinn - Topic,,,,,,,,,not_found,,,https://www.youtube.com/watch?v=V82X1urhzrM,dangdut|dance việt,apple_music|zingmp3,MISSING_ORIGINAL,HIGH
song_0552a12be68836f7,ĐỚP THÍNH CHƯA NÀ? | LIP B x LỤC HUY x ĐỖ HIẾU (Official MV) | Nhạc trẻ HOT TIKTOK 2019,Lip B,,,,,,,,,not_found,,,https://www.youtube.com/watch?v=ZWwN0pMv5ek,house,nhac_vn,MISSING_ORIGINAL,LOW
song_42661a6b4110e0dd,Đời Dạy Tôi,OnlyC Production,,,,,,,,,not_found,,,https://www.youtube.com/watch?v=rGpR_WghlZ8,pop|nhạc phim,apple_music|zingmp3,MISSING_ORIGINAL,HIGH
song_c65bc80315775c5e,Đời Đắng Tình Cay,Tuyết Sương Bolero,,,,,,,,,not_found,Z7O07ZZA,https://zingmp3.vn/bai-hat/Doi-Dang-Tinh-Cay-Tuyet-Suong-Bolero/Z7O07ZZA.html,,pop,apple_music,MISSING_ORIGINAL,HIGH
song_e056ef102b6dd213,Đợi,Vũ Official,,,,,,,,,not_found,,,https://www.youtube.com/watch?v=0_uUNTAwJB0,electronic|trữ tình|pop|folk|world|country|ballad|vietnamese bolero,apple_music|zingmp3|discogs|musicbrainz,MISSING_ORIGINAL,HIGH
song_630e21d5fdeffb2d,Đợi (2023 Version),Vũ Official,,,,,,,,,not_found,,,https://www.youtube.com/watch?v=HbxC51D5WPk,musicals|alternative|house|jazz|pop,apple_music|shazam|qobuz|youtube,MISSING_ORIGINAL,HIGH
song_d1f69b62cf504b03,Đợi Chờ Là Hạnh Phúc - Akira Phan [OFFICIAL MV HD],Akira Phan,,,,,,,,,not_found,,,https://www.youtube.com/watch?v=rr5ZJuRobGU,pop|v-pop,apple_music|zingmp3,MISSING_ORIGINAL,HIGH
song_1c28556fd966d952,"ĐỢI (Special Version) - 52Hz, WEAN ( prod.RIO)",WEAN,,,,,,,,,not_found,,,https://www.youtube.com/watch?v=xgbQxPJwt5k,b việt,zingmp3,MISSING_ORIGINAL,HIGH
song_a360018d3297f984,ĐỢI // VŨ. (ORIGINAL),Vũ Official,,,,,,,,,not_found,,,https://www.youtube.com/watch?v=V6pLnQdGA_c,electronica|pop,apple_music|qobuz,MISSING_ORIGINAL,HIGH
song_6310b77293acd4ff,ĐỦ XA TÌNH SẼ CŨ - JSOL | Official MV 4K,DreamS Entertainment,,,,,,,,,not_found,,,https://www.youtube.com/watch?v=WkS75goz-FM,pop|v-pop|country,apple_music|zingmp3|nhaccuatui,MISSING_ORIGINAL,HIGH
song_1c2aece810afa72c,Đứa Con Tội Lỗi,LÃÂª TĩA¡ÂºÂ¿n,,,,,,,,,not_found,,https://zingmp3.vn/bai-hat/Dua-Con-Toi-Loi-Le-Tien/IWAEC8F6.html,,v-pop|house,zingmp3|shazam,MISSING_ORIGINAL,HIGH
song_6c54fee82e55e2f1,Đứa Con Tội Lỗi,Lê Tiến,,,,,,,,,not_found,,https://zingmp3.vn/bai-hat/Dua-Con-Toi-Loi-Le-Tien/IWAEC8F6.html,,pop|v-pop|folk|world|country,apple_music|zingmp3|discogs,MISSING_ORIGINAL,HIGH
song_85a25f4ef0d93f89,Đức Phúc - Chỉ Một Câu (Official Video),ĐỨC PHÚC OFFICIAL,,,,,,,,,not_found,,,https://www.youtube.com/watch?v=PM3UT8t9Gkk,pop|v-pop|electronic,apple_music|zingmp3|nhac_vn,MISSING_ORIGINAL,HIGH
song_915a87055e692354,Đứng Giữa Ngã Hai,"Lam Chu Min,Cao Thanh Son",,,,,,,,,not_found,ZW6B0I6U,https://zingmp3.vn/bai-hat/Dung-Giua-Nga-Hai-Lam-Chu-Min/ZW6B0I6U.html,,pop|metal,apple_music|qobuz,MISSING_ORIGINAL,HIGH
song_1a140a2f94c1632c,ĐỪNG CHỜ ANH NỮA - TĂNG PHÚC [LIVE],TĂNG PHÚC OFFICIAL,,,,,,,,,not_found,,,https://www.youtube.com/watch?v=B-fgD9rlytY,pop|v-pop,apple_music|zingmp3,MISSING_ORIGINAL,HIGH
song_4d56cbbe26d0df2a,Đừng Cố Bước Đến Bên Anh,Truong Khai Minh,,,,,,,,,not_found,ZW7OW6FF,https://zingmp3.vn/bai-hat/Dung-Co-Buoc-Den-Ben-Anh-Truong-Khai-Minh/ZW7OW6FF.html,,pop,apple_music,MISSING_ORIGINAL,HIGH
song_058df95a3b0a943a,ĐỪNG HẸN KIẾP SAU - ĐÌNH DŨNG | OFFICIAL MUSIC VIDEO,Đình Dũng Official,,,,,,,,,not_found,,,https://www.youtube.com/watch?v=1qgEfVayp5Q,pop|v-pop,apple_music|zingmp3,MISSING_ORIGINAL,HIGH
song_ca0c2a452d1c49a7,Đừng Hẹn Kiếp Sau - Đình Dũng | Thương Võ Cover,THƯƠNG VÕ OFFICIAL,,,,,,,,,not_found,,,https://www.youtube.com/watch?v=nRR2zBM_WWM,v-pop|folk|world|country,zingmp3|discogs,MISSING_ORIGINAL,HIGH
song_ec77a81b6b944f35,ĐỪNG HỎI EM (DON'T ASK ME) | MỸ TÂM,My Tam,,,,,,,,,not_found,,,https://www.youtube.com/watch?v=Z4HivEWoXGE,jazz|funk|soul|pop|ballad|easy listening|v-pop,discogs,MISSING_ORIGINAL,HIGH
song_7302ce29d65be6ba,ĐỪNG HỎI EM (DON'T ASK ME) | MỸ TÂM (Audio),My Tam,,,,,,,,,not_found,,,https://www.youtube.com/watch?v=SNVE42IIY_s,pop|ballad|v-pop,discogs,MISSING_ORIGINAL,HIGH
song_001fa860b33a3c78,Đừng Làm Một Người Giống Như Tôi,Chau Gia Kiet,,,,,,,,,not_found,ZWZCZ69O,https://zingmp3.vn/bai-hat/Dung-Lam-Mot-Nguoi-Giong-Nhu-Toi-Chau-Gia-Kiet/ZWZCZ69O.html,,pop,apple_music,MISSING_ORIGINAL,HIGH
song_8cd7d425c8bf12ec,Đừng Làm Trái Tim Anh Đau,Sơn Tùng M-TP Official,,,,,,,,,not_found,,,https://www.youtube.com/watch?v=7u4g483WTzw,pop|v-pop,apple_music|musicbrainz,MISSING_ORIGINAL,HIGH
song_ed76a1115de9191b,Đừng Ngoảnh Lại - Lưu Hương Giang ft. Suboi ft Cường Seven [Official],POPS MUSIC,,,,,,,,,not_found,,,https://www.youtube.com/watch?v=go1njpQr_m4,pop,apple_music,MISSING_ORIGINAL,HIGH
song_b13b76b4162cb3b9,Đừng Như Cha,Chi Tai,,,,,,,,,not_found,ZW60B7EO,https://zingmp3.vn/bai-hat/Dung-Nhu-Cha-Chi-Tai/ZW60B7EO.html,,hip hop|rap|folk|world|country,apple_music|discogs,MISSING_ORIGINAL,HIGH
song_75252a192d630385,ĐỪNG NÓI | ĐÌNH DŨNG | OFFICIAL MUSIC VIDEO,Nhật Phong,,,,,,,,,not_found,,,https://www.youtube.com/watch?v=3BbcScOuCns,v-pop|latin|pop|folk|world|country|trữ tình|bolero,zingmp3|discogs,MISSING_ORIGINAL,HIGH
song_2a7098a837062630,ĐỪNG RỜI XA TÔI - HOÀNG ROB x ĐỨC PHÚC | OFFICIAL MUSIC VIDEO | SPECIAL PROJECT,ĐỨC PHÚC OFFICIAL,,,,,,,,,not_found,,,https://www.youtube.com/watch?v=OyVa_AsUfI8,pop,apple_music,MISSING_ORIGINAL,HIGH
song_3dc822288da9cd16,ĐỪNG VỀ TRỄ 2 - SUNI HẠ LINH ft. R.TEE | Official M/V,DreamS Entertainment,,,,,,,,,not_found,,,https://www.youtube.com/watch?v=OqGfXoNLSRw,electronic|dub|techno|downtempo|ambient,discogs,MISSING_ORIGINAL,HIGH
song_d31bb208b053781b,Đừng Xa Em Người Ơi,Vina Uyen My,,,,,,,,,not_found,ZW6IAIBB,https://zingmp3.vn/bai-hat/Dung-Xa-Em-Nguoi-Oi-Vina-Uyen-My/ZW6IAIBB.html,,pop|folk|world|country|trữ tình,apple_music|discogs,MISSING_ORIGINAL,HIGH
song_cd917c8e75956c05,ƯỚC GÌ - HANSARA [OFFICIAL MV] - OST ÔNG NGOẠI TUỔI 30,YEAH1 MUSIC,,,,,,,,,not_found,,,https://www.youtube.com/watch?v=WexuRayii2U,pop,apple_music,MISSING_ORIGINAL,HIGH
song_096bde72c4d104cb,ƯỚC MƠ DIỆU KỲ - KHỞI MY (ft BÙI CÔNG NAM) I OFFICIAL MV,Khởi My - Kelvin Khánh Official,,,,,,,,,not_found,,,https://www.youtube.com/watch?v=O5eVNMrbPOw,pop,apple_music,MISSING_ORIGINAL,HIGH
song_ff5f8982f0f7127c,Ầu Ơ Dí Dầu (Prod. T.R.I),"Bill, Cell",,,,,,,,,not_found,ZUO9I7FU,https://zingmp3.vn/bai-hat/Au-O-Di-Dau-Prod-T-R-I-Bill-Cell/ZUO9I7FU.html,,pop,apple_music,MISSING_ORIGINAL,HIGH
song_12c77f20064554c1,Ở Bên Em,Băng Tình,,,,,,,,,not_found,ZWA0AWZC,https://zingmp3.vn/bai-hat/O-Ben-Em-Bang-Tinh/ZWA0AWZC.html,,pop|folk|world|country|trữ tình,apple_music|discogs,MISSING_ORIGINAL,HIGH
song_30035e9df0aeb261,ở nhà một mình - 52Hz (Official MV),52Hz,,,,,,,,,not_found,,,https://www.youtube.com/watch?v=vhqPzk-d934,soul|b việt,apple_music|zingmp3,MISSING_ORIGINAL,HIGH
